modelName,modelPath,sourceLanguages,targetLanguages,sourceLanguage,targetLanguage,modelURL,description,prependTargetLanguage
opus-mt-NORTH_EU-NORTH_EU,Helsinki-NLP/opus-mt-NORTH_EU-NORTH_EU,de nl fy af da fo is no nb nn sv,de nl fy af da fo is no nb nn sv,,,"https://huggingface.co/Helsinki-NLP/opus-mt-NORTH_EU-NORTH_EU, https://github.com/Helsinki-NLP/OPUS-MT-train/blob/master/models/de+nl+fy+af+da+fo+is+no+nb+nn+sv-de+nl+fy+af+da+fo+is+no+nb+nn+sv/README.md",opus-mt-NORTH_EU-NORTH_EU NMT model.,True
opus-mt-ROMANCE-en,Helsinki-NLP/opus-mt-ROMANCE-en,fr fr_BE fr_CA fr_FR wa frp oc ca rm lld fur lij lmo es es_AR es_CL es_CO es_CR es_DO es_EC es_ES es_GT es_HN es_MX es_NI es_PA es_PE es_PR es_SV es_UY es_VE pt pt_br pt_BR pt_PT gl lad an mwl it it_IT co nap scn vec sc ro la,en,,,"https://huggingface.co/Helsinki-NLP/opus-mt-ROMANCE-en, https://github.com/Helsinki-NLP/OPUS-MT-train/blob/master/models/fr+fr_BE+fr_CA+fr_FR+wa+frp+oc+ca+rm+lld+fur+lij+lmo+es+es_AR+es_CL+es_CO+es_CR+es_DO+es_EC+es_ES+es_GT+es_HN+es_MX+es_NI+es_PA+es_PE+es_PR+es_SV+es_UY+es_VE+pt+pt_br+pt_BR+pt_PT+gl+lad+an+mwl+it+it_IT+co+nap+scn+vec+sc+ro+la-en/README.md",opus-mt-ROMANCE-en NMT model.,False
opus-mt-SCANDINAVIA-SCANDINAVIA,Helsinki-NLP/opus-mt-SCANDINAVIA-SCANDINAVIA,da fo is no nb nn sv,da fo is no nb nn sv,,,"https://huggingface.co/Helsinki-NLP/opus-mt-SCANDINAVIA-SCANDINAVIA, https://github.com/Helsinki-NLP/OPUS-MT-train/blob/master/models/da+fo+is+no+nb+nn+sv-da+fo+is+no+nb+nn+sv/README.md",opus-mt-SCANDINAVIA-SCANDINAVIA NMT model.,True
opus-mt-aav-en,Helsinki-NLP/opus-mt-aav-en,hoc hoc_Latn kha khm khm_Latn mnw vie vie_Hani,eng,,,"https://huggingface.co/Helsinki-NLP/opus-mt-aav-en, https://github.com/Helsinki-NLP/Tatoeba-Challenge/tree/master/models/aav-eng/README.md","aav-eng, source group: Austro-Asiatic languages, target group: English NMT model.",False
opus-mt-aed-es,Helsinki-NLP/opus-mt-aed-es,aed,es,,,"https://huggingface.co/Helsinki-NLP/opus-mt-aed-es, https://github.com/Helsinki-NLP/OPUS-MT-train/blob/master/models/aed-es/README.md",opus-mt-aed-es NMT model.,False
opus-mt-af-de,Helsinki-NLP/opus-mt-af-de,af,de,,,"https://huggingface.co/Helsinki-NLP/opus-mt-af-de, https://github.com/Helsinki-NLP/OPUS-MT-train/blob/master/models/af-de/README.md",opus-mt-af-de NMT model.,False
opus-mt-af-en,Helsinki-NLP/opus-mt-af-en,af,en,,,"https://huggingface.co/Helsinki-NLP/opus-mt-af-en, https://github.com/Helsinki-NLP/OPUS-MT-train/blob/master/models/af-en/README.md",opus-mt-af-en NMT model.,False
opus-mt-af-eo,Helsinki-NLP/opus-mt-af-eo,afr,epo,,,"https://huggingface.co/Helsinki-NLP/opus-mt-af-eo, https://github.com/Helsinki-NLP/Tatoeba-Challenge/tree/master/models/afr-epo/README.md","afr-epo, source group: Afrikaans, target group: Esperanto NMT model.",False
opus-mt-af-es,Helsinki-NLP/opus-mt-af-es,afr,spa,,,"https://huggingface.co/Helsinki-NLP/opus-mt-af-es, https://github.com/Helsinki-NLP/Tatoeba-Challenge/tree/master/models/afr-spa/README.md","afr-spa, source group: Afrikaans, target group: Spanish NMT model.",False
opus-mt-af-fi,Helsinki-NLP/opus-mt-af-fi,af,fi,,,"https://huggingface.co/Helsinki-NLP/opus-mt-af-fi, https://github.com/Helsinki-NLP/OPUS-MT-train/blob/master/models/af-fi/README.md",opus-mt-af-fi NMT model.,False
opus-mt-af-fr,Helsinki-NLP/opus-mt-af-fr,af,fr,,,"https://huggingface.co/Helsinki-NLP/opus-mt-af-fr, https://github.com/Helsinki-NLP/OPUS-MT-train/blob/master/models/af-fr/README.md",opus-mt-af-fr NMT model.,False
opus-mt-af-nl,Helsinki-NLP/opus-mt-af-nl,afr,nld,,,"https://huggingface.co/Helsinki-NLP/opus-mt-af-nl, https://github.com/Helsinki-NLP/Tatoeba-Challenge/tree/master/models/afr-nld/README.md","afr-nld, source group: Afrikaans, target group: Dutch NMT model.",False
opus-mt-af-ru,Helsinki-NLP/opus-mt-af-ru,afr,rus,,,"https://huggingface.co/Helsinki-NLP/opus-mt-af-ru, https://github.com/Helsinki-NLP/Tatoeba-Challenge/tree/master/models/afr-rus/README.md","afr-rus, source group: Afrikaans, target group: Russian NMT model.",False
opus-mt-af-sv,Helsinki-NLP/opus-mt-af-sv,af,sv,,,"https://huggingface.co/Helsinki-NLP/opus-mt-af-sv, https://github.com/Helsinki-NLP/OPUS-MT-train/blob/master/models/af-sv/README.md",opus-mt-af-sv NMT model.,False
opus-mt-afa-afa,Helsinki-NLP/opus-mt-afa-afa,apc ara arq arz heb kab mlt shy_Latn thv,apc ara arq arz heb kab mlt shy_Latn thv,,,"https://huggingface.co/Helsinki-NLP/opus-mt-afa-afa, https://github.com/Helsinki-NLP/Tatoeba-Challenge/tree/master/models/afa-afa/README.md","afa-afa, source group: Afro-Asiatic languages, target group: Afro-Asiatic languages NMT model.",True
opus-mt-afa-en,Helsinki-NLP/opus-mt-afa-en,acm afb amh apc ara arq ary arz hau_Latn heb kab mlt rif_Latn shy_Latn som tir,eng,,,"https://huggingface.co/Helsinki-NLP/opus-mt-afa-en, https://github.com/Helsinki-NLP/Tatoeba-Challenge/tree/master/models/afa-eng/README.md","afa-eng, source group: Afro-Asiatic languages, target group: English NMT model.",False
opus-mt-alv-en,Helsinki-NLP/opus-mt-alv-en,ewe fuc fuv ibo kin lin lug nya run sag sna swh toi_Latn tso umb wol xho yor zul,eng,,,"https://huggingface.co/Helsinki-NLP/opus-mt-alv-en, https://github.com/Helsinki-NLP/Tatoeba-Challenge/tree/master/models/alv-eng/README.md","alv-eng, source group: Atlantic-Congo languages, target group: English NMT model.",False
opus-mt-am-sv,Helsinki-NLP/opus-mt-am-sv,am,sv,,,"https://huggingface.co/Helsinki-NLP/opus-mt-am-sv, https://github.com/Helsinki-NLP/OPUS-MT-train/blob/master/models/am-sv/README.md",opus-mt-am-sv NMT model.,False
opus-mt-ar-de,Helsinki-NLP/opus-mt-ar-de,afb apc ara ara_Latn arq arz,deu,,,"https://huggingface.co/Helsinki-NLP/opus-mt-ar-de, https://github.com/Helsinki-NLP/Tatoeba-Challenge/tree/master/models/ara-deu/README.md","ara-deu, source group: Arabic, target group: German NMT model.",False
opus-mt-ar-el,Helsinki-NLP/opus-mt-ar-el,ara arz,ell,,,"https://huggingface.co/Helsinki-NLP/opus-mt-ar-el, https://github.com/Helsinki-NLP/Tatoeba-Challenge/tree/master/models/ara-ell/README.md","ara-ell, source group: Arabic, target group: Modern Greek (1453-) NMT model.",False
opus-mt-ar-en,Helsinki-NLP/opus-mt-ar-en,ar,en,,,"https://huggingface.co/Helsinki-NLP/opus-mt-ar-en, https://github.com/Helsinki-NLP/OPUS-MT-train/blob/master/models/ar-en/README.md",opus-mt-ar-en NMT model.,False
opus-mt-ar-eo,Helsinki-NLP/opus-mt-ar-eo,apc apc_Latn ara arq arq_Latn arz,epo,,,"https://huggingface.co/Helsinki-NLP/opus-mt-ar-eo, https://github.com/Helsinki-NLP/Tatoeba-Challenge/tree/master/models/ara-epo/README.md","ara-epo, source group: Arabic, target group: Esperanto NMT model.",False
opus-mt-ar-es,Helsinki-NLP/opus-mt-ar-es,apc apc_Latn ara arq,spa,,,"https://huggingface.co/Helsinki-NLP/opus-mt-ar-es, https://github.com/Helsinki-NLP/Tatoeba-Challenge/tree/master/models/ara-spa/README.md","ara-spa, source group: Arabic, target group: Spanish NMT model.",False
opus-mt-ar-fr,Helsinki-NLP/opus-mt-ar-fr,ar,fr,,,"https://huggingface.co/Helsinki-NLP/opus-mt-ar-fr, https://github.com/Helsinki-NLP/OPUS-MT-train/blob/master/models/ar-fr/README.md",opus-mt-ar-fr NMT model.,False
opus-mt-ar-he,Helsinki-NLP/opus-mt-ar-he,apc apc_Latn ara arq arz,heb,,,"https://huggingface.co/Helsinki-NLP/opus-mt-ar-he, https://github.com/Helsinki-NLP/Tatoeba-Challenge/tree/master/models/ara-heb/README.md","ara-heb, source group: Arabic, target group: Hebrew NMT model.",False
opus-mt-ar-it,Helsinki-NLP/opus-mt-ar-it,ara,ita,,,"https://huggingface.co/Helsinki-NLP/opus-mt-ar-it, https://github.com/Helsinki-NLP/Tatoeba-Challenge/tree/master/models/ara-ita/README.md","ara-ita, source group: Arabic, target group: Italian NMT model.",False
opus-mt-ar-pl,Helsinki-NLP/opus-mt-ar-pl,ara arz,pol,,,"https://huggingface.co/Helsinki-NLP/opus-mt-ar-pl, https://github.com/Helsinki-NLP/Tatoeba-Challenge/tree/master/models/ara-pol/README.md","ara-pol, source group: Arabic, target group: Polish NMT model.",False
opus-mt-ar-ru,Helsinki-NLP/opus-mt-ar-ru,apc ara arz,rus,,,"https://huggingface.co/Helsinki-NLP/opus-mt-ar-ru, https://github.com/Helsinki-NLP/Tatoeba-Challenge/tree/master/models/ara-rus/README.md","ara-rus, source group: Arabic, target group: Russian NMT model.",False
opus-mt-ar-tr,Helsinki-NLP/opus-mt-ar-tr,apc_Latn ara ara_Latn arq_Latn,tur,,,"https://huggingface.co/Helsinki-NLP/opus-mt-ar-tr, https://github.com/Helsinki-NLP/Tatoeba-Challenge/tree/master/models/ara-tur/README.md","ara-tur, source group: Arabic, target group: Turkish NMT model.",False
opus-mt-art-en,Helsinki-NLP/opus-mt-art-en,afh_Latn avk_Latn dws_Latn epo ido ido_Latn ile_Latn ina_Latn jbo jbo_Cyrl jbo_Latn ldn_Latn lfn_Cyrl lfn_Latn nov_Latn qya qya_Latn sjn_Latn tlh_Latn tzl tzl_Latn vol_Latn,eng,,,"https://huggingface.co/Helsinki-NLP/opus-mt-art-en, https://github.com/Helsinki-NLP/Tatoeba-Challenge/tree/master/models/art-eng/README.md","art-eng, source group: Artificial languages, target group: English NMT model.",False
opus-mt-ase-de,Helsinki-NLP/opus-mt-ase-de,ase,de,,,"https://huggingface.co/Helsinki-NLP/opus-mt-ase-de, https://github.com/Helsinki-NLP/OPUS-MT-train/blob/master/models/ase-de/README.md",opus-mt-ase-de NMT model.,False
opus-mt-ase-en,Helsinki-NLP/opus-mt-ase-en,ase,en,,,"https://huggingface.co/Helsinki-NLP/opus-mt-ase-en, https://github.com/Helsinki-NLP/OPUS-MT-train/blob/master/models/ase-en/README.md",opus-mt-ase-en NMT model.,False
opus-mt-ase-es,Helsinki-NLP/opus-mt-ase-es,ase,es,,,"https://huggingface.co/Helsinki-NLP/opus-mt-ase-es, https://github.com/Helsinki-NLP/OPUS-MT-train/blob/master/models/ase-es/README.md",opus-mt-ase-es NMT model.,False
opus-mt-ase-fr,Helsinki-NLP/opus-mt-ase-fr,ase,fr,,,"https://huggingface.co/Helsinki-NLP/opus-mt-ase-fr, https://github.com/Helsinki-NLP/OPUS-MT-train/blob/master/models/ase-fr/README.md",opus-mt-ase-fr NMT model.,False
opus-mt-ase-sv,Helsinki-NLP/opus-mt-ase-sv,ase,sv,,,"https://huggingface.co/Helsinki-NLP/opus-mt-ase-sv, https://github.com/Helsinki-NLP/OPUS-MT-train/blob/master/models/ase-sv/README.md",opus-mt-ase-sv NMT model.,False
opus-mt-az-en,Helsinki-NLP/opus-mt-az-en,aze_Latn,eng,,,"https://huggingface.co/Helsinki-NLP/opus-mt-az-en, https://github.com/Helsinki-NLP/Tatoeba-Challenge/tree/master/models/aze-eng/README.md","aze-eng, source group: Azerbaijani, target group: English NMT model.",False
opus-mt-az-es,Helsinki-NLP/opus-mt-az-es,aze_Latn,spa,,,"https://huggingface.co/Helsinki-NLP/opus-mt-az-es, https://github.com/Helsinki-NLP/Tatoeba-Challenge/tree/master/models/aze-spa/README.md","aze-spa, source group: Azerbaijani, target group: Spanish NMT model.",False
opus-mt-az-tr,Helsinki-NLP/opus-mt-az-tr,aze_Latn,tur,,,"https://huggingface.co/Helsinki-NLP/opus-mt-az-tr, https://github.com/Helsinki-NLP/Tatoeba-Challenge/tree/master/models/aze-tur/README.md","aze-tur, source group: Azerbaijani, target group: Turkish NMT model.",False
opus-mt-bat-en,Helsinki-NLP/opus-mt-bat-en,lav lit ltg prg_Latn sgs,eng,,,"https://huggingface.co/Helsinki-NLP/opus-mt-bat-en, https://github.com/Helsinki-NLP/Tatoeba-Challenge/tree/master/models/bat-eng/README.md","bat-eng, source group: Baltic languages, target group: English NMT model.",False
opus-mt-bcl-de,Helsinki-NLP/opus-mt-bcl-de,bcl,de,,,"https://huggingface.co/Helsinki-NLP/opus-mt-bcl-de, https://github.com/Helsinki-NLP/OPUS-MT-train/blob/master/models/bcl-de/README.md",opus-mt-bcl-de NMT model.,False
opus-mt-bcl-en,Helsinki-NLP/opus-mt-bcl-en,bcl,en,,,"https://huggingface.co/Helsinki-NLP/opus-mt-bcl-en, https://github.com/Helsinki-NLP/OPUS-MT-train/blob/master/models/bcl-en/README.md",opus-mt-bcl-en NMT model.,False
opus-mt-bcl-es,Helsinki-NLP/opus-mt-bcl-es,bcl,es,,,"https://huggingface.co/Helsinki-NLP/opus-mt-bcl-es, https://github.com/Helsinki-NLP/OPUS-MT-train/blob/master/models/bcl-es/README.md",opus-mt-bcl-es NMT model.,False
opus-mt-bcl-fi,Helsinki-NLP/opus-mt-bcl-fi,bcl,fi,,,"https://huggingface.co/Helsinki-NLP/opus-mt-bcl-fi, https://github.com/Helsinki-NLP/OPUS-MT-train/blob/master/models/bcl-fi/README.md",opus-mt-bcl-fi NMT model.,False
opus-mt-bcl-fr,Helsinki-NLP/opus-mt-bcl-fr,bcl,fr,,,"https://huggingface.co/Helsinki-NLP/opus-mt-bcl-fr, https://github.com/Helsinki-NLP/OPUS-MT-train/blob/master/models/bcl-fr/README.md",opus-mt-bcl-fr NMT model.,False
opus-mt-bcl-sv,Helsinki-NLP/opus-mt-bcl-sv,bcl,sv,,,"https://huggingface.co/Helsinki-NLP/opus-mt-bcl-sv, https://github.com/Helsinki-NLP/OPUS-MT-train/blob/master/models/bcl-sv/README.md",opus-mt-bcl-sv NMT model.,False
opus-mt-be-es,Helsinki-NLP/opus-mt-be-es,bel bel_Latn,spa,,,"https://huggingface.co/Helsinki-NLP/opus-mt-be-es, https://github.com/Helsinki-NLP/Tatoeba-Challenge/tree/master/models/bel-spa/README.md","bel-spa, source group: Belarusian, target group: Spanish NMT model.",False
opus-mt-bem-en,Helsinki-NLP/opus-mt-bem-en,bem,en,,,"https://huggingface.co/Helsinki-NLP/opus-mt-bem-en, https://github.com/Helsinki-NLP/OPUS-MT-train/blob/master/models/bem-en/README.md",opus-mt-bem-en NMT model.,False
opus-mt-bem-es,Helsinki-NLP/opus-mt-bem-es,bem,es,,,"https://huggingface.co/Helsinki-NLP/opus-mt-bem-es, https://github.com/Helsinki-NLP/OPUS-MT-train/blob/master/models/bem-es/README.md",opus-mt-bem-es NMT model.,False
opus-mt-bem-fi,Helsinki-NLP/opus-mt-bem-fi,bem,fi,,,"https://huggingface.co/Helsinki-NLP/opus-mt-bem-fi, https://github.com/Helsinki-NLP/OPUS-MT-train/blob/master/models/bem-fi/README.md",opus-mt-bem-fi NMT model.,False
opus-mt-bem-fr,Helsinki-NLP/opus-mt-bem-fr,bem,fr,,,"https://huggingface.co/Helsinki-NLP/opus-mt-bem-fr, https://github.com/Helsinki-NLP/OPUS-MT-train/blob/master/models/bem-fr/README.md",opus-mt-bem-fr NMT model.,False
opus-mt-bem-sv,Helsinki-NLP/opus-mt-bem-sv,bem,sv,,,"https://huggingface.co/Helsinki-NLP/opus-mt-bem-sv, https://github.com/Helsinki-NLP/OPUS-MT-train/blob/master/models/bem-sv/README.md",opus-mt-bem-sv NMT model.,False
opus-mt-ber-en,Helsinki-NLP/opus-mt-ber-en,ber,en,,,"https://huggingface.co/Helsinki-NLP/opus-mt-ber-en, https://github.com/Helsinki-NLP/OPUS-MT-train/blob/master/models/ber-en/README.md",opus-mt-ber-en NMT model.,False
opus-mt-ber-es,Helsinki-NLP/opus-mt-ber-es,ber,es,,,"https://huggingface.co/Helsinki-NLP/opus-mt-ber-es, https://github.com/Helsinki-NLP/OPUS-MT-train/blob/master/models/ber-es/README.md",opus-mt-ber-es NMT model.,False
opus-mt-ber-fr,Helsinki-NLP/opus-mt-ber-fr,ber,fr,,,"https://huggingface.co/Helsinki-NLP/opus-mt-ber-fr, https://github.com/Helsinki-NLP/OPUS-MT-train/blob/master/models/ber-fr/README.md",opus-mt-ber-fr NMT model.,False
opus-mt-bg-de,Helsinki-NLP/opus-mt-bg-de,bul,deu,,,"https://huggingface.co/Helsinki-NLP/opus-mt-bg-de, https://github.com/Helsinki-NLP/Tatoeba-Challenge/tree/master/models/bul-deu/README.md","bul-deu, source group: Bulgarian, target group: German NMT model.",False
opus-mt-bg-en,Helsinki-NLP/opus-mt-bg-en,bg,en,,,"https://huggingface.co/Helsinki-NLP/opus-mt-bg-en, https://github.com/Helsinki-NLP/OPUS-MT-train/blob/master/models/bg-en/README.md",opus-mt-bg-en NMT model.,False
opus-mt-bg-eo,Helsinki-NLP/opus-mt-bg-eo,bul,epo,,,"https://huggingface.co/Helsinki-NLP/opus-mt-bg-eo, https://github.com/Helsinki-NLP/Tatoeba-Challenge/tree/master/models/bul-epo/README.md","bul-epo, source group: Bulgarian, target group: Esperanto NMT model.",False
opus-mt-bg-es,Helsinki-NLP/opus-mt-bg-es,bul,spa,,,"https://huggingface.co/Helsinki-NLP/opus-mt-bg-es, https://github.com/Helsinki-NLP/Tatoeba-Challenge/tree/master/models/bul-spa/README.md","bul-spa, source group: Bulgarian, target group: Spanish NMT model.",False
opus-mt-bg-fi,Helsinki-NLP/opus-mt-bg-fi,bg,fi,,,"https://huggingface.co/Helsinki-NLP/opus-mt-bg-fi, https://github.com/Helsinki-NLP/OPUS-MT-train/blob/master/models/bg-fi/README.md",opus-mt-bg-fi NMT model.,False
opus-mt-bg-fr,Helsinki-NLP/opus-mt-bg-fr,bul,fra,,,"https://huggingface.co/Helsinki-NLP/opus-mt-bg-fr, https://github.com/Helsinki-NLP/Tatoeba-Challenge/tree/master/models/bul-fra/README.md","bul-fra, source group: Bulgarian, target group: French NMT model.",False
opus-mt-bg-it,Helsinki-NLP/opus-mt-bg-it,bul,ita,,,"https://huggingface.co/Helsinki-NLP/opus-mt-bg-it, https://github.com/Helsinki-NLP/Tatoeba-Challenge/tree/master/models/bul-ita/README.md","bul-ita, source group: Bulgarian, target group: Italian NMT model.",False
opus-mt-bg-ru,Helsinki-NLP/opus-mt-bg-ru,bul bul_Latn,rus,,,"https://huggingface.co/Helsinki-NLP/opus-mt-bg-ru, https://github.com/Helsinki-NLP/Tatoeba-Challenge/tree/master/models/bul-rus/README.md","bul-rus, source group: Bulgarian, target group: Russian NMT model.",False
opus-mt-bg-sv,Helsinki-NLP/opus-mt-bg-sv,bg,sv,,,"https://huggingface.co/Helsinki-NLP/opus-mt-bg-sv, https://github.com/Helsinki-NLP/OPUS-MT-train/blob/master/models/bg-sv/README.md",opus-mt-bg-sv NMT model.,False
opus-mt-bg-tr,Helsinki-NLP/opus-mt-bg-tr,bul bul_Latn,tur,,,"https://huggingface.co/Helsinki-NLP/opus-mt-bg-tr, https://github.com/Helsinki-NLP/Tatoeba-Challenge/tree/master/models/bul-tur/README.md","bul-tur, source group: Bulgarian, target group: Turkish NMT model.",False
opus-mt-bg-uk,Helsinki-NLP/opus-mt-bg-uk,bul,ukr,,,"https://huggingface.co/Helsinki-NLP/opus-mt-bg-uk, https://github.com/Helsinki-NLP/Tatoeba-Challenge/tree/master/models/bul-ukr/README.md","bul-ukr, source group: Bulgarian, target group: Ukrainian NMT model.",False
opus-mt-bi-en,Helsinki-NLP/opus-mt-bi-en,bi,en,,,"https://huggingface.co/Helsinki-NLP/opus-mt-bi-en, https://github.com/Helsinki-NLP/OPUS-MT-train/blob/master/models/bi-en/README.md",opus-mt-bi-en NMT model.,False
opus-mt-bi-es,Helsinki-NLP/opus-mt-bi-es,bi,es,,,"https://huggingface.co/Helsinki-NLP/opus-mt-bi-es, https://github.com/Helsinki-NLP/OPUS-MT-train/blob/master/models/bi-es/README.md",opus-mt-bi-es NMT model.,False
opus-mt-bi-fr,Helsinki-NLP/opus-mt-bi-fr,bi,fr,,,"https://huggingface.co/Helsinki-NLP/opus-mt-bi-fr, https://github.com/Helsinki-NLP/OPUS-MT-train/blob/master/models/bi-fr/README.md",opus-mt-bi-fr NMT model.,False
opus-mt-bi-sv,Helsinki-NLP/opus-mt-bi-sv,bi,sv,,,"https://huggingface.co/Helsinki-NLP/opus-mt-bi-sv, https://github.com/Helsinki-NLP/OPUS-MT-train/blob/master/models/bi-sv/README.md",opus-mt-bi-sv NMT model.,False
opus-mt-bn-en,Helsinki-NLP/opus-mt-bn-en,ben,eng,,,"https://huggingface.co/Helsinki-NLP/opus-mt-bn-en, https://github.com/Helsinki-NLP/Tatoeba-Challenge/tree/master/models/ben-eng/README.md","ben-eng, source group: Bengali, target group: English NMT model.",False
opus-mt-bnt-en,Helsinki-NLP/opus-mt-bnt-en,kin lin lug nya run sna swh toi_Latn tso umb xho zul,eng,,,"https://huggingface.co/Helsinki-NLP/opus-mt-bnt-en, https://github.com/Helsinki-NLP/Tatoeba-Challenge/tree/master/models/bnt-eng/README.md","bnt-eng, source group: Bantu languages, target group: English NMT model.",False
opus-mt-bzs-en,Helsinki-NLP/opus-mt-bzs-en,bzs,en,,,"https://huggingface.co/Helsinki-NLP/opus-mt-bzs-en, https://github.com/Helsinki-NLP/OPUS-MT-train/blob/master/models/bzs-en/README.md",opus-mt-bzs-en NMT model.,False
opus-mt-bzs-es,Helsinki-NLP/opus-mt-bzs-es,bzs,es,,,"https://huggingface.co/Helsinki-NLP/opus-mt-bzs-es, https://github.com/Helsinki-NLP/OPUS-MT-train/blob/master/models/bzs-es/README.md",opus-mt-bzs-es NMT model.,False
opus-mt-bzs-fi,Helsinki-NLP/opus-mt-bzs-fi,bzs,fi,,,"https://huggingface.co/Helsinki-NLP/opus-mt-bzs-fi, https://github.com/Helsinki-NLP/OPUS-MT-train/blob/master/models/bzs-fi/README.md",opus-mt-bzs-fi NMT model.,False
opus-mt-bzs-fr,Helsinki-NLP/opus-mt-bzs-fr,bzs,fr,,,"https://huggingface.co/Helsinki-NLP/opus-mt-bzs-fr, https://github.com/Helsinki-NLP/OPUS-MT-train/blob/master/models/bzs-fr/README.md",opus-mt-bzs-fr NMT model.,False
opus-mt-bzs-sv,Helsinki-NLP/opus-mt-bzs-sv,bzs,sv,,,"https://huggingface.co/Helsinki-NLP/opus-mt-bzs-sv, https://github.com/Helsinki-NLP/OPUS-MT-train/blob/master/models/bzs-sv/README.md",opus-mt-bzs-sv NMT model.,False
opus-mt-ca-de,Helsinki-NLP/opus-mt-ca-de,cat,deu,,,"https://huggingface.co/Helsinki-NLP/opus-mt-ca-de, https://github.com/Helsinki-NLP/Tatoeba-Challenge/tree/master/models/cat-deu/README.md","cat-deu, source group: Catalan, target group: German NMT model.",False
opus-mt-ca-en,Helsinki-NLP/opus-mt-ca-en,ca,en,,,"https://huggingface.co/Helsinki-NLP/opus-mt-ca-en, https://github.com/Helsinki-NLP/OPUS-MT-train/blob/master/models/ca-en/README.md",opus-mt-ca-en NMT model.,False
opus-mt-ca-es,Helsinki-NLP/opus-mt-ca-es,ca,es,,,"https://huggingface.co/Helsinki-NLP/opus-mt-ca-es, https://github.com/Helsinki-NLP/OPUS-MT-train/blob/master/models/ca-es/README.md",opus-mt-ca-es NMT model.,False
opus-mt-ca-fr,Helsinki-NLP/opus-mt-ca-fr,cat,fra,,,"https://huggingface.co/Helsinki-NLP/opus-mt-ca-fr, https://github.com/Helsinki-NLP/Tatoeba-Challenge/tree/master/models/cat-fra/README.md","cat-fra, source group: Catalan, target group: French NMT model.",False
opus-mt-ca-it,Helsinki-NLP/opus-mt-ca-it,cat,ita,,,"https://huggingface.co/Helsinki-NLP/opus-mt-ca-it, https://github.com/Helsinki-NLP/Tatoeba-Challenge/tree/master/models/cat-ita/README.md","cat-ita, source group: Catalan, target group: Italian NMT model.",False
opus-mt-ca-nl,Helsinki-NLP/opus-mt-ca-nl,cat,nld,,,"https://huggingface.co/Helsinki-NLP/opus-mt-ca-nl, https://github.com/Helsinki-NLP/Tatoeba-Challenge/tree/master/models/cat-nld/README.md","cat-nld, source group: Catalan, target group: Dutch NMT model.",False
opus-mt-ca-pt,Helsinki-NLP/opus-mt-ca-pt,cat,por,,,"https://huggingface.co/Helsinki-NLP/opus-mt-ca-pt, https://github.com/Helsinki-NLP/Tatoeba-Challenge/tree/master/models/cat-por/README.md","cat-por, source group: Catalan, target group: Portuguese NMT model.",False
opus-mt-ca-uk,Helsinki-NLP/opus-mt-ca-uk,cat,ukr,,,"https://huggingface.co/Helsinki-NLP/opus-mt-ca-uk, https://github.com/Helsinki-NLP/Tatoeba-Challenge/tree/master/models/cat-ukr/README.md","cat-ukr, source group: Catalan, target group: Ukrainian NMT model.",False
opus-mt-cau-en,Helsinki-NLP/opus-mt-cau-en,abk ady che kat,eng,,,"https://huggingface.co/Helsinki-NLP/opus-mt-cau-en, https://github.com/Helsinki-NLP/Tatoeba-Challenge/tree/master/models/cau-eng/README.md","cau-eng, source group: Caucasian languages, target group: English NMT model.",False
opus-mt-ccs-en,Helsinki-NLP/opus-mt-ccs-en,kat,eng,,,"https://huggingface.co/Helsinki-NLP/opus-mt-ccs-en, https://github.com/Helsinki-NLP/Tatoeba-Challenge/tree/master/models/ccs-eng/README.md","ccs-eng, source group: South Caucasian languages, target group: English NMT model.",False
opus-mt-ceb-en,Helsinki-NLP/opus-mt-ceb-en,ceb,eng,,,"https://huggingface.co/Helsinki-NLP/opus-mt-ceb-en, https://github.com/Helsinki-NLP/Tatoeba-Challenge/tree/master/models/ceb-eng/README.md","ceb-eng, source group: Cebuano, target group: English NMT model.",False
opus-mt-ceb-es,Helsinki-NLP/opus-mt-ceb-es,ceb,es,,,"https://huggingface.co/Helsinki-NLP/opus-mt-ceb-es, https://github.com/Helsinki-NLP/OPUS-MT-train/blob/master/models/ceb-es/README.md",opus-mt-ceb-es NMT model.,False
opus-mt-ceb-fi,Helsinki-NLP/opus-mt-ceb-fi,ceb,fi,,,"https://huggingface.co/Helsinki-NLP/opus-mt-ceb-fi, https://github.com/Helsinki-NLP/OPUS-MT-train/blob/master/models/ceb-fi/README.md",opus-mt-ceb-fi NMT model.,False
opus-mt-ceb-fr,Helsinki-NLP/opus-mt-ceb-fr,ceb,fr,,,"https://huggingface.co/Helsinki-NLP/opus-mt-ceb-fr, https://github.com/Helsinki-NLP/OPUS-MT-train/blob/master/models/ceb-fr/README.md",opus-mt-ceb-fr NMT model.,False
opus-mt-ceb-sv,Helsinki-NLP/opus-mt-ceb-sv,ceb,sv,,,"https://huggingface.co/Helsinki-NLP/opus-mt-ceb-sv, https://github.com/Helsinki-NLP/OPUS-MT-train/blob/master/models/ceb-sv/README.md",opus-mt-ceb-sv NMT model.,False
opus-mt-cel-en,Helsinki-NLP/opus-mt-cel-en,bre cor cym gla gle glv,eng,,,"https://huggingface.co/Helsinki-NLP/opus-mt-cel-en, https://github.com/Helsinki-NLP/Tatoeba-Challenge/tree/master/models/cel-eng/README.md","cel-eng, source group: Celtic languages, target group: English NMT model.",False
opus-mt-chk-en,Helsinki-NLP/opus-mt-chk-en,chk,en,,,"https://huggingface.co/Helsinki-NLP/opus-mt-chk-en, https://github.com/Helsinki-NLP/OPUS-MT-train/blob/master/models/chk-en/README.md",opus-mt-chk-en NMT model.,False
opus-mt-chk-es,Helsinki-NLP/opus-mt-chk-es,chk,es,,,"https://huggingface.co/Helsinki-NLP/opus-mt-chk-es, https://github.com/Helsinki-NLP/OPUS-MT-train/blob/master/models/chk-es/README.md",opus-mt-chk-es NMT model.,False
opus-mt-chk-fr,Helsinki-NLP/opus-mt-chk-fr,chk,fr,,,"https://huggingface.co/Helsinki-NLP/opus-mt-chk-fr, https://github.com/Helsinki-NLP/OPUS-MT-train/blob/master/models/chk-fr/README.md",opus-mt-chk-fr NMT model.,False
opus-mt-chk-sv,Helsinki-NLP/opus-mt-chk-sv,chk,sv,,,"https://huggingface.co/Helsinki-NLP/opus-mt-chk-sv, https://github.com/Helsinki-NLP/OPUS-MT-train/blob/master/models/chk-sv/README.md",opus-mt-chk-sv NMT model.,False
opus-mt-cpf-en,Helsinki-NLP/opus-mt-cpf-en,gcf_Latn hat mfe,eng,,,"https://huggingface.co/Helsinki-NLP/opus-mt-cpf-en, https://github.com/Helsinki-NLP/Tatoeba-Challenge/tree/master/models/cpf-eng/README.md","cpf-eng, source group: Creoles and pidgins, French‑based, target group: English NMT model.",False
opus-mt-cpp-cpp,Helsinki-NLP/opus-mt-cpp-cpp,ind pap,ind pap,,,"https://huggingface.co/Helsinki-NLP/opus-mt-cpp-cpp, https://github.com/Helsinki-NLP/Tatoeba-Challenge/tree/master/models/cpp-cpp/README.md","cpp-cpp, source group: Creoles and pidgins, Portuguese-based, target group: Creoles and pidgins, Portuguese-based NMT model.",True
opus-mt-cpp-en,Helsinki-NLP/opus-mt-cpp-en,ind max_Latn min pap tmw_Latn zlm_Latn zsm_Latn,eng,,,"https://huggingface.co/Helsinki-NLP/opus-mt-cpp-en, https://github.com/Helsinki-NLP/Tatoeba-Challenge/tree/master/models/cpp-eng/README.md","cpp-eng, source group: Creoles and pidgins, Portuguese-based, target group: English NMT model.",False
opus-mt-crs-de,Helsinki-NLP/opus-mt-crs-de,crs,de,,,"https://huggingface.co/Helsinki-NLP/opus-mt-crs-de, https://github.com/Helsinki-NLP/OPUS-MT-train/blob/master/models/crs-de/README.md",opus-mt-crs-de NMT model.,False
opus-mt-crs-en,Helsinki-NLP/opus-mt-crs-en,crs,en,,,"https://huggingface.co/Helsinki-NLP/opus-mt-crs-en, https://github.com/Helsinki-NLP/OPUS-MT-train/blob/master/models/crs-en/README.md",opus-mt-crs-en NMT model.,False
opus-mt-crs-es,Helsinki-NLP/opus-mt-crs-es,crs,es,,,"https://huggingface.co/Helsinki-NLP/opus-mt-crs-es, https://github.com/Helsinki-NLP/OPUS-MT-train/blob/master/models/crs-es/README.md",opus-mt-crs-es NMT model.,False
opus-mt-crs-fi,Helsinki-NLP/opus-mt-crs-fi,crs,fi,,,"https://huggingface.co/Helsinki-NLP/opus-mt-crs-fi, https://github.com/Helsinki-NLP/OPUS-MT-train/blob/master/models/crs-fi/README.md",opus-mt-crs-fi NMT model.,False
opus-mt-crs-fr,Helsinki-NLP/opus-mt-crs-fr,crs,fr,,,"https://huggingface.co/Helsinki-NLP/opus-mt-crs-fr, https://github.com/Helsinki-NLP/OPUS-MT-train/blob/master/models/crs-fr/README.md",opus-mt-crs-fr NMT model.,False
opus-mt-crs-sv,Helsinki-NLP/opus-mt-crs-sv,crs,sv,,,"https://huggingface.co/Helsinki-NLP/opus-mt-crs-sv, https://github.com/Helsinki-NLP/OPUS-MT-train/blob/master/models/crs-sv/README.md",opus-mt-crs-sv NMT model.,False
opus-mt-cs-de,Helsinki-NLP/opus-mt-cs-de,cs,de,,,"https://huggingface.co/Helsinki-NLP/opus-mt-cs-de, https://github.com/Helsinki-NLP/OPUS-MT-train/blob/master/models/cs-de/README.md",opus-mt-cs-de NMT model.,False
opus-mt-cs-en,Helsinki-NLP/opus-mt-cs-en,cs,en,,,"https://huggingface.co/Helsinki-NLP/opus-mt-cs-en, https://github.com/Helsinki-NLP/OPUS-MT-train/blob/master/models/cs-en/README.md",opus-mt-cs-en NMT model.,False
opus-mt-cs-eo,Helsinki-NLP/opus-mt-cs-eo,ces,epo,,,"https://huggingface.co/Helsinki-NLP/opus-mt-cs-eo, https://github.com/Helsinki-NLP/Tatoeba-Challenge/tree/master/models/ces-epo/README.md","ces-epo, source group: Czech, target group: Esperanto NMT model.",False
opus-mt-cs-fi,Helsinki-NLP/opus-mt-cs-fi,cs,fi,,,"https://huggingface.co/Helsinki-NLP/opus-mt-cs-fi, https://github.com/Helsinki-NLP/OPUS-MT-train/blob/master/models/cs-fi/README.md",opus-mt-cs-fi NMT model.,False
opus-mt-cs-fr,Helsinki-NLP/opus-mt-cs-fr,cs,fr,,,"https://huggingface.co/Helsinki-NLP/opus-mt-cs-fr, https://github.com/Helsinki-NLP/OPUS-MT-train/blob/master/models/cs-fr/README.md",opus-mt-cs-fr NMT model.,False
opus-mt-cs-sv,Helsinki-NLP/opus-mt-cs-sv,cs,sv,,,"https://huggingface.co/Helsinki-NLP/opus-mt-cs-sv, https://github.com/Helsinki-NLP/OPUS-MT-train/blob/master/models/cs-sv/README.md",opus-mt-cs-sv NMT model.,False
opus-mt-cs-uk,Helsinki-NLP/opus-mt-cs-uk,ces,ukr,,,"https://huggingface.co/Helsinki-NLP/opus-mt-cs-uk, https://github.com/Helsinki-NLP/Tatoeba-Challenge/tree/master/models/ces-ukr/README.md","ces-ukr, source group: Czech, target group: Ukrainian NMT model.",False
opus-mt-csg-es,Helsinki-NLP/opus-mt-csg-es,csg,es,,,"https://huggingface.co/Helsinki-NLP/opus-mt-csg-es, https://github.com/Helsinki-NLP/OPUS-MT-train/blob/master/models/csg-es/README.md",opus-mt-csg-es NMT model.,False
opus-mt-csn-es,Helsinki-NLP/opus-mt-csn-es,csn,es,,,"https://huggingface.co/Helsinki-NLP/opus-mt-csn-es, https://github.com/Helsinki-NLP/OPUS-MT-train/blob/master/models/csn-es/README.md",opus-mt-csn-es NMT model.,False
opus-mt-cus-en,Helsinki-NLP/opus-mt-cus-en,som,eng,,,"https://huggingface.co/Helsinki-NLP/opus-mt-cus-en, https://github.com/Helsinki-NLP/Tatoeba-Challenge/tree/master/models/cus-eng/README.md","cus-eng, source group: Cushitic languages, target group: English NMT model.",False
opus-mt-cy-en,Helsinki-NLP/opus-mt-cy-en,cy,en,,,"https://huggingface.co/Helsinki-NLP/opus-mt-cy-en, https://github.com/Helsinki-NLP/OPUS-MT-train/blob/master/models/cy-en/README.md",opus-mt-cy-en NMT model.,False
opus-mt-da-de,Helsinki-NLP/opus-mt-da-de,da,de,,,"https://huggingface.co/Helsinki-NLP/opus-mt-da-de, https://github.com/Helsinki-NLP/OPUS-MT-train/blob/master/models/da-de/README.md",opus-mt-da-de NMT model.,False
opus-mt-da-en,Helsinki-NLP/opus-mt-da-en,da,en,,,"https://huggingface.co/Helsinki-NLP/opus-mt-da-en, https://github.com/Helsinki-NLP/OPUS-MT-train/blob/master/models/da-en/README.md",opus-mt-da-en NMT model.,False
opus-mt-da-eo,Helsinki-NLP/opus-mt-da-eo,dan,epo,,,"https://huggingface.co/Helsinki-NLP/opus-mt-da-eo, https://github.com/Helsinki-NLP/Tatoeba-Challenge/tree/master/models/dan-epo/README.md","dan-epo, source group: Danish, target group: Esperanto NMT model.",False
opus-mt-da-es,Helsinki-NLP/opus-mt-da-es,da,es,,,"https://huggingface.co/Helsinki-NLP/opus-mt-da-es, https://github.com/Helsinki-NLP/OPUS-MT-train/blob/master/models/da-es/README.md",opus-mt-da-es NMT model.,False
opus-mt-da-fi,Helsinki-NLP/opus-mt-da-fi,da,fi,,,"https://huggingface.co/Helsinki-NLP/opus-mt-da-fi, https://github.com/Helsinki-NLP/OPUS-MT-train/blob/master/models/da-fi/README.md",opus-mt-da-fi NMT model.,False
opus-mt-da-fr,Helsinki-NLP/opus-mt-da-fr,da,fr,,,"https://huggingface.co/Helsinki-NLP/opus-mt-da-fr, https://github.com/Helsinki-NLP/OPUS-MT-train/blob/master/models/da-fr/README.md",opus-mt-da-fr NMT model.,False
opus-mt-da-no,Helsinki-NLP/opus-mt-da-no,dan,nno nob,,,"https://huggingface.co/Helsinki-NLP/opus-mt-da-no, https://github.com/Helsinki-NLP/Tatoeba-Challenge/tree/master/models/dan-nor/README.md","dan-nor, source group: Danish, target group: Norwegian NMT model.",True
opus-mt-da-ru,Helsinki-NLP/opus-mt-da-ru,dan,rus,,,"https://huggingface.co/Helsinki-NLP/opus-mt-da-ru, https://github.com/Helsinki-NLP/Tatoeba-Challenge/tree/master/models/dan-rus/README.md","dan-rus, source group: Danish, target group: Russian NMT model.",False
opus-mt-de-ZH,Helsinki-NLP/opus-mt-de-ZH,de,cmn cn yue ze_zh zh_cn zh_CN zh_HK zh_tw zh_TW zh_yue zhs zht zh,,,"https://huggingface.co/Helsinki-NLP/opus-mt-de-ZH, https://github.com/Helsinki-NLP/OPUS-MT-train/blob/master/models/de-cmn+cn+yue+ze_zh+zh_cn+zh_CN+zh_HK+zh_tw+zh_TW+zh_yue+zhs+zht+zh/README.md",opus-mt-de-ZH NMT model.,True
opus-mt-de-af,Helsinki-NLP/opus-mt-de-af,deu,afr,,,"https://huggingface.co/Helsinki-NLP/opus-mt-de-af, https://github.com/Helsinki-NLP/Tatoeba-Challenge/tree/master/models/deu-afr/README.md","deu-afr, source group: German, target group: Afrikaans NMT model.",False
opus-mt-de-ar,Helsinki-NLP/opus-mt-de-ar,deu,afb apc ara ara_Latn arq arz,,,"https://huggingface.co/Helsinki-NLP/opus-mt-de-ar, https://github.com/Helsinki-NLP/Tatoeba-Challenge/tree/master/models/deu-ara/README.md","deu-ara, source group: German, target group: Arabic NMT model.",True
opus-mt-de-ase,Helsinki-NLP/opus-mt-de-ase,de,ase,,,"https://huggingface.co/Helsinki-NLP/opus-mt-de-ase, https://github.com/Helsinki-NLP/OPUS-MT-train/blob/master/models/de-ase/README.md",opus-mt-de-ase NMT model.,False
opus-mt-de-bcl,Helsinki-NLP/opus-mt-de-bcl,de,bcl,,,"https://huggingface.co/Helsinki-NLP/opus-mt-de-bcl, https://github.com/Helsinki-NLP/OPUS-MT-train/blob/master/models/de-bcl/README.md",opus-mt-de-bcl NMT model.,False
opus-mt-de-bg,Helsinki-NLP/opus-mt-de-bg,deu,bul,,,"https://huggingface.co/Helsinki-NLP/opus-mt-de-bg, https://github.com/Helsinki-NLP/Tatoeba-Challenge/tree/master/models/deu-bul/README.md","deu-bul, source group: German, target group: Bulgarian NMT model.",False
opus-mt-de-bi,Helsinki-NLP/opus-mt-de-bi,de,bi,,,"https://huggingface.co/Helsinki-NLP/opus-mt-de-bi, https://github.com/Helsinki-NLP/OPUS-MT-train/blob/master/models/de-bi/README.md",opus-mt-de-bi NMT model.,False
opus-mt-de-bzs,Helsinki-NLP/opus-mt-de-bzs,de,bzs,,,"https://huggingface.co/Helsinki-NLP/opus-mt-de-bzs, https://github.com/Helsinki-NLP/OPUS-MT-train/blob/master/models/de-bzs/README.md",opus-mt-de-bzs NMT model.,False
opus-mt-de-ca,Helsinki-NLP/opus-mt-de-ca,deu,cat,,,"https://huggingface.co/Helsinki-NLP/opus-mt-de-ca, https://github.com/Helsinki-NLP/Tatoeba-Challenge/tree/master/models/deu-cat/README.md","deu-cat, source group: German, target group: Catalan NMT model.",False
opus-mt-de-crs,Helsinki-NLP/opus-mt-de-crs,de,crs,,,"https://huggingface.co/Helsinki-NLP/opus-mt-de-crs, https://github.com/Helsinki-NLP/OPUS-MT-train/blob/master/models/de-crs/README.md",opus-mt-de-crs NMT model.,False
opus-mt-de-cs,Helsinki-NLP/opus-mt-de-cs,de,cs,,,"https://huggingface.co/Helsinki-NLP/opus-mt-de-cs, https://github.com/Helsinki-NLP/OPUS-MT-train/blob/master/models/de-cs/README.md",opus-mt-de-cs NMT model.,False
opus-mt-de-da,Helsinki-NLP/opus-mt-de-da,de,da,,,"https://huggingface.co/Helsinki-NLP/opus-mt-de-da, https://github.com/Helsinki-NLP/OPUS-MT-train/blob/master/models/de-da/README.md",opus-mt-de-da NMT model.,False
opus-mt-de-de,Helsinki-NLP/opus-mt-de-de,de,de,,,"https://huggingface.co/Helsinki-NLP/opus-mt-de-de, https://github.com/Helsinki-NLP/OPUS-MT-train/blob/master/models/de-de/README.md",opus-mt-de-de NMT model.,False
opus-mt-de-ee,Helsinki-NLP/opus-mt-de-ee,de,ee,,,"https://huggingface.co/Helsinki-NLP/opus-mt-de-ee, https://github.com/Helsinki-NLP/OPUS-MT-train/blob/master/models/de-ee/README.md",opus-mt-de-ee NMT model.,False
opus-mt-de-efi,Helsinki-NLP/opus-mt-de-efi,de,efi,,,"https://huggingface.co/Helsinki-NLP/opus-mt-de-efi, https://github.com/Helsinki-NLP/OPUS-MT-train/blob/master/models/de-efi/README.md",opus-mt-de-efi NMT model.,False
opus-mt-de-el,Helsinki-NLP/opus-mt-de-el,de,el,,,"https://huggingface.co/Helsinki-NLP/opus-mt-de-el, https://github.com/Helsinki-NLP/OPUS-MT-train/blob/master/models/de-el/README.md",opus-mt-de-el NMT model.,False
opus-mt-de-en,Helsinki-NLP/opus-mt-de-en,de,en,,,"https://huggingface.co/Helsinki-NLP/opus-mt-de-en, https://github.com/Helsinki-NLP/OPUS-MT-train/blob/master/models/de-en/README.md",opus-mt-de-en NMT model.,False
opus-mt-de-eo,Helsinki-NLP/opus-mt-de-eo,de,eo,,,"https://huggingface.co/Helsinki-NLP/opus-mt-de-eo, https://github.com/Helsinki-NLP/OPUS-MT-train/blob/master/models/de-eo/README.md",opus-mt-de-eo NMT model.,False
opus-mt-de-es,Helsinki-NLP/opus-mt-de-es,de,es,,,"https://huggingface.co/Helsinki-NLP/opus-mt-de-es, https://github.com/Helsinki-NLP/OPUS-MT-train/blob/master/models/de-es/README.md",opus-mt-de-es NMT model.,False
opus-mt-de-et,Helsinki-NLP/opus-mt-de-et,de,et,,,"https://huggingface.co/Helsinki-NLP/opus-mt-de-et, https://github.com/Helsinki-NLP/OPUS-MT-train/blob/master/models/de-et/README.md",opus-mt-de-et NMT model.,False
opus-mt-de-eu,Helsinki-NLP/opus-mt-de-eu,deu,eus,,,"https://huggingface.co/Helsinki-NLP/opus-mt-de-eu, https://github.com/Helsinki-NLP/Tatoeba-Challenge/tree/master/models/deu-eus/README.md","deu-eus, source group: German, target group: Basque NMT model.",False
opus-mt-de-fi,Helsinki-NLP/opus-mt-de-fi,de,fi,,,"https://huggingface.co/Helsinki-NLP/opus-mt-de-fi, https://github.com/Helsinki-NLP/OPUS-MT-train/blob/master/models/de-fi/README.md",opus-mt-de-fi NMT model.,False
opus-mt-de-fj,Helsinki-NLP/opus-mt-de-fj,de,fj,,,"https://huggingface.co/Helsinki-NLP/opus-mt-de-fj, https://github.com/Helsinki-NLP/OPUS-MT-train/blob/master/models/de-fj/README.md",opus-mt-de-fj NMT model.,False
opus-mt-de-fr,Helsinki-NLP/opus-mt-de-fr,de,fr,,,"https://huggingface.co/Helsinki-NLP/opus-mt-de-fr, https://github.com/Helsinki-NLP/OPUS-MT-train/blob/master/models/de-fr/README.md",opus-mt-de-fr NMT model.,False
opus-mt-de-gaa,Helsinki-NLP/opus-mt-de-gaa,de,gaa,,,"https://huggingface.co/Helsinki-NLP/opus-mt-de-gaa, https://github.com/Helsinki-NLP/OPUS-MT-train/blob/master/models/de-gaa/README.md",opus-mt-de-gaa NMT model.,False
opus-mt-de-gil,Helsinki-NLP/opus-mt-de-gil,de,gil,,,"https://huggingface.co/Helsinki-NLP/opus-mt-de-gil, https://github.com/Helsinki-NLP/OPUS-MT-train/blob/master/models/de-gil/README.md",opus-mt-de-gil NMT model.,False
opus-mt-de-guw,Helsinki-NLP/opus-mt-de-guw,de,guw,,,"https://huggingface.co/Helsinki-NLP/opus-mt-de-guw, https://github.com/Helsinki-NLP/OPUS-MT-train/blob/master/models/de-guw/README.md",opus-mt-de-guw NMT model.,False
opus-mt-de-ha,Helsinki-NLP/opus-mt-de-ha,de,ha,,,"https://huggingface.co/Helsinki-NLP/opus-mt-de-ha, https://github.com/Helsinki-NLP/OPUS-MT-train/blob/master/models/de-ha/README.md",opus-mt-de-ha NMT model.,False
opus-mt-de-he,Helsinki-NLP/opus-mt-de-he,de,he,,,"https://huggingface.co/Helsinki-NLP/opus-mt-de-he, https://github.com/Helsinki-NLP/OPUS-MT-train/blob/master/models/de-he/README.md",opus-mt-de-he NMT model.,False
opus-mt-de-hil,Helsinki-NLP/opus-mt-de-hil,de,hil,,,"https://huggingface.co/Helsinki-NLP/opus-mt-de-hil, https://github.com/Helsinki-NLP/OPUS-MT-train/blob/master/models/de-hil/README.md",opus-mt-de-hil NMT model.,False
opus-mt-de-ho,Helsinki-NLP/opus-mt-de-ho,de,ho,,,"https://huggingface.co/Helsinki-NLP/opus-mt-de-ho, https://github.com/Helsinki-NLP/OPUS-MT-train/blob/master/models/de-ho/README.md",opus-mt-de-ho NMT model.,False
opus-mt-de-hr,Helsinki-NLP/opus-mt-de-hr,de,hr,,,"https://huggingface.co/Helsinki-NLP/opus-mt-de-hr, https://github.com/Helsinki-NLP/OPUS-MT-train/blob/master/models/de-hr/README.md",opus-mt-de-hr NMT model.,False
opus-mt-de-ht,Helsinki-NLP/opus-mt-de-ht,de,ht,,,"https://huggingface.co/Helsinki-NLP/opus-mt-de-ht, https://github.com/Helsinki-NLP/OPUS-MT-train/blob/master/models/de-ht/README.md",opus-mt-de-ht NMT model.,False
opus-mt-de-hu,Helsinki-NLP/opus-mt-de-hu,de,hu,,,"https://huggingface.co/Helsinki-NLP/opus-mt-de-hu, https://github.com/Helsinki-NLP/OPUS-MT-train/blob/master/models/de-hu/README.md",opus-mt-de-hu NMT model.,False
opus-mt-de-ig,Helsinki-NLP/opus-mt-de-ig,de,ig,,,"https://huggingface.co/Helsinki-NLP/opus-mt-de-ig, https://github.com/Helsinki-NLP/OPUS-MT-train/blob/master/models/de-ig/README.md",opus-mt-de-ig NMT model.,False
opus-mt-de-ilo,Helsinki-NLP/opus-mt-de-ilo,de,ilo,,,"https://huggingface.co/Helsinki-NLP/opus-mt-de-ilo, https://github.com/Helsinki-NLP/OPUS-MT-train/blob/master/models/de-ilo/README.md",opus-mt-de-ilo NMT model.,False
opus-mt-de-is,Helsinki-NLP/opus-mt-de-is,deu,isl,,,"https://huggingface.co/Helsinki-NLP/opus-mt-de-is, https://github.com/Helsinki-NLP/Tatoeba-Challenge/tree/master/models/deu-isl/README.md","deu-isl, source group: German, target group: Icelandic NMT model.",False
opus-mt-de-iso,Helsinki-NLP/opus-mt-de-iso,de,iso,,,"https://huggingface.co/Helsinki-NLP/opus-mt-de-iso, https://github.com/Helsinki-NLP/OPUS-MT-train/blob/master/models/de-iso/README.md",opus-mt-de-iso NMT model.,False
opus-mt-de-it,Helsinki-NLP/opus-mt-de-it,de,it,,,"https://huggingface.co/Helsinki-NLP/opus-mt-de-it, https://github.com/Helsinki-NLP/OPUS-MT-train/blob/master/models/de-it/README.md",opus-mt-de-it NMT model.,False
opus-mt-de-kg,Helsinki-NLP/opus-mt-de-kg,de,kg,,,"https://huggingface.co/Helsinki-NLP/opus-mt-de-kg, https://github.com/Helsinki-NLP/OPUS-MT-train/blob/master/models/de-kg/README.md",opus-mt-de-kg NMT model.,False
opus-mt-de-ln,Helsinki-NLP/opus-mt-de-ln,de,ln,,,"https://huggingface.co/Helsinki-NLP/opus-mt-de-ln, https://github.com/Helsinki-NLP/OPUS-MT-train/blob/master/models/de-ln/README.md",opus-mt-de-ln NMT model.,False
opus-mt-de-loz,Helsinki-NLP/opus-mt-de-loz,de,loz,,,"https://huggingface.co/Helsinki-NLP/opus-mt-de-loz, https://github.com/Helsinki-NLP/OPUS-MT-train/blob/master/models/de-loz/README.md",opus-mt-de-loz NMT model.,False
opus-mt-de-lt,Helsinki-NLP/opus-mt-de-lt,de,lt,,,"https://huggingface.co/Helsinki-NLP/opus-mt-de-lt, https://github.com/Helsinki-NLP/OPUS-MT-train/blob/master/models/de-lt/README.md",opus-mt-de-lt NMT model.,False
opus-mt-de-lua,Helsinki-NLP/opus-mt-de-lua,de,lua,,,"https://huggingface.co/Helsinki-NLP/opus-mt-de-lua, https://github.com/Helsinki-NLP/OPUS-MT-train/blob/master/models/de-lua/README.md",opus-mt-de-lua NMT model.,False
opus-mt-de-ms,Helsinki-NLP/opus-mt-de-ms,deu,ind zsm_Latn,,,"https://huggingface.co/Helsinki-NLP/opus-mt-de-ms, https://github.com/Helsinki-NLP/Tatoeba-Challenge/tree/master/models/deu-msa/README.md","deu-msa, source group: German, target group: Malay (macrolanguage) NMT model.",True
opus-mt-de-mt,Helsinki-NLP/opus-mt-de-mt,de,mt,,,"https://huggingface.co/Helsinki-NLP/opus-mt-de-mt, https://github.com/Helsinki-NLP/OPUS-MT-train/blob/master/models/de-mt/README.md",opus-mt-de-mt NMT model.,False
opus-mt-de-niu,Helsinki-NLP/opus-mt-de-niu,de,niu,,,"https://huggingface.co/Helsinki-NLP/opus-mt-de-niu, https://github.com/Helsinki-NLP/OPUS-MT-train/blob/master/models/de-niu/README.md",opus-mt-de-niu NMT model.,False
opus-mt-de-nl,Helsinki-NLP/opus-mt-de-nl,de,nl,,,"https://huggingface.co/Helsinki-NLP/opus-mt-de-nl, https://github.com/Helsinki-NLP/OPUS-MT-train/blob/master/models/de-nl/README.md",opus-mt-de-nl NMT model.,False
opus-mt-de-no,Helsinki-NLP/opus-mt-de-no,deu,nno nob,,,"https://huggingface.co/Helsinki-NLP/opus-mt-de-no, https://github.com/Helsinki-NLP/Tatoeba-Challenge/tree/master/models/deu-nor/README.md","deu-nor, source group: German, target group: Norwegian NMT model.",True
opus-mt-de-nso,Helsinki-NLP/opus-mt-de-nso,de,nso,,,"https://huggingface.co/Helsinki-NLP/opus-mt-de-nso, https://github.com/Helsinki-NLP/OPUS-MT-train/blob/master/models/de-nso/README.md",opus-mt-de-nso NMT model.,False
opus-mt-de-ny,Helsinki-NLP/opus-mt-de-ny,de,ny,,,"https://huggingface.co/Helsinki-NLP/opus-mt-de-ny, https://github.com/Helsinki-NLP/OPUS-MT-train/blob/master/models/de-ny/README.md",opus-mt-de-ny NMT model.,False
opus-mt-de-pag,Helsinki-NLP/opus-mt-de-pag,de,pag,,,"https://huggingface.co/Helsinki-NLP/opus-mt-de-pag, https://github.com/Helsinki-NLP/OPUS-MT-train/blob/master/models/de-pag/README.md",opus-mt-de-pag NMT model.,False
opus-mt-de-pap,Helsinki-NLP/opus-mt-de-pap,de,pap,,,"https://huggingface.co/Helsinki-NLP/opus-mt-de-pap, https://github.com/Helsinki-NLP/OPUS-MT-train/blob/master/models/de-pap/README.md",opus-mt-de-pap NMT model.,False
opus-mt-de-pis,Helsinki-NLP/opus-mt-de-pis,de,pis,,,"https://huggingface.co/Helsinki-NLP/opus-mt-de-pis, https://github.com/Helsinki-NLP/OPUS-MT-train/blob/master/models/de-pis/README.md",opus-mt-de-pis NMT model.,False
opus-mt-de-pl,Helsinki-NLP/opus-mt-de-pl,de,pl,,,"https://huggingface.co/Helsinki-NLP/opus-mt-de-pl, https://github.com/Helsinki-NLP/OPUS-MT-train/blob/master/models/de-pl/README.md",opus-mt-de-pl NMT model.,False
opus-mt-de-pon,Helsinki-NLP/opus-mt-de-pon,de,pon,,,"https://huggingface.co/Helsinki-NLP/opus-mt-de-pon, https://github.com/Helsinki-NLP/OPUS-MT-train/blob/master/models/de-pon/README.md",opus-mt-de-pon NMT model.,False
opus-mt-de-tl,Helsinki-NLP/opus-mt-de-tl,deu,tgl_Latn,,,"https://huggingface.co/Helsinki-NLP/opus-mt-de-tl, https://github.com/Helsinki-NLP/Tatoeba-Challenge/tree/master/models/deu-tgl/README.md","deu-tgl, source group: German, target group: Tagalog NMT model.",False
opus-mt-de-uk,Helsinki-NLP/opus-mt-de-uk,deu,ukr,,,"https://huggingface.co/Helsinki-NLP/opus-mt-de-uk, https://github.com/Helsinki-NLP/Tatoeba-Challenge/tree/master/models/deu-ukr/README.md","deu-ukr, source group: German, target group: Ukrainian NMT model.",False
opus-mt-de-vi,Helsinki-NLP/opus-mt-de-vi,deu,vie,,,"https://huggingface.co/Helsinki-NLP/opus-mt-de-vi, https://github.com/Helsinki-NLP/Tatoeba-Challenge/tree/master/models/deu-vie/README.md","deu-vie, source group: German, target group: Vietnamese NMT model.",False
opus-mt-dra-en,Helsinki-NLP/opus-mt-dra-en,kan mal tam tel,eng,,,"https://huggingface.co/Helsinki-NLP/opus-mt-dra-en, https://github.com/Helsinki-NLP/Tatoeba-Challenge/tree/master/models/dra-eng/README.md","dra-eng, source group: Dravidian languages, target group: English NMT model.",False
opus-mt-ee-de,Helsinki-NLP/opus-mt-ee-de,ee,de,,,"https://huggingface.co/Helsinki-NLP/opus-mt-ee-de, https://github.com/Helsinki-NLP/OPUS-MT-train/blob/master/models/ee-de/README.md",opus-mt-ee-de NMT model.,False
opus-mt-ee-en,Helsinki-NLP/opus-mt-ee-en,ee,en,,,"https://huggingface.co/Helsinki-NLP/opus-mt-ee-en, https://github.com/Helsinki-NLP/OPUS-MT-train/blob/master/models/ee-en/README.md",opus-mt-ee-en NMT model.,False
opus-mt-ee-es,Helsinki-NLP/opus-mt-ee-es,ee,es,,,"https://huggingface.co/Helsinki-NLP/opus-mt-ee-es, https://github.com/Helsinki-NLP/OPUS-MT-train/blob/master/models/ee-es/README.md",opus-mt-ee-es NMT model.,False
opus-mt-ee-fi,Helsinki-NLP/opus-mt-ee-fi,ee,fi,,,"https://huggingface.co/Helsinki-NLP/opus-mt-ee-fi, https://github.com/Helsinki-NLP/OPUS-MT-train/blob/master/models/ee-fi/README.md",opus-mt-ee-fi NMT model.,False
opus-mt-ee-fr,Helsinki-NLP/opus-mt-ee-fr,ee,fr,,,"https://huggingface.co/Helsinki-NLP/opus-mt-ee-fr, https://github.com/Helsinki-NLP/OPUS-MT-train/blob/master/models/ee-fr/README.md",opus-mt-ee-fr NMT model.,False
opus-mt-ee-sv,Helsinki-NLP/opus-mt-ee-sv,ee,sv,,,"https://huggingface.co/Helsinki-NLP/opus-mt-ee-sv, https://github.com/Helsinki-NLP/OPUS-MT-train/blob/master/models/ee-sv/README.md",opus-mt-ee-sv NMT model.,False
opus-mt-efi-de,Helsinki-NLP/opus-mt-efi-de,efi,de,,,"https://huggingface.co/Helsinki-NLP/opus-mt-efi-de, https://github.com/Helsinki-NLP/OPUS-MT-train/blob/master/models/efi-de/README.md",opus-mt-efi-de NMT model.,False
opus-mt-efi-en,Helsinki-NLP/opus-mt-efi-en,efi,en,,,"https://huggingface.co/Helsinki-NLP/opus-mt-efi-en, https://github.com/Helsinki-NLP/OPUS-MT-train/blob/master/models/efi-en/README.md",opus-mt-efi-en NMT model.,False
opus-mt-efi-fi,Helsinki-NLP/opus-mt-efi-fi,efi,fi,,,"https://huggingface.co/Helsinki-NLP/opus-mt-efi-fi, https://github.com/Helsinki-NLP/OPUS-MT-train/blob/master/models/efi-fi/README.md",opus-mt-efi-fi NMT model.,False
opus-mt-efi-fr,Helsinki-NLP/opus-mt-efi-fr,efi,fr,,,"https://huggingface.co/Helsinki-NLP/opus-mt-efi-fr, https://github.com/Helsinki-NLP/OPUS-MT-train/blob/master/models/efi-fr/README.md",opus-mt-efi-fr NMT model.,False
opus-mt-efi-sv,Helsinki-NLP/opus-mt-efi-sv,efi,sv,,,"https://huggingface.co/Helsinki-NLP/opus-mt-efi-sv, https://github.com/Helsinki-NLP/OPUS-MT-train/blob/master/models/efi-sv/README.md",opus-mt-efi-sv NMT model.,False
opus-mt-el-ar,Helsinki-NLP/opus-mt-el-ar,ell,ara arz,,,"https://huggingface.co/Helsinki-NLP/opus-mt-el-ar, https://github.com/Helsinki-NLP/Tatoeba-Challenge/tree/master/models/ell-ara/README.md","ell-ara, source group: Modern Greek (1453-), target group: Arabic NMT model.",True
opus-mt-el-eo,Helsinki-NLP/opus-mt-el-eo,ell,epo,,,"https://huggingface.co/Helsinki-NLP/opus-mt-el-eo, https://github.com/Helsinki-NLP/Tatoeba-Challenge/tree/master/models/ell-epo/README.md","ell-epo, source group: Modern Greek (1453-), target group: Esperanto NMT model.",False
opus-mt-el-fi,Helsinki-NLP/opus-mt-el-fi,el,fi,,,"https://huggingface.co/Helsinki-NLP/opus-mt-el-fi, https://github.com/Helsinki-NLP/OPUS-MT-train/blob/master/models/el-fi/README.md",opus-mt-el-fi NMT model.,False
opus-mt-el-fr,Helsinki-NLP/opus-mt-el-fr,el,fr,,,"https://huggingface.co/Helsinki-NLP/opus-mt-el-fr, https://github.com/Helsinki-NLP/OPUS-MT-train/blob/master/models/el-fr/README.md",opus-mt-el-fr NMT model.,False
opus-mt-el-sv,Helsinki-NLP/opus-mt-el-sv,el,sv,,,"https://huggingface.co/Helsinki-NLP/opus-mt-el-sv, https://github.com/Helsinki-NLP/OPUS-MT-train/blob/master/models/el-sv/README.md",opus-mt-el-sv NMT model.,False
opus-mt-en-CELTIC,Helsinki-NLP/opus-mt-en-CELTIC,en,ga cy br gd kw gv,,,"https://huggingface.co/Helsinki-NLP/opus-mt-en-CELTIC, https://github.com/Helsinki-NLP/OPUS-MT-train/blob/master/models/en-ga+cy+br+gd+kw+gv/README.md",opus-mt-en-INSULAR_CELTIC NMT model.,True
opus-mt-en-ROMANCE,Helsinki-NLP/opus-mt-en-ROMANCE,en,fr fr_BE fr_CA fr_FR wa frp oc ca rm lld fur lij lmo es es_AR es_CL es_CO es_CR es_DO es_EC es_ES es_GT es_HN es_MX es_NI es_PA es_PE es_PR es_SV es_UY es_VE pt pt_br pt_BR pt_PT gl lad an mwl it it_IT co nap scn vec sc ro la,,,"https://huggingface.co/Helsinki-NLP/opus-mt-en-ROMANCE, https://github.com/Helsinki-NLP/OPUS-MT-train/blob/master/models/en-fr+fr_BE+fr_CA+fr_FR+wa+frp+oc+ca+rm+lld+fur+lij+lmo+es+es_AR+es_CL+es_CO+es_CR+es_DO+es_EC+es_ES+es_GT+es_HN+es_MX+es_NI+es_PA+es_PE+es_PR+es_SV+es_UY+es_VE+pt+pt_br+pt_BR+pt_PT+gl+lad+an+mwl+it+it_IT+co+nap+scn+vec+sc+ro+la/README.md",opus-mt-en-ROMANCE NMT model.,True
opus-mt-en-aav,Helsinki-NLP/opus-mt-en-aav,eng,hoc hoc_Latn kha khm khm_Latn mnw vie vie_Hani,,,"https://huggingface.co/Helsinki-NLP/opus-mt-en-aav, https://github.com/Helsinki-NLP/Tatoeba-Challenge/tree/master/models/eng-aav/README.md","eng-aav, source group: English, target group: Austro-Asiatic languages NMT model.",True
opus-mt-en-af,Helsinki-NLP/opus-mt-en-af,en,af,,,"https://huggingface.co/Helsinki-NLP/opus-mt-en-af, https://github.com/Helsinki-NLP/OPUS-MT-train/blob/master/models/en-af/README.md",opus-mt-en-af NMT model.,False
opus-mt-en-afa,Helsinki-NLP/opus-mt-en-afa,eng,acm afb amh apc ara arq ary arz hau_Latn heb kab mlt rif_Latn shy_Latn som tir,,,"https://huggingface.co/Helsinki-NLP/opus-mt-en-afa, https://github.com/Helsinki-NLP/Tatoeba-Challenge/tree/master/models/eng-afa/README.md","eng-afa, source group: English, target group: Afro-Asiatic languages NMT model.",True
opus-mt-en-alv,Helsinki-NLP/opus-mt-en-alv,eng,ewe fuc fuv ibo kin lin lug nya run sag sna swh toi_Latn tso umb wol xho yor zul,,,"https://huggingface.co/Helsinki-NLP/opus-mt-en-alv, https://github.com/Helsinki-NLP/Tatoeba-Challenge/tree/master/models/eng-alv/README.md","eng-alv, source group: English, target group: Atlantic-Congo languages NMT model.",True
opus-mt-en-ar,Helsinki-NLP/opus-mt-en-ar,eng,acm afb apc apc_Latn ara ara_Latn arq arq_Latn ary arz,,,"https://huggingface.co/Helsinki-NLP/opus-mt-en-ar, https://github.com/Helsinki-NLP/Tatoeba-Challenge/tree/master/models/eng-ara/README.md","eng-ara, source group: English, target group: Arabic NMT model.",True
opus-mt-en-az,Helsinki-NLP/opus-mt-en-az,eng,aze_Latn,,,"https://huggingface.co/Helsinki-NLP/opus-mt-en-az, https://github.com/Helsinki-NLP/Tatoeba-Challenge/tree/master/models/eng-aze/README.md","eng-aze, source group: English, target group: Azerbaijani NMT model.",False
opus-mt-en-bat,Helsinki-NLP/opus-mt-en-bat,eng,lav lit ltg prg_Latn sgs,,,"https://huggingface.co/Helsinki-NLP/opus-mt-en-bat, https://github.com/Helsinki-NLP/Tatoeba-Challenge/tree/master/models/eng-bat/README.md","eng-bat, source group: English, target group: Baltic languages NMT model.",True
opus-mt-en-bcl,Helsinki-NLP/opus-mt-en-bcl,en,bcl,,,"https://huggingface.co/Helsinki-NLP/opus-mt-en-bcl, https://github.com/Helsinki-NLP/OPUS-MT-train/blob/master/models/en-bcl/README.md",opus-mt-en-bcl NMT model.,False
opus-mt-en-bem,Helsinki-NLP/opus-mt-en-bem,en,bem,,,"https://huggingface.co/Helsinki-NLP/opus-mt-en-bem, https://github.com/Helsinki-NLP/OPUS-MT-train/blob/master/models/en-bem/README.md",opus-mt-en-bem NMT model.,False
opus-mt-en-ber,Helsinki-NLP/opus-mt-en-ber,en,ber,,,"https://huggingface.co/Helsinki-NLP/opus-mt-en-ber, https://github.com/Helsinki-NLP/OPUS-MT-train/blob/master/models/en-ber/README.md",opus-mt-en-ber NMT model.,False
opus-mt-en-bg,Helsinki-NLP/opus-mt-en-bg,eng,bul bul_Latn,,,"https://huggingface.co/Helsinki-NLP/opus-mt-en-bg, https://github.com/Helsinki-NLP/Tatoeba-Challenge/tree/master/models/eng-bul/README.md","eng-bul, source group: English, target group: Bulgarian NMT model.",True
opus-mt-en-bi,Helsinki-NLP/opus-mt-en-bi,en,bi,,,"https://huggingface.co/Helsinki-NLP/opus-mt-en-bi, https://github.com/Helsinki-NLP/OPUS-MT-train/blob/master/models/en-bi/README.md",opus-mt-en-bi NMT model.,False
opus-mt-en-bnt,Helsinki-NLP/opus-mt-en-bnt,eng,kin lin lug nya run sna swh toi_Latn tso umb xho zul,,,"https://huggingface.co/Helsinki-NLP/opus-mt-en-bnt, https://github.com/Helsinki-NLP/Tatoeba-Challenge/tree/master/models/eng-bnt/README.md","eng-bnt, source group: English, target group: Bantu languages NMT model.",True
opus-mt-en-bzs,Helsinki-NLP/opus-mt-en-bzs,en,bzs,,,"https://huggingface.co/Helsinki-NLP/opus-mt-en-bzs, https://github.com/Helsinki-NLP/OPUS-MT-train/blob/master/models/en-bzs/README.md",opus-mt-en-bzs NMT model.,False
opus-mt-en-ca,Helsinki-NLP/opus-mt-en-ca,en,ca,,,"https://huggingface.co/Helsinki-NLP/opus-mt-en-ca, https://github.com/Helsinki-NLP/OPUS-MT-train/blob/master/models/en-ca/README.md",opus-mt-en-ca NMT model.,False
opus-mt-en-ceb,Helsinki-NLP/opus-mt-en-ceb,en,ceb,,,"https://huggingface.co/Helsinki-NLP/opus-mt-en-ceb, https://github.com/Helsinki-NLP/OPUS-MT-train/blob/master/models/en-ceb/README.md",opus-mt-en-ceb NMT model.,False
opus-mt-en-cel,Helsinki-NLP/opus-mt-en-cel,eng,bre cor cym gla gle glv,,,"https://huggingface.co/Helsinki-NLP/opus-mt-en-cel, https://github.com/Helsinki-NLP/Tatoeba-Challenge/tree/master/models/eng-cel/README.md","eng-cel, source group: English, target group: Celtic languages NMT model.",True
opus-mt-en-chk,Helsinki-NLP/opus-mt-en-chk,en,chk,,,"https://huggingface.co/Helsinki-NLP/opus-mt-en-chk, https://github.com/Helsinki-NLP/OPUS-MT-train/blob/master/models/en-chk/README.md",opus-mt-en-chk NMT model.,False
opus-mt-en-cpf,Helsinki-NLP/opus-mt-en-cpf,eng,gcf_Latn hat mfe,,,"https://huggingface.co/Helsinki-NLP/opus-mt-en-cpf, https://github.com/Helsinki-NLP/Tatoeba-Challenge/tree/master/models/eng-cpf/README.md","eng-cpf, source group: English, target group: Creoles and pidgins, French‑based NMT model.",True
opus-mt-en-cpp,Helsinki-NLP/opus-mt-en-cpp,eng,ind max_Latn min pap tmw_Latn zlm_Latn zsm_Latn,,,"https://huggingface.co/Helsinki-NLP/opus-mt-en-cpp, https://github.com/Helsinki-NLP/Tatoeba-Challenge/tree/master/models/eng-cpp/README.md","eng-cpp, source group: English, target group: Creoles and pidgins, Portuguese-based NMT model.",True
opus-mt-en-crs,Helsinki-NLP/opus-mt-en-crs,en,crs,,,"https://huggingface.co/Helsinki-NLP/opus-mt-en-crs, https://github.com/Helsinki-NLP/OPUS-MT-train/blob/master/models/en-crs/README.md",opus-mt-en-crs NMT model.,False
opus-mt-en-cs,Helsinki-NLP/opus-mt-en-cs,en,cs,,,"https://huggingface.co/Helsinki-NLP/opus-mt-en-cs, https://github.com/Helsinki-NLP/OPUS-MT-train/blob/master/models/en-cs/README.md",opus-mt-en-cs NMT model.,False
opus-mt-en-cus,Helsinki-NLP/opus-mt-en-cus,eng,som,,,"https://huggingface.co/Helsinki-NLP/opus-mt-en-cus, https://github.com/Helsinki-NLP/Tatoeba-Challenge/tree/master/models/eng-cus/README.md","eng-cus, source group: English, target group: Cushitic languages NMT model.",False
opus-mt-en-cy,Helsinki-NLP/opus-mt-en-cy,en,cy,,,"https://huggingface.co/Helsinki-NLP/opus-mt-en-cy, https://github.com/Helsinki-NLP/OPUS-MT-train/blob/master/models/en-cy/README.md",opus-mt-en-cy NMT model.,False
opus-mt-en-da,Helsinki-NLP/opus-mt-en-da,en,da,,,"https://huggingface.co/Helsinki-NLP/opus-mt-en-da, https://github.com/Helsinki-NLP/OPUS-MT-train/blob/master/models/en-da/README.md",opus-mt-en-da NMT model.,False
opus-mt-en-de,Helsinki-NLP/opus-mt-en-de,English,German,,,"https://huggingface.co/Helsinki-NLP/opus-mt-en-de, https://github.com/Helsinki-NLP/OPUS-MT-train/blob/master/models/en-de/README.md",This model can be used for translation and text-to-text generation.,False
opus-mt-en-dra,Helsinki-NLP/opus-mt-en-dra,eng,kan mal tam tel,,,"https://huggingface.co/Helsinki-NLP/opus-mt-en-dra, https://github.com/Helsinki-NLP/Tatoeba-Challenge/tree/master/models/eng-dra/README.md","eng-dra, source group: English, target group: Dravidian languages NMT model.",True
opus-mt-en-ee,Helsinki-NLP/opus-mt-en-ee,en,ee,,,"https://huggingface.co/Helsinki-NLP/opus-mt-en-ee, https://github.com/Helsinki-NLP/OPUS-MT-train/blob/master/models/en-ee/README.md",opus-mt-en-ee NMT model.,False
opus-mt-en-efi,Helsinki-NLP/opus-mt-en-efi,en,efi,,,"https://huggingface.co/Helsinki-NLP/opus-mt-en-efi, https://github.com/Helsinki-NLP/OPUS-MT-train/blob/master/models/en-efi/README.md",opus-mt-en-efi NMT model.,False
opus-mt-en-el,Helsinki-NLP/opus-mt-en-el,en,el,,,"https://huggingface.co/Helsinki-NLP/opus-mt-en-el, https://github.com/Helsinki-NLP/OPUS-MT-train/blob/master/models/en-el/README.md",opus-mt-en-el NMT model.,False
opus-mt-en-eo,Helsinki-NLP/opus-mt-en-eo,en,eo,,,"https://huggingface.co/Helsinki-NLP/opus-mt-en-eo, https://github.com/Helsinki-NLP/OPUS-MT-train/blob/master/models/en-eo/README.md",opus-mt-en-eo NMT model.,False
opus-mt-en-es,Helsinki-NLP/opus-mt-en-es,eng,spa,,,"https://huggingface.co/Helsinki-NLP/opus-mt-en-es, https://github.com/Helsinki-NLP/Tatoeba-Challenge/tree/master/models/eng-spa/README.md","eng-spa, source group: English, target group: Spanish NMT model.",False
opus-mt-en-et,Helsinki-NLP/opus-mt-en-et,en,et,,,"https://huggingface.co/Helsinki-NLP/opus-mt-en-et, https://github.com/Helsinki-NLP/OPUS-MT-train/blob/master/models/en-et/README.md",opus-mt-en-et NMT model.,False
opus-mt-en-eu,Helsinki-NLP/opus-mt-en-eu,eng,eus,,,"https://huggingface.co/Helsinki-NLP/opus-mt-en-eu, https://github.com/Helsinki-NLP/Tatoeba-Challenge/tree/master/models/eng-eus/README.md","eng-eus, source group: English, target group: Basque NMT model.",False
opus-mt-en-euq,Helsinki-NLP/opus-mt-en-euq,eng,eus,,,"https://huggingface.co/Helsinki-NLP/opus-mt-en-euq, https://github.com/Helsinki-NLP/Tatoeba-Challenge/tree/master/models/eng-euq/README.md","eng-euq, source group: English, target group: Basque (family) NMT model.",False
opus-mt-en-fi,Helsinki-NLP/opus-mt-en-fi,en,fi,,,"https://huggingface.co/Helsinki-NLP/opus-mt-en-fi, https://github.com/Helsinki-NLP/OPUS-MT-train/blob/master/models/en-fi/README.md",opus-mt-en-fi NMT model.,False
opus-mt-en-fiu,Helsinki-NLP/opus-mt-en-fiu,eng,est fin fkv_Latn hun izh kpv krl liv_Latn mdf mhr myv sma sme udm vro,,,"https://huggingface.co/Helsinki-NLP/opus-mt-en-fiu, https://github.com/Helsinki-NLP/Tatoeba-Challenge/tree/master/models/eng-fiu/README.md","eng-fiu, source group: English, target group: Finno-Ugrian languages NMT model.",True
opus-mt-en-fj,Helsinki-NLP/opus-mt-en-fj,en,fj,,,"https://huggingface.co/Helsinki-NLP/opus-mt-en-fj, https://github.com/Helsinki-NLP/OPUS-MT-train/blob/master/models/en-fj/README.md",opus-mt-en-fj NMT model.,False
opus-mt-en-fr,Helsinki-NLP/opus-mt-en-fr,en,fr,,,"https://huggingface.co/Helsinki-NLP/opus-mt-en-fr, https://github.com/Helsinki-NLP/OPUS-MT-train/blob/master/models/en-fr/README.md",opus-mt-en-fr NMT model.,False
opus-mt-en-ga,Helsinki-NLP/opus-mt-en-ga,eng,gle,,,"https://huggingface.co/Helsinki-NLP/opus-mt-en-ga, https://github.com/Helsinki-NLP/Tatoeba-Challenge/tree/master/models/eng-gle/README.md","eng-gle, source group: English, target group: Irish NMT model.",False
opus-mt-en-gaa,Helsinki-NLP/opus-mt-en-gaa,en,gaa,,,"https://huggingface.co/Helsinki-NLP/opus-mt-en-gaa, https://github.com/Helsinki-NLP/OPUS-MT-train/blob/master/models/en-gaa/README.md",opus-mt-en-gaa NMT model.,False
opus-mt-en-gem,Helsinki-NLP/opus-mt-en-gem,eng,afr ang_Latn dan deu enm_Latn fao frr fry gos got_Goth gsw isl ksh ltz nds nld nno nob nob_Hebr non_Latn pdc sco stq swe swg yid,,,"https://huggingface.co/Helsinki-NLP/opus-mt-en-gem, https://github.com/Helsinki-NLP/Tatoeba-Challenge/tree/master/models/eng-gem/README.md","eng-gem, source group: English, target group: Germanic languages NMT model.",True
opus-mt-en-gil,Helsinki-NLP/opus-mt-en-gil,en,gil,,,"https://huggingface.co/Helsinki-NLP/opus-mt-en-gil, https://github.com/Helsinki-NLP/OPUS-MT-train/blob/master/models/en-gil/README.md",opus-mt-en-gil NMT model.,False
opus-mt-en-gl,Helsinki-NLP/opus-mt-en-gl,en,gl,,,"https://huggingface.co/Helsinki-NLP/opus-mt-en-gl, https://github.com/Helsinki-NLP/OPUS-MT-train/blob/master/models/en-gl/README.md",opus-mt-en-gl NMT model.,False
opus-mt-en-gmq,Helsinki-NLP/opus-mt-en-gmq,eng,dan fao isl nno nob nob_Hebr non_Latn swe,,,"https://huggingface.co/Helsinki-NLP/opus-mt-en-gmq, https://github.com/Helsinki-NLP/Tatoeba-Challenge/tree/master/models/eng-gmq/README.md","eng-gmq, source group: English, target group: North Germanic languages NMT model.",True
opus-mt-en-gmw,Helsinki-NLP/opus-mt-en-gmw,eng,afr ang_Latn deu enm_Latn frr fry gos gsw ksh ltz nds nld pdc sco stq swg yid,,,"https://huggingface.co/Helsinki-NLP/opus-mt-en-gmw, https://github.com/Helsinki-NLP/Tatoeba-Challenge/tree/master/models/eng-gmw/README.md","eng-gmw, source group: English, target group: West Germanic languages NMT model.",True
opus-mt-en-grk,Helsinki-NLP/opus-mt-en-grk,eng,ell grc_Grek,,,"https://huggingface.co/Helsinki-NLP/opus-mt-en-grk, https://github.com/Helsinki-NLP/Tatoeba-Challenge/tree/master/models/eng-grk/README.md","eng-grk, source group: English, target group: Greek languages NMT model.",True
opus-mt-en-guw,Helsinki-NLP/opus-mt-en-guw,en,guw,,,"https://huggingface.co/Helsinki-NLP/opus-mt-en-guw, https://github.com/Helsinki-NLP/OPUS-MT-train/blob/master/models/en-guw/README.md",opus-mt-en-guw NMT model.,False
opus-mt-en-gv,Helsinki-NLP/opus-mt-en-gv,en,gv,,,"https://huggingface.co/Helsinki-NLP/opus-mt-en-gv, https://github.com/Helsinki-NLP/OPUS-MT-train/blob/master/models/en-gv/README.md",opus-mt-en-gv NMT model.,False
opus-mt-en-ha,Helsinki-NLP/opus-mt-en-ha,en,ha,,,"https://huggingface.co/Helsinki-NLP/opus-mt-en-ha, https://github.com/Helsinki-NLP/OPUS-MT-train/blob/master/models/en-ha/README.md",opus-mt-en-ha NMT model.,False
opus-mt-en-he,Helsinki-NLP/opus-mt-en-he,en,he,,,"https://huggingface.co/Helsinki-NLP/opus-mt-en-he, https://github.com/Helsinki-NLP/OPUS-MT-train/blob/master/models/en-he/README.md",opus-mt-en-he NMT model.,False
opus-mt-en-hi,Helsinki-NLP/opus-mt-en-hi,eng,hin,,,"https://huggingface.co/Helsinki-NLP/opus-mt-en-hi, https://github.com/Helsinki-NLP/Tatoeba-Challenge/tree/master/models/eng-hin/README.md","eng-hin, source group: English, target group: Hindi NMT model.",False
opus-mt-en-hil,Helsinki-NLP/opus-mt-en-hil,en,hil,,,"https://huggingface.co/Helsinki-NLP/opus-mt-en-hil, https://github.com/Helsinki-NLP/OPUS-MT-train/blob/master/models/en-hil/README.md",opus-mt-en-hil NMT model.,False
opus-mt-en-ho,Helsinki-NLP/opus-mt-en-ho,en,ho,,,"https://huggingface.co/Helsinki-NLP/opus-mt-en-ho, https://github.com/Helsinki-NLP/OPUS-MT-train/blob/master/models/en-ho/README.md",opus-mt-en-ho NMT model.,False
opus-mt-en-ht,Helsinki-NLP/opus-mt-en-ht,en,ht,,,"https://huggingface.co/Helsinki-NLP/opus-mt-en-ht, https://github.com/Helsinki-NLP/OPUS-MT-train/blob/master/models/en-ht/README.md",opus-mt-en-ht NMT model.,False
opus-mt-en-hu,Helsinki-NLP/opus-mt-en-hu,en,hu,,,"https://huggingface.co/Helsinki-NLP/opus-mt-en-hu, https://github.com/Helsinki-NLP/OPUS-MT-train/blob/master/models/en-hu/README.md",opus-mt-en-hu NMT model.,False
opus-mt-en-hy,Helsinki-NLP/opus-mt-en-hy,eng,hye,,,"https://huggingface.co/Helsinki-NLP/opus-mt-en-hy, https://github.com/Helsinki-NLP/Tatoeba-Challenge/tree/master/models/eng-hye/README.md","eng-hye, source group: English, target group: Armenian NMT model.",False
opus-mt-en-id,Helsinki-NLP/opus-mt-en-id,en,id,,,"https://huggingface.co/Helsinki-NLP/opus-mt-en-id, https://github.com/Helsinki-NLP/OPUS-MT-train/blob/master/models/en-id/README.md",opus-mt-en-id NMT model.,False
opus-mt-en-ig,Helsinki-NLP/opus-mt-en-ig,en,ig,,,"https://huggingface.co/Helsinki-NLP/opus-mt-en-ig, https://github.com/Helsinki-NLP/OPUS-MT-train/blob/master/models/en-ig/README.md",opus-mt-en-ig NMT model.,False
opus-mt-en-iir,Helsinki-NLP/opus-mt-en-iir,eng,asm awa ben bho gom guj hif_Latn hin jdt_Cyrl kur_Arab kur_Latn mai mar npi ori oss pan_Guru pes pes_Latn pes_Thaa pnb pus rom san_Deva sin snd_Arab tgk_Cyrl tly_Latn urd zza,,,"https://huggingface.co/Helsinki-NLP/opus-mt-en-iir, https://github.com/Helsinki-NLP/Tatoeba-Challenge/tree/master/models/eng-iir/README.md","eng-iir, source group: English, target group: Indo-Iranian languages NMT model.",True
opus-mt-en-ilo,Helsinki-NLP/opus-mt-en-ilo,en,ilo,,,"https://huggingface.co/Helsinki-NLP/opus-mt-en-ilo, https://github.com/Helsinki-NLP/OPUS-MT-train/blob/master/models/en-ilo/README.md",opus-mt-en-ilo NMT model.,False
opus-mt-en-inc,Helsinki-NLP/opus-mt-en-inc,eng,asm awa ben bho gom guj hif_Latn hin mai mar npi ori pan_Guru pnb rom san_Deva sin snd_Arab urd,,,"https://huggingface.co/Helsinki-NLP/opus-mt-en-inc, https://github.com/Helsinki-NLP/Tatoeba-Challenge/tree/master/models/eng-inc/README.md","eng-inc, source group: English, target group: Indic languages NMT model.",True
opus-mt-en-ine,Helsinki-NLP/opus-mt-en-ine,eng,afr aln ang_Latn arg asm ast awa bel bel_Latn ben bho bos_Latn bre bul bul_Latn cat ces cor cos csb_Latn cym dan deu dsb egl ell enm_Latn ext fao fra frm_Latn frr fry gcf_Latn gla gle glg glv gom gos got_Goth grc_Grek gsw guj hat hif_Latn hin hrv hsb hye ind isl ita jdt_Cyrl ksh kur_Arab kur_Latn lad lad_Latn lat_Latn lav lij lit lld_Latn lmo ltg ltz mai mar max_Latn mfe min mkd mwl nds nld nno nob nob_Hebr non_Latn npi oci ori orv_Cyrl oss pan_Guru pap pdc pes pes_Latn pes_Thaa pms pnb pol por prg_Latn pus roh rom ron rue rus san_Deva scn sco sgs sin slv snd_Arab spa sqi srp_Cyrl srp_Latn stq swe swg tgk_Cyrl tly_Latn tmw_Latn ukr urd vec wln yid zlm_Latn zsm_Latn zza,,,"https://huggingface.co/Helsinki-NLP/opus-mt-en-ine, https://github.com/Helsinki-NLP/Tatoeba-Challenge/tree/master/models/eng-ine/README.md","eng-ine, source group: English, target group: Indo-European languages NMT model.",True
opus-mt-en-is,Helsinki-NLP/opus-mt-en-is,en,is,,,"https://huggingface.co/Helsinki-NLP/opus-mt-en-is, https://github.com/Helsinki-NLP/OPUS-MT-train/blob/master/models/en-is/README.md",opus-mt-en-is NMT model.,False
opus-mt-en-iso,Helsinki-NLP/opus-mt-en-iso,en,iso,,,"https://huggingface.co/Helsinki-NLP/opus-mt-en-iso, https://github.com/Helsinki-NLP/OPUS-MT-train/blob/master/models/en-iso/README.md",opus-mt-en-iso NMT model.,False
opus-mt-en-it,Helsinki-NLP/opus-mt-en-it,en,it,,,"https://huggingface.co/Helsinki-NLP/opus-mt-en-it, https://github.com/Helsinki-NLP/OPUS-MT-train/blob/master/models/en-it/README.md",opus-mt-en-it NMT model.,False
opus-mt-en-itc,Helsinki-NLP/opus-mt-en-itc,eng,arg ast cat cos egl ext fra frm_Latn gcf_Latn glg hat ind ita lad lad_Latn lat_Latn lij lld_Latn lmo max_Latn mfe min mwl oci pap pms por roh ron scn spa tmw_Latn vec wln zlm_Latn zsm_Latn,,,"https://huggingface.co/Helsinki-NLP/opus-mt-en-itc, https://github.com/Helsinki-NLP/Tatoeba-Challenge/tree/master/models/eng-itc/README.md","eng-itc, source group: English, target group: Italic languages NMT model.",True
opus-mt-en-jap,Helsinki-NLP/opus-mt-en-jap,en,jap,,,"https://huggingface.co/Helsinki-NLP/opus-mt-en-jap, https://github.com/Helsinki-NLP/OPUS-MT-train/blob/master/models/en-jap/README.md",opus-mt-en-jap NMT model.,False
opus-mt-en-kg,Helsinki-NLP/opus-mt-en-kg,en,kg,,,"https://huggingface.co/Helsinki-NLP/opus-mt-en-kg, https://github.com/Helsinki-NLP/OPUS-MT-train/blob/master/models/en-kg/README.md",opus-mt-en-kg NMT model.,False
opus-mt-en-kj,Helsinki-NLP/opus-mt-en-kj,en,kj,,,"https://huggingface.co/Helsinki-NLP/opus-mt-en-kj, https://github.com/Helsinki-NLP/OPUS-MT-train/blob/master/models/en-kj/README.md",opus-mt-en-kj NMT model.,False
opus-mt-en-kqn,Helsinki-NLP/opus-mt-en-kqn,en,kqn,,,"https://huggingface.co/Helsinki-NLP/opus-mt-en-kqn, https://github.com/Helsinki-NLP/OPUS-MT-train/blob/master/models/en-kqn/README.md",opus-mt-en-kqn NMT model.,False
opus-mt-en-kwn,Helsinki-NLP/opus-mt-en-kwn,en,kwn,,,"https://huggingface.co/Helsinki-NLP/opus-mt-en-kwn, https://github.com/Helsinki-NLP/OPUS-MT-train/blob/master/models/en-kwn/README.md",opus-mt-en-kwn NMT model.,False
opus-mt-en-kwy,Helsinki-NLP/opus-mt-en-kwy,en,kwy,,,"https://huggingface.co/Helsinki-NLP/opus-mt-en-kwy, https://github.com/Helsinki-NLP/OPUS-MT-train/blob/master/models/en-kwy/README.md",opus-mt-en-kwy NMT model.,False
opus-mt-en-lg,Helsinki-NLP/opus-mt-en-lg,en,lg,,,"https://huggingface.co/Helsinki-NLP/opus-mt-en-lg, https://github.com/Helsinki-NLP/OPUS-MT-train/blob/master/models/en-lg/README.md",opus-mt-en-lg NMT model.,False
opus-mt-en-ln,Helsinki-NLP/opus-mt-en-ln,en,ln,,,"https://huggingface.co/Helsinki-NLP/opus-mt-en-ln, https://github.com/Helsinki-NLP/OPUS-MT-train/blob/master/models/en-ln/README.md",opus-mt-en-ln NMT model.,False
opus-mt-en-loz,Helsinki-NLP/opus-mt-en-loz,en,loz,,,"https://huggingface.co/Helsinki-NLP/opus-mt-en-loz, https://github.com/Helsinki-NLP/OPUS-MT-train/blob/master/models/en-loz/README.md",opus-mt-en-loz NMT model.,False
opus-mt-en-lu,Helsinki-NLP/opus-mt-en-lu,en,lu,,,"https://huggingface.co/Helsinki-NLP/opus-mt-en-lu, https://github.com/Helsinki-NLP/OPUS-MT-train/blob/master/models/en-lu/README.md",opus-mt-en-lu NMT model.,False
opus-mt-en-lua,Helsinki-NLP/opus-mt-en-lua,en,lua,,,"https://huggingface.co/Helsinki-NLP/opus-mt-en-lua, https://github.com/Helsinki-NLP/OPUS-MT-train/blob/master/models/en-lua/README.md",opus-mt-en-lua NMT model.,False
opus-mt-en-lue,Helsinki-NLP/opus-mt-en-lue,en,lue,,,"https://huggingface.co/Helsinki-NLP/opus-mt-en-lue, https://github.com/Helsinki-NLP/OPUS-MT-train/blob/master/models/en-lue/README.md",opus-mt-en-lue NMT model.,False
opus-mt-en-lun,Helsinki-NLP/opus-mt-en-lun,en,lun,,,"https://huggingface.co/Helsinki-NLP/opus-mt-en-lun, https://github.com/Helsinki-NLP/OPUS-MT-train/blob/master/models/en-lun/README.md",opus-mt-en-lun NMT model.,False
opus-mt-en-luo,Helsinki-NLP/opus-mt-en-luo,en,luo,,,"https://huggingface.co/Helsinki-NLP/opus-mt-en-luo, https://github.com/Helsinki-NLP/OPUS-MT-train/blob/master/models/en-luo/README.md",opus-mt-en-luo NMT model.,False
opus-mt-en-lus,Helsinki-NLP/opus-mt-en-lus,en,lus,,,"https://huggingface.co/Helsinki-NLP/opus-mt-en-lus, https://github.com/Helsinki-NLP/OPUS-MT-train/blob/master/models/en-lus/README.md",opus-mt-en-lus NMT model.,False
opus-mt-en-map,Helsinki-NLP/opus-mt-en-map,eng,akl_Latn ceb cha dtp fij gil haw hil iba ilo ind jav jav_Java lkt mad mah max_Latn min mlg mri nau niu pag pau rap smo sun tah tet tmw_Latn ton tvl war zlm_Latn zsm_Latn,,,"https://huggingface.co/Helsinki-NLP/opus-mt-en-map, https://github.com/Helsinki-NLP/Tatoeba-Challenge/tree/master/models/eng-map/README.md","eng-map, source group: English, target group: Austronesian languages NMT model.",True
opus-mt-en-mfe,Helsinki-NLP/opus-mt-en-mfe,en,mfe,,,"https://huggingface.co/Helsinki-NLP/opus-mt-en-mfe, https://github.com/Helsinki-NLP/OPUS-MT-train/blob/master/models/en-mfe/README.md",opus-mt-en-mfe NMT model.,False
opus-mt-en-mg,Helsinki-NLP/opus-mt-en-mg,en,mg,,,"https://huggingface.co/Helsinki-NLP/opus-mt-en-mg, https://github.com/Helsinki-NLP/OPUS-MT-train/blob/master/models/en-mg/README.md",opus-mt-en-mg NMT model.,False
opus-mt-en-mh,Helsinki-NLP/opus-mt-en-mh,en,mh,,,"https://huggingface.co/Helsinki-NLP/opus-mt-en-mh, https://github.com/Helsinki-NLP/OPUS-MT-train/blob/master/models/en-mh/README.md",opus-mt-en-mh NMT model.,False
opus-mt-en-mk,Helsinki-NLP/opus-mt-en-mk,en,mk,,,"https://huggingface.co/Helsinki-NLP/opus-mt-en-mk, https://github.com/Helsinki-NLP/OPUS-MT-train/blob/master/models/en-mk/README.md",opus-mt-en-mk NMT model.,False
opus-mt-en-mkh,Helsinki-NLP/opus-mt-en-mkh,eng,kha khm khm_Latn mnw vie vie_Hani,,,"https://huggingface.co/Helsinki-NLP/opus-mt-en-mkh, https://github.com/Helsinki-NLP/Tatoeba-Challenge/tree/master/models/eng-mkh/README.md","eng-mkh, source group: English, target group: Mon-Khmer languages NMT model.",True
opus-mt-en-ml,Helsinki-NLP/opus-mt-en-ml,en,ml,,,"https://huggingface.co/Helsinki-NLP/opus-mt-en-ml, https://github.com/Helsinki-NLP/OPUS-MT-train/blob/master/models/en-ml/README.md",opus-mt-en-ml NMT model.,False
opus-mt-en-mos,Helsinki-NLP/opus-mt-en-mos,en,mos,,,"https://huggingface.co/Helsinki-NLP/opus-mt-en-mos, https://github.com/Helsinki-NLP/OPUS-MT-train/blob/master/models/en-mos/README.md",opus-mt-en-mos NMT model.,False
opus-mt-en-mr,Helsinki-NLP/opus-mt-en-mr,en,mr,,,"https://huggingface.co/Helsinki-NLP/opus-mt-en-mr, https://github.com/Helsinki-NLP/OPUS-MT-train/blob/master/models/en-mr/README.md",opus-mt-en-mr NMT model.,False
opus-mt-en-mt,Helsinki-NLP/opus-mt-en-mt,en,mt,,,"https://huggingface.co/Helsinki-NLP/opus-mt-en-mt, https://github.com/Helsinki-NLP/OPUS-MT-train/blob/master/models/en-mt/README.md",opus-mt-en-mt NMT model.,False
opus-mt-en-mul,Helsinki-NLP/opus-mt-en-mul,eng,abk acm ady afb afh_Latn afr akl_Latn aln amh ang_Latn apc ara arg arq ary arz asm ast avk_Latn awa aze_Latn bak bam_Latn bel bel_Latn ben bho bod bos_Latn bre brx brx_Latn bul bul_Latn cat ceb ces cha che chr chv cjy_Hans cjy_Hant cmn cmn_Hans cmn_Hant cor cos crh crh_Latn csb_Latn cym dan deu dsb dtp dws_Latn egl ell enm_Latn epo est eus ewe ext fao fij fin fkv_Latn fra frm_Latn frr fry fuc fuv gan gcf_Latn gil gla gle glg glv gom gos got_Goth grc_Grek grn gsw guj hat hau_Latn haw heb hif_Latn hil hin hnj_Latn hoc hoc_Latn hrv hsb hun hye iba ibo ido ido_Latn ike_Latn ile_Latn ilo ina_Latn ind isl ita izh jav jav_Java jbo jbo_Cyrl jbo_Latn jdt_Cyrl jpn kab kal kan kat kaz_Cyrl kaz_Latn kek_Latn kha khm khm_Latn kin kir_Cyrl kjh kpv krl ksh kum kur_Arab kur_Latn lad lad_Latn lao lat_Latn lav ldn_Latn lfn_Cyrl lfn_Latn lij lin lit liv_Latn lkt lld_Latn lmo ltg ltz lug lzh lzh_Hans mad mah mai mal mar max_Latn mdf mfe mhr mic min mkd mlg mlt mnw moh mon mri mwl mww mya myv nan nau nav nds niu nld nno nob nob_Hebr nog non_Latn nov_Latn npi nya oci ori orv_Cyrl oss ota_Arab ota_Latn pag pan_Guru pap pau pdc pes pes_Latn pes_Thaa pms pnb pol por ppl_Latn prg_Latn pus quc qya qya_Latn rap rif_Latn roh rom ron rue run rus sag sah san_Deva scn sco sgs shs_Latn shy_Latn sin sjn_Latn slv sma sme smo sna snd_Arab som spa sqi srp_Cyrl srp_Latn stq sun swe swg swh tah tam tat tat_Arab tat_Latn tel tet tgk_Cyrl tha tir tlh_Latn tly_Latn tmw_Latn toi_Latn ton tpw_Latn tso tuk tuk_Latn tur tvl tyv tzl tzl_Latn udm uig_Arab uig_Cyrl ukr umb urd uzb_Cyrl uzb_Latn vec vie vie_Hani vol_Latn vro war wln wol wuu xal xho yid yor yue yue_Hans yue_Hant zho zho_Hans zho_Hant zlm_Latn zsm_Latn zul zza,,,"https://huggingface.co/Helsinki-NLP/opus-mt-en-mul, https://github.com/Helsinki-NLP/Tatoeba-Challenge/tree/master/models/eng-mul/README.md","eng-mul, source group: English, target group: Multiple languages NMT model.",True
opus-mt-en-ng,Helsinki-NLP/opus-mt-en-ng,en,ng,,,"https://huggingface.co/Helsinki-NLP/opus-mt-en-ng, https://github.com/Helsinki-NLP/OPUS-MT-train/blob/master/models/en-ng/README.md",opus-mt-en-ng NMT model.,False
opus-mt-en-nic,Helsinki-NLP/opus-mt-en-nic,eng,bam_Latn ewe fuc fuv ibo kin lin lug nya run sag sna swh toi_Latn tso umb wol xho yor zul,,,"https://huggingface.co/Helsinki-NLP/opus-mt-en-nic, https://github.com/Helsinki-NLP/Tatoeba-Challenge/tree/master/models/eng-nic/README.md","eng-nic, source group: English, target group: Niger-Kordofanian languages NMT model.",True
opus-mt-en-niu,Helsinki-NLP/opus-mt-en-niu,en,niu,,,"https://huggingface.co/Helsinki-NLP/opus-mt-en-niu, https://github.com/Helsinki-NLP/OPUS-MT-train/blob/master/models/en-niu/README.md",opus-mt-en-niu NMT model.,False
opus-mt-en-nl,Helsinki-NLP/opus-mt-en-nl,en,nl,,,"https://huggingface.co/Helsinki-NLP/opus-mt-en-nl, https://github.com/Helsinki-NLP/OPUS-MT-train/blob/master/models/en-nl/README.md",opus-mt-en-nl NMT model.,False
opus-mt-en-nso,Helsinki-NLP/opus-mt-en-nso,en,nso,,,"https://huggingface.co/Helsinki-NLP/opus-mt-en-nso, https://github.com/Helsinki-NLP/OPUS-MT-train/blob/master/models/en-nso/README.md",opus-mt-en-nso NMT model.,False
opus-mt-en-ny,Helsinki-NLP/opus-mt-en-ny,en,ny,,,"https://huggingface.co/Helsinki-NLP/opus-mt-en-ny, https://github.com/Helsinki-NLP/OPUS-MT-train/blob/master/models/en-ny/README.md",opus-mt-en-ny NMT model.,False
opus-mt-en-nyk,Helsinki-NLP/opus-mt-en-nyk,en,nyk,,,"https://huggingface.co/Helsinki-NLP/opus-mt-en-nyk, https://github.com/Helsinki-NLP/OPUS-MT-train/blob/master/models/en-nyk/README.md",opus-mt-en-nyk NMT model.,False
opus-mt-en-om,Helsinki-NLP/opus-mt-en-om,en,om,,,"https://huggingface.co/Helsinki-NLP/opus-mt-en-om, https://github.com/Helsinki-NLP/OPUS-MT-train/blob/master/models/en-om/README.md",opus-mt-en-om NMT model.,False
opus-mt-en-pag,Helsinki-NLP/opus-mt-en-pag,en,pag,,,"https://huggingface.co/Helsinki-NLP/opus-mt-en-pag, https://github.com/Helsinki-NLP/OPUS-MT-train/blob/master/models/en-pag/README.md",opus-mt-en-pag NMT model.,False
opus-mt-en-pap,Helsinki-NLP/opus-mt-en-pap,en,pap,,,"https://huggingface.co/Helsinki-NLP/opus-mt-en-pap, https://github.com/Helsinki-NLP/OPUS-MT-train/blob/master/models/en-pap/README.md",opus-mt-en-pap NMT model.,False
opus-mt-en-phi,Helsinki-NLP/opus-mt-en-phi,eng,akl_Latn ceb hil ilo pag war,,,"https://huggingface.co/Helsinki-NLP/opus-mt-en-phi, https://github.com/Helsinki-NLP/Tatoeba-Challenge/tree/master/models/eng-phi/README.md","eng-phi, source group: English, target group: Philippine languages NMT model.",True
opus-mt-en-pis,Helsinki-NLP/opus-mt-en-pis,en,pis,,,"https://huggingface.co/Helsinki-NLP/opus-mt-en-pis, https://github.com/Helsinki-NLP/OPUS-MT-train/blob/master/models/en-pis/README.md",opus-mt-en-pis NMT model.,False
opus-mt-en-pon,Helsinki-NLP/opus-mt-en-pon,en,pon,,,"https://huggingface.co/Helsinki-NLP/opus-mt-en-pon, https://github.com/Helsinki-NLP/OPUS-MT-train/blob/master/models/en-pon/README.md",opus-mt-en-pon NMT model.,False
opus-mt-en-poz,Helsinki-NLP/opus-mt-en-poz,eng,akl_Latn ceb cha dtp fij gil haw hil iba ilo ind jav jav_Java lkt mad mah max_Latn min mlg mri nau niu pag pau rap smo sun tah tet tmw_Latn ton tvl war zlm_Latn zsm_Latn,,,"https://huggingface.co/Helsinki-NLP/opus-mt-en-poz, https://github.com/Helsinki-NLP/Tatoeba-Challenge/tree/master/models/eng-poz/README.md","eng-poz, source group: English, target group: Malayo-Polynesian languages NMT model.",True
opus-mt-en-pqe,Helsinki-NLP/opus-mt-en-pqe,eng,fij gil haw lkt mah mri nau niu rap smo tah ton tvl,,,"https://huggingface.co/Helsinki-NLP/opus-mt-en-pqe, https://github.com/Helsinki-NLP/Tatoeba-Challenge/tree/master/models/eng-pqe/README.md","eng-pqe, source group: English, target group: Eastern Malayo-Polynesian languages NMT model.",True
opus-mt-en-pqw,Helsinki-NLP/opus-mt-en-pqw,eng,akl_Latn ceb cha dtp hil iba ilo ind jav jav_Java mad max_Latn min mlg pag pau sun tmw_Latn war zlm_Latn zsm_Latn,,,"https://huggingface.co/Helsinki-NLP/opus-mt-en-pqw, https://github.com/Helsinki-NLP/Tatoeba-Challenge/tree/master/models/eng-pqw/README.md","eng-pqw, source group: English, target group: Western Malayo-Polynesian languages NMT model.",True
opus-mt-en-rn,Helsinki-NLP/opus-mt-en-rn,eng,run,,,"https://huggingface.co/Helsinki-NLP/opus-mt-en-rn, https://github.com/Helsinki-NLP/Tatoeba-Challenge/tree/master/models/eng-run/README.md","eng-run, source group: English, target group: Rundi NMT model.",False
opus-mt-en-rnd,Helsinki-NLP/opus-mt-en-rnd,en,rnd,,,"https://huggingface.co/Helsinki-NLP/opus-mt-en-rnd, https://github.com/Helsinki-NLP/OPUS-MT-train/blob/master/models/en-rnd/README.md",opus-mt-en-rnd NMT model.,False
opus-mt-en-ro,Helsinki-NLP/opus-mt-en-ro,en,ro,,,"https://huggingface.co/Helsinki-NLP/opus-mt-en-ro, https://github.com/Helsinki-NLP/OPUS-MT-train/blob/master/models/en-ro/README.md",opus-mt-en-ro NMT model.,False
opus-mt-en-roa,Helsinki-NLP/opus-mt-en-roa,eng,arg ast cat cos egl ext fra frm_Latn gcf_Latn glg hat ind ita lad lad_Latn lij lld_Latn lmo max_Latn mfe min mwl oci pap pms por roh ron scn spa tmw_Latn vec wln zlm_Latn zsm_Latn,,,"https://huggingface.co/Helsinki-NLP/opus-mt-en-roa, https://github.com/Helsinki-NLP/Tatoeba-Challenge/tree/master/models/eng-roa/README.md","eng-roa, source group: English, target group: Romance languages NMT model.",True
opus-mt-en-ru,Helsinki-NLP/opus-mt-en-ru,en,ru,,,"https://huggingface.co/Helsinki-NLP/opus-mt-en-ru, https://github.com/Helsinki-NLP/OPUS-MT-train/blob/master/models/en-ru/README.md",opus-mt-en-ru NMT model.,False
opus-mt-en-run,Helsinki-NLP/opus-mt-en-run,en,run,,,"https://huggingface.co/Helsinki-NLP/opus-mt-en-run, https://github.com/Helsinki-NLP/OPUS-MT-train/blob/master/models/en-run/README.md",opus-mt-en-run NMT model.,False
opus-mt-en-rw,Helsinki-NLP/opus-mt-en-rw,en,rw,,,"https://huggingface.co/Helsinki-NLP/opus-mt-en-rw, https://github.com/Helsinki-NLP/OPUS-MT-train/blob/master/models/en-rw/README.md",opus-mt-en-rw NMT model.,False
opus-mt-en-sal,Helsinki-NLP/opus-mt-en-sal,eng,shs_Latn,,,"https://huggingface.co/Helsinki-NLP/opus-mt-en-sal, https://github.com/Helsinki-NLP/Tatoeba-Challenge/tree/master/models/eng-sal/README.md","eng-sal, source group: English, target group: Salishan languages NMT model.",False
opus-mt-en-sem,Helsinki-NLP/opus-mt-en-sem,eng,acm afb amh apc ara arq ary arz heb mlt tir,,,"https://huggingface.co/Helsinki-NLP/opus-mt-en-sem, https://github.com/Helsinki-NLP/Tatoeba-Challenge/tree/master/models/eng-sem/README.md","eng-sem, source group: English, target group: Semitic languages NMT model.",True
opus-mt-en-sg,Helsinki-NLP/opus-mt-en-sg,en,sg,,,"https://huggingface.co/Helsinki-NLP/opus-mt-en-sg, https://github.com/Helsinki-NLP/OPUS-MT-train/blob/master/models/en-sg/README.md",opus-mt-en-sg NMT model.,False
opus-mt-en-sit,Helsinki-NLP/opus-mt-en-sit,eng,bod brx brx_Latn cjy_Hans cjy_Hant cmn cmn_Hans cmn_Hant gan lzh lzh_Hans mya nan wuu yue yue_Hans yue_Hant zho zho_Hans zho_Hant,,,"https://huggingface.co/Helsinki-NLP/opus-mt-en-sit, https://github.com/Helsinki-NLP/Tatoeba-Challenge/tree/master/models/eng-sit/README.md","eng-sit, source group: English, target group: Sino-Tibetan languages NMT model.",True
opus-mt-en-sk,Helsinki-NLP/opus-mt-en-sk,en,sk,,,"https://huggingface.co/Helsinki-NLP/opus-mt-en-sk, https://github.com/Helsinki-NLP/OPUS-MT-train/blob/master/models/en-sk/README.md",opus-mt-en-sk NMT model.,False
opus-mt-en-sla,Helsinki-NLP/opus-mt-en-sla,eng,bel bel_Latn bos_Latn bul bul_Latn ces csb_Latn dsb hrv hsb mkd orv_Cyrl pol rue rus slv srp_Cyrl srp_Latn ukr,,,"https://huggingface.co/Helsinki-NLP/opus-mt-en-sla, https://github.com/Helsinki-NLP/Tatoeba-Challenge/tree/master/models/eng-sla/README.md","eng-sla, source group: English, target group: Slavic languages NMT model.",True
opus-mt-en-sm,Helsinki-NLP/opus-mt-en-sm,en,sm,,,"https://huggingface.co/Helsinki-NLP/opus-mt-en-sm, https://github.com/Helsinki-NLP/OPUS-MT-train/blob/master/models/en-sm/README.md",opus-mt-en-sm NMT model.,False
opus-mt-en-sn,Helsinki-NLP/opus-mt-en-sn,en,sn,,,"https://huggingface.co/Helsinki-NLP/opus-mt-en-sn, https://github.com/Helsinki-NLP/OPUS-MT-train/blob/master/models/en-sn/README.md",opus-mt-en-sn NMT model.,False
opus-mt-en-sq,Helsinki-NLP/opus-mt-en-sq,en,sq,,,"https://huggingface.co/Helsinki-NLP/opus-mt-en-sq, https://github.com/Helsinki-NLP/OPUS-MT-train/blob/master/models/en-sq/README.md",opus-mt-en-sq NMT model.,False
opus-mt-en-ss,Helsinki-NLP/opus-mt-en-ss,en,ss,,,"https://huggingface.co/Helsinki-NLP/opus-mt-en-ss, https://github.com/Helsinki-NLP/OPUS-MT-train/blob/master/models/en-ss/README.md",opus-mt-en-ss NMT model.,False
opus-mt-en-st,Helsinki-NLP/opus-mt-en-st,en,st,,,"https://huggingface.co/Helsinki-NLP/opus-mt-en-st, https://github.com/Helsinki-NLP/OPUS-MT-train/blob/master/models/en-st/README.md",opus-mt-en-st NMT model.,False
opus-mt-en-sv,Helsinki-NLP/opus-mt-en-sv,en,sv,,,"https://huggingface.co/Helsinki-NLP/opus-mt-en-sv, https://github.com/Helsinki-NLP/OPUS-MT-train/blob/master/models/en-sv/README.md",opus-mt-en-sv NMT model.,False
opus-mt-en-sw,Helsinki-NLP/opus-mt-en-sw,en,sw,,,"https://huggingface.co/Helsinki-NLP/opus-mt-en-sw, https://github.com/Helsinki-NLP/OPUS-MT-train/blob/master/models/en-sw/README.md",opus-mt-en-sw NMT model.,False
opus-mt-en-swc,Helsinki-NLP/opus-mt-en-swc,en,swc,,,"https://huggingface.co/Helsinki-NLP/opus-mt-en-swc, https://github.com/Helsinki-NLP/OPUS-MT-train/blob/master/models/en-swc/README.md",opus-mt-en-swc NMT model.,False
opus-mt-en-tdt,Helsinki-NLP/opus-mt-en-tdt,en,tdt,,,"https://huggingface.co/Helsinki-NLP/opus-mt-en-tdt, https://github.com/Helsinki-NLP/OPUS-MT-train/blob/master/models/en-tdt/README.md",opus-mt-en-tdt NMT model.,False
opus-mt-en-ti,Helsinki-NLP/opus-mt-en-ti,en,ti,,,"https://huggingface.co/Helsinki-NLP/opus-mt-en-ti, https://github.com/Helsinki-NLP/OPUS-MT-train/blob/master/models/en-ti/README.md",opus-mt-en-ti NMT model.,False
opus-mt-en-tiv,Helsinki-NLP/opus-mt-en-tiv,en,tiv,,,"https://huggingface.co/Helsinki-NLP/opus-mt-en-tiv, https://github.com/Helsinki-NLP/OPUS-MT-train/blob/master/models/en-tiv/README.md",opus-mt-en-tiv NMT model.,False
opus-mt-en-tl,Helsinki-NLP/opus-mt-en-tl,en,tl,,,"https://huggingface.co/Helsinki-NLP/opus-mt-en-tl, https://github.com/Helsinki-NLP/OPUS-MT-train/blob/master/models/en-tl/README.md",opus-mt-en-tl NMT model.,False
opus-mt-en-tll,Helsinki-NLP/opus-mt-en-tll,en,tll,,,"https://huggingface.co/Helsinki-NLP/opus-mt-en-tll, https://github.com/Helsinki-NLP/OPUS-MT-train/blob/master/models/en-tll/README.md",opus-mt-en-tll NMT model.,False
opus-mt-en-tn,Helsinki-NLP/opus-mt-en-tn,en,tn,,,"https://huggingface.co/Helsinki-NLP/opus-mt-en-tn, https://github.com/Helsinki-NLP/OPUS-MT-train/blob/master/models/en-tn/README.md",opus-mt-en-tn NMT model.,False
opus-mt-en-to,Helsinki-NLP/opus-mt-en-to,en,to,,,"https://huggingface.co/Helsinki-NLP/opus-mt-en-to, https://github.com/Helsinki-NLP/OPUS-MT-train/blob/master/models/en-to/README.md",opus-mt-en-to NMT model.,False
opus-mt-en-toi,Helsinki-NLP/opus-mt-en-toi,en,toi,,,"https://huggingface.co/Helsinki-NLP/opus-mt-en-toi, https://github.com/Helsinki-NLP/OPUS-MT-train/blob/master/models/en-toi/README.md",opus-mt-en-toi NMT model.,False
opus-mt-en-tpi,Helsinki-NLP/opus-mt-en-tpi,en,tpi,,,"https://huggingface.co/Helsinki-NLP/opus-mt-en-tpi, https://github.com/Helsinki-NLP/OPUS-MT-train/blob/master/models/en-tpi/README.md",opus-mt-en-tpi NMT model.,False
opus-mt-en-trk,Helsinki-NLP/opus-mt-en-trk,eng,aze_Latn bak chv crh crh_Latn kaz_Cyrl kaz_Latn kir_Cyrl kjh kum ota_Arab ota_Latn sah tat tat_Arab tat_Latn tuk tuk_Latn tur tyv uig_Arab uig_Cyrl uzb_Cyrl uzb_Latn,,,"https://huggingface.co/Helsinki-NLP/opus-mt-en-trk, https://github.com/Helsinki-NLP/Tatoeba-Challenge/tree/master/models/eng-trk/README.md","eng-trk, source group: English, target group: Turkic languages NMT model.",True
opus-mt-en-ts,Helsinki-NLP/opus-mt-en-ts,en,ts,,,"https://huggingface.co/Helsinki-NLP/opus-mt-en-ts, https://github.com/Helsinki-NLP/OPUS-MT-train/blob/master/models/en-ts/README.md",opus-mt-en-ts NMT model.,False
opus-mt-en-tut,Helsinki-NLP/opus-mt-en-tut,eng,aze_Latn bak chv crh crh_Latn kaz_Cyrl kaz_Latn kir_Cyrl kjh kum mon nog ota_Arab ota_Latn sah tat tat_Arab tat_Latn tuk tuk_Latn tur tyv uig_Arab uig_Cyrl uzb_Cyrl uzb_Latn xal,,,"https://huggingface.co/Helsinki-NLP/opus-mt-en-tut, https://github.com/Helsinki-NLP/Tatoeba-Challenge/tree/master/models/eng-tut/README.md","eng-tut, source group: English, target group: Altaic languages NMT model.",True
opus-mt-en-tvl,Helsinki-NLP/opus-mt-en-tvl,en,tvl,,,"https://huggingface.co/Helsinki-NLP/opus-mt-en-tvl, https://github.com/Helsinki-NLP/OPUS-MT-train/blob/master/models/en-tvl/README.md",opus-mt-en-tvl NMT model.,False
opus-mt-en-tw,Helsinki-NLP/opus-mt-en-tw,en,tw,,,"https://huggingface.co/Helsinki-NLP/opus-mt-en-tw, https://github.com/Helsinki-NLP/OPUS-MT-train/blob/master/models/en-tw/README.md",opus-mt-en-tw NMT model.,False
opus-mt-en-ty,Helsinki-NLP/opus-mt-en-ty,en,ty,,,"https://huggingface.co/Helsinki-NLP/opus-mt-en-ty, https://github.com/Helsinki-NLP/OPUS-MT-train/blob/master/models/en-ty/README.md",opus-mt-en-ty NMT model.,False
opus-mt-en-uk,Helsinki-NLP/opus-mt-en-uk,en,uk,,,"https://huggingface.co/Helsinki-NLP/opus-mt-en-uk, https://github.com/Helsinki-NLP/OPUS-MT-train/blob/master/models/en-uk/README.md",opus-mt-en-uk NMT model.,False
opus-mt-en-umb,Helsinki-NLP/opus-mt-en-umb,en,umb,,,"https://huggingface.co/Helsinki-NLP/opus-mt-en-umb, https://github.com/Helsinki-NLP/OPUS-MT-train/blob/master/models/en-umb/README.md",opus-mt-en-umb NMT model.,False
opus-mt-en-ur,Helsinki-NLP/opus-mt-en-ur,eng,urd,,,"https://huggingface.co/Helsinki-NLP/opus-mt-en-ur, https://github.com/Helsinki-NLP/Tatoeba-Challenge/tree/master/models/eng-urd/README.md","eng-urd, source group: English, target group: Urdu NMT model.",False
opus-mt-en-urj,Helsinki-NLP/opus-mt-en-urj,eng,est fin fkv_Latn hun izh kpv krl liv_Latn mdf mhr myv sma sme udm vro,,,"https://huggingface.co/Helsinki-NLP/opus-mt-en-urj, https://github.com/Helsinki-NLP/Tatoeba-Challenge/tree/master/models/eng-urj/README.md","eng-urj, source group: English, target group: Uralic languages NMT model.",True
opus-mt-en-vi,Helsinki-NLP/opus-mt-en-vi,eng,vie vie_Hani,,,"https://huggingface.co/Helsinki-NLP/opus-mt-en-vi, https://github.com/Helsinki-NLP/Tatoeba-Challenge/tree/master/models/eng-vie/README.md","eng-vie, source group: English, target group: Vietnamese NMT model.",True
opus-mt-en-xh,Helsinki-NLP/opus-mt-en-xh,en,xh,,,"https://huggingface.co/Helsinki-NLP/opus-mt-en-xh, https://github.com/Helsinki-NLP/OPUS-MT-train/blob/master/models/en-xh/README.md",opus-mt-en-xh NMT model.,False
opus-mt-en-zh,Helsinki-NLP/opus-mt-en-zh,eng,cjy_Hans cjy_Hant cmn cmn_Hans cmn_Hant gan lzh lzh_Hans nan wuu yue yue_Hans yue_Hant,,,"https://huggingface.co/Helsinki-NLP/opus-mt-en-zh, https://github.com/Helsinki-NLP/Tatoeba-Challenge/tree/master/models/eng-zho/README.md","eng-zho, source group: English, target group: Chinese NMT model.",True
opus-mt-en-zle,Helsinki-NLP/opus-mt-en-zle,eng,bel bel_Latn orv_Cyrl rue rus ukr,,,"https://huggingface.co/Helsinki-NLP/opus-mt-en-zle, https://github.com/Helsinki-NLP/Tatoeba-Challenge/tree/master/models/eng-zle/README.md","eng-zle, source group: English, target group: East Slavic languages NMT model.",True
opus-mt-en-zls,Helsinki-NLP/opus-mt-en-zls,eng,bos_Latn bul bul_Latn hrv mkd slv srp_Cyrl srp_Latn,,,"https://huggingface.co/Helsinki-NLP/opus-mt-en-zls, https://github.com/Helsinki-NLP/Tatoeba-Challenge/tree/master/models/eng-zls/README.md","eng-zls, source group: English, target group: South Slavic languages NMT model.",True
opus-mt-en-zlw,Helsinki-NLP/opus-mt-en-zlw,eng,ces csb_Latn dsb hsb pol,,,"https://huggingface.co/Helsinki-NLP/opus-mt-en-zlw, https://github.com/Helsinki-NLP/Tatoeba-Challenge/tree/master/models/eng-zlw/README.md","eng-zlw, source group: English, target group: West Slavic languages NMT model.",True
opus-mt-en_el_es_fi-en_el_es_fi,Helsinki-NLP/opus-mt-en_el_es_fi-en_el_es_fi,en el es fi,en el es fi,,,"https://huggingface.co/Helsinki-NLP/opus-mt-en_el_es_fi-en_el_es_fi, https://github.com/Helsinki-NLP/OPUS-MT-train/blob/master/models/en+el+es+fi-en+el+es+fi/README.md",opus-mt-en_el_es_fi-en_el_es_fi NMT model.,True
opus-mt-eo-af,Helsinki-NLP/opus-mt-eo-af,epo,afr,,,"https://huggingface.co/Helsinki-NLP/opus-mt-eo-af, https://github.com/Helsinki-NLP/Tatoeba-Challenge/tree/master/models/epo-afr/README.md","epo-afr, source group: Esperanto, target group: Afrikaans NMT model.",False
opus-mt-eo-bg,Helsinki-NLP/opus-mt-eo-bg,epo,bul,,,"https://huggingface.co/Helsinki-NLP/opus-mt-eo-bg, https://github.com/Helsinki-NLP/Tatoeba-Challenge/tree/master/models/epo-bul/README.md","epo-bul, source group: Esperanto, target group: Bulgarian NMT model.",False
opus-mt-eo-cs,Helsinki-NLP/opus-mt-eo-cs,epo,ces,,,"https://huggingface.co/Helsinki-NLP/opus-mt-eo-cs, https://github.com/Helsinki-NLP/Tatoeba-Challenge/tree/master/models/epo-ces/README.md","epo-ces, source group: Esperanto, target group: Czech NMT model.",False
opus-mt-eo-da,Helsinki-NLP/opus-mt-eo-da,epo,dan,,,"https://huggingface.co/Helsinki-NLP/opus-mt-eo-da, https://github.com/Helsinki-NLP/Tatoeba-Challenge/tree/master/models/epo-dan/README.md","epo-dan, source group: Esperanto, target group: Danish NMT model.",False
opus-mt-eo-de,Helsinki-NLP/opus-mt-eo-de,eo,de,,,"https://huggingface.co/Helsinki-NLP/opus-mt-eo-de, https://github.com/Helsinki-NLP/OPUS-MT-train/blob/master/models/eo-de/README.md",opus-mt-eo-de NMT model.,False
opus-mt-eo-el,Helsinki-NLP/opus-mt-eo-el,epo,ell,,,"https://huggingface.co/Helsinki-NLP/opus-mt-eo-el, https://github.com/Helsinki-NLP/Tatoeba-Challenge/tree/master/models/epo-ell/README.md","epo-ell, source group: Esperanto, target group: Modern Greek (1453-) NMT model.",False
opus-mt-eo-en,Helsinki-NLP/opus-mt-eo-en,eo,en,,,"https://huggingface.co/Helsinki-NLP/opus-mt-eo-en, https://github.com/Helsinki-NLP/OPUS-MT-train/blob/master/models/eo-en/README.md",opus-mt-eo-en NMT model.,False
opus-mt-eo-es,Helsinki-NLP/opus-mt-eo-es,eo,es,,,"https://huggingface.co/Helsinki-NLP/opus-mt-eo-es, https://github.com/Helsinki-NLP/OPUS-MT-train/blob/master/models/eo-es/README.md",opus-mt-eo-es NMT model.,False
opus-mt-eo-fi,Helsinki-NLP/opus-mt-eo-fi,epo,fin,,,"https://huggingface.co/Helsinki-NLP/opus-mt-eo-fi, https://github.com/Helsinki-NLP/Tatoeba-Challenge/tree/master/models/epo-fin/README.md","epo-fin, source group: Esperanto, target group: Finnish NMT model.",False
opus-mt-eo-fr,Helsinki-NLP/opus-mt-eo-fr,eo,fr,,,"https://huggingface.co/Helsinki-NLP/opus-mt-eo-fr, https://github.com/Helsinki-NLP/OPUS-MT-train/blob/master/models/eo-fr/README.md",opus-mt-eo-fr NMT model.,False
opus-mt-eo-he,Helsinki-NLP/opus-mt-eo-he,epo,heb,,,"https://huggingface.co/Helsinki-NLP/opus-mt-eo-he, https://github.com/Helsinki-NLP/Tatoeba-Challenge/tree/master/models/epo-heb/README.md","epo-heb, source group: Esperanto, target group: Hebrew NMT model.",False
opus-mt-eo-hu,Helsinki-NLP/opus-mt-eo-hu,epo,hun,,,"https://huggingface.co/Helsinki-NLP/opus-mt-eo-hu, https://github.com/Helsinki-NLP/Tatoeba-Challenge/tree/master/models/epo-hun/README.md","epo-hun, source group: Esperanto, target group: Hungarian NMT model.",False
opus-mt-eo-it,Helsinki-NLP/opus-mt-eo-it,epo,ita,,,"https://huggingface.co/Helsinki-NLP/opus-mt-eo-it, https://github.com/Helsinki-NLP/Tatoeba-Challenge/tree/master/models/epo-ita/README.md","epo-ita, source group: Esperanto, target group: Italian NMT model.",False
opus-mt-eo-nl,Helsinki-NLP/opus-mt-eo-nl,epo,nld,,,"https://huggingface.co/Helsinki-NLP/opus-mt-eo-nl, https://github.com/Helsinki-NLP/Tatoeba-Challenge/tree/master/models/epo-nld/README.md","epo-nld, source group: Esperanto, target group: Dutch NMT model.",False
opus-mt-eo-pl,Helsinki-NLP/opus-mt-eo-pl,epo,pol,,,"https://huggingface.co/Helsinki-NLP/opus-mt-eo-pl, https://github.com/Helsinki-NLP/Tatoeba-Challenge/tree/master/models/epo-pol/README.md","epo-pol, source group: Esperanto, target group: Polish NMT model.",False
opus-mt-eo-pt,Helsinki-NLP/opus-mt-eo-pt,epo,por,,,"https://huggingface.co/Helsinki-NLP/opus-mt-eo-pt, https://github.com/Helsinki-NLP/Tatoeba-Challenge/tree/master/models/epo-por/README.md","epo-por, source group: Esperanto, target group: Portuguese NMT model.",False
opus-mt-eo-ro,Helsinki-NLP/opus-mt-eo-ro,epo,ron,,,"https://huggingface.co/Helsinki-NLP/opus-mt-eo-ro, https://github.com/Helsinki-NLP/Tatoeba-Challenge/tree/master/models/epo-ron/README.md","epo-ron, source group: Esperanto, target group: Romanian NMT model.",False
opus-mt-eo-ru,Helsinki-NLP/opus-mt-eo-ru,epo,rus,,,"https://huggingface.co/Helsinki-NLP/opus-mt-eo-ru, https://github.com/Helsinki-NLP/Tatoeba-Challenge/tree/master/models/epo-rus/README.md","epo-rus, source group: Esperanto, target group: Russian NMT model.",False
opus-mt-eo-sh,Helsinki-NLP/opus-mt-eo-sh,epo,bos_Latn hrv srp_Cyrl srp_Latn,,,"https://huggingface.co/Helsinki-NLP/opus-mt-eo-sh, https://github.com/Helsinki-NLP/Tatoeba-Challenge/tree/master/models/epo-hbs/README.md","epo-hbs, source group: Esperanto, target group: Serbo-Croatian NMT model.",True
opus-mt-eo-sv,Helsinki-NLP/opus-mt-eo-sv,epo,swe,,,"https://huggingface.co/Helsinki-NLP/opus-mt-eo-sv, https://github.com/Helsinki-NLP/Tatoeba-Challenge/tree/master/models/epo-swe/README.md","epo-swe, source group: Esperanto, target group: Swedish NMT model.",False
opus-mt-es-NORWAY,Helsinki-NLP/opus-mt-es-NORWAY,es,nb_NO nb nn_NO nn nog no_nb no,,,"https://huggingface.co/Helsinki-NLP/opus-mt-es-NORWAY, https://github.com/Helsinki-NLP/OPUS-MT-train/blob/master/models/es-nb_NO+nb+nn_NO+nn+nog+no_nb+no/README.md",opus-mt-es-NORWAY NMT model.,True
opus-mt-es-aed,Helsinki-NLP/opus-mt-es-aed,es,aed,,,"https://huggingface.co/Helsinki-NLP/opus-mt-es-aed, https://github.com/Helsinki-NLP/OPUS-MT-train/blob/master/models/es-aed/README.md",opus-mt-es-aed NMT model.,False
opus-mt-es-af,Helsinki-NLP/opus-mt-es-af,spa,afr,,,"https://huggingface.co/Helsinki-NLP/opus-mt-es-af, https://github.com/Helsinki-NLP/Tatoeba-Challenge/tree/master/models/spa-afr/README.md","spa-afr, source group: Spanish, target group: Afrikaans NMT model.",False
opus-mt-es-ar,Helsinki-NLP/opus-mt-es-ar,spa,apc apc_Latn ara arq,,,"https://huggingface.co/Helsinki-NLP/opus-mt-es-ar, https://github.com/Helsinki-NLP/Tatoeba-Challenge/tree/master/models/spa-ara/README.md","spa-ara, source group: Spanish, target group: Arabic NMT model.",True
opus-mt-es-ase,Helsinki-NLP/opus-mt-es-ase,es,ase,,,"https://huggingface.co/Helsinki-NLP/opus-mt-es-ase, https://github.com/Helsinki-NLP/OPUS-MT-train/blob/master/models/es-ase/README.md",opus-mt-es-ase NMT model.,False
opus-mt-es-bcl,Helsinki-NLP/opus-mt-es-bcl,es,bcl,,,"https://huggingface.co/Helsinki-NLP/opus-mt-es-bcl, https://github.com/Helsinki-NLP/OPUS-MT-train/blob/master/models/es-bcl/README.md",opus-mt-es-bcl NMT model.,False
opus-mt-es-ber,Helsinki-NLP/opus-mt-es-ber,es,ber,,,"https://huggingface.co/Helsinki-NLP/opus-mt-es-ber, https://github.com/Helsinki-NLP/OPUS-MT-train/blob/master/models/es-ber/README.md",opus-mt-es-ber NMT model.,False
opus-mt-es-bg,Helsinki-NLP/opus-mt-es-bg,spa,bul,,,"https://huggingface.co/Helsinki-NLP/opus-mt-es-bg, https://github.com/Helsinki-NLP/Tatoeba-Challenge/tree/master/models/spa-bul/README.md","spa-bul, source group: Spanish, target group: Bulgarian NMT model.",False
opus-mt-es-bi,Helsinki-NLP/opus-mt-es-bi,es,bi,,,"https://huggingface.co/Helsinki-NLP/opus-mt-es-bi, https://github.com/Helsinki-NLP/OPUS-MT-train/blob/master/models/es-bi/README.md",opus-mt-es-bi NMT model.,False
opus-mt-es-bzs,Helsinki-NLP/opus-mt-es-bzs,es,bzs,,,"https://huggingface.co/Helsinki-NLP/opus-mt-es-bzs, https://github.com/Helsinki-NLP/OPUS-MT-train/blob/master/models/es-bzs/README.md",opus-mt-es-bzs NMT model.,False
opus-mt-es-ca,Helsinki-NLP/opus-mt-es-ca,spa,cat,,,"https://huggingface.co/Helsinki-NLP/opus-mt-es-ca, https://github.com/Helsinki-NLP/Tatoeba-Challenge/tree/master/models/spa-cat/README.md","spa-cat, source group: Spanish, target group: Catalan NMT model.",False
opus-mt-es-ceb,Helsinki-NLP/opus-mt-es-ceb,es,ceb,,,"https://huggingface.co/Helsinki-NLP/opus-mt-es-ceb, https://github.com/Helsinki-NLP/OPUS-MT-train/blob/master/models/es-ceb/README.md",opus-mt-es-ceb NMT model.,False
opus-mt-es-crs,Helsinki-NLP/opus-mt-es-crs,es,crs,,,"https://huggingface.co/Helsinki-NLP/opus-mt-es-crs, https://github.com/Helsinki-NLP/OPUS-MT-train/blob/master/models/es-crs/README.md",opus-mt-es-crs NMT model.,False
opus-mt-es-cs,Helsinki-NLP/opus-mt-es-cs,es,cs,,,"https://huggingface.co/Helsinki-NLP/opus-mt-es-cs, https://github.com/Helsinki-NLP/OPUS-MT-train/blob/master/models/es-cs/README.md",opus-mt-es-cs NMT model.,False
opus-mt-es-csg,Helsinki-NLP/opus-mt-es-csg,es,csg,,,"https://huggingface.co/Helsinki-NLP/opus-mt-es-csg, https://github.com/Helsinki-NLP/OPUS-MT-train/blob/master/models/es-csg/README.md",opus-mt-es-csg NMT model.,False
opus-mt-es-csn,Helsinki-NLP/opus-mt-es-csn,es,csn,,,"https://huggingface.co/Helsinki-NLP/opus-mt-es-csn, https://github.com/Helsinki-NLP/OPUS-MT-train/blob/master/models/es-csn/README.md",opus-mt-es-csn NMT model.,False
opus-mt-es-da,Helsinki-NLP/opus-mt-es-da,es,da,,,"https://huggingface.co/Helsinki-NLP/opus-mt-es-da, https://github.com/Helsinki-NLP/OPUS-MT-train/blob/master/models/es-da/README.md",opus-mt-es-da NMT model.,False
opus-mt-es-de,Helsinki-NLP/opus-mt-es-de,es,de,,,"https://huggingface.co/Helsinki-NLP/opus-mt-es-de, https://github.com/Helsinki-NLP/OPUS-MT-train/blob/master/models/es-de/README.md",opus-mt-es-de NMT model.,False
opus-mt-es-ee,Helsinki-NLP/opus-mt-es-ee,es,ee,,,"https://huggingface.co/Helsinki-NLP/opus-mt-es-ee, https://github.com/Helsinki-NLP/OPUS-MT-train/blob/master/models/es-ee/README.md",opus-mt-es-ee NMT model.,False
opus-mt-es-efi,Helsinki-NLP/opus-mt-es-efi,es,efi,,,"https://huggingface.co/Helsinki-NLP/opus-mt-es-efi, https://github.com/Helsinki-NLP/OPUS-MT-train/blob/master/models/es-efi/README.md",opus-mt-es-efi NMT model.,False
opus-mt-es-el,Helsinki-NLP/opus-mt-es-el,es,el,,,"https://huggingface.co/Helsinki-NLP/opus-mt-es-el, https://github.com/Helsinki-NLP/OPUS-MT-train/blob/master/models/es-el/README.md",opus-mt-es-el NMT model.,False
opus-mt-es-en,Helsinki-NLP/opus-mt-es-en,spa,eng,,,"https://huggingface.co/Helsinki-NLP/opus-mt-es-en, https://github.com/Helsinki-NLP/Tatoeba-Challenge/tree/master/models/spa-eng/README.md","spa-eng, source group: Spanish, target group: English NMT model.",False
opus-mt-es-eo,Helsinki-NLP/opus-mt-es-eo,es,eo,,,"https://huggingface.co/Helsinki-NLP/opus-mt-es-eo, https://github.com/Helsinki-NLP/OPUS-MT-train/blob/master/models/es-eo/README.md",opus-mt-es-eo NMT model.,False
opus-mt-es-es,Helsinki-NLP/opus-mt-es-es,es,es,,,"https://huggingface.co/Helsinki-NLP/opus-mt-es-es, https://github.com/Helsinki-NLP/OPUS-MT-train/blob/master/models/es-es/README.md",opus-mt-es-es NMT model.,False
opus-mt-es-et,Helsinki-NLP/opus-mt-es-et,es,et,,,"https://huggingface.co/Helsinki-NLP/opus-mt-es-et, https://github.com/Helsinki-NLP/OPUS-MT-train/blob/master/models/es-et/README.md",opus-mt-es-et NMT model.,False
opus-mt-es-eu,Helsinki-NLP/opus-mt-es-eu,spa,eus,,,"https://huggingface.co/Helsinki-NLP/opus-mt-es-eu, https://github.com/Helsinki-NLP/Tatoeba-Challenge/tree/master/models/spa-eus/README.md","spa-eus, source group: Spanish, target group: Basque NMT model.",False
opus-mt-es-fi,Helsinki-NLP/opus-mt-es-fi,es,fi,,,"https://huggingface.co/Helsinki-NLP/opus-mt-es-fi, https://github.com/Helsinki-NLP/OPUS-MT-train/blob/master/models/es-fi/README.md",opus-mt-es-fi NMT model.,False
opus-mt-es-fj,Helsinki-NLP/opus-mt-es-fj,es,fj,,,"https://huggingface.co/Helsinki-NLP/opus-mt-es-fj, https://github.com/Helsinki-NLP/OPUS-MT-train/blob/master/models/es-fj/README.md",opus-mt-es-fj NMT model.,False
opus-mt-es-fr,Helsinki-NLP/opus-mt-es-fr,es,fr,,,"https://huggingface.co/Helsinki-NLP/opus-mt-es-fr, https://github.com/Helsinki-NLP/OPUS-MT-train/blob/master/models/es-fr/README.md",opus-mt-es-fr NMT model.,False
opus-mt-es-gaa,Helsinki-NLP/opus-mt-es-gaa,es,gaa,,,"https://huggingface.co/Helsinki-NLP/opus-mt-es-gaa, https://github.com/Helsinki-NLP/OPUS-MT-train/blob/master/models/es-gaa/README.md",opus-mt-es-gaa NMT model.,False
opus-mt-es-gil,Helsinki-NLP/opus-mt-es-gil,es,gil,,,"https://huggingface.co/Helsinki-NLP/opus-mt-es-gil, https://github.com/Helsinki-NLP/OPUS-MT-train/blob/master/models/es-gil/README.md",opus-mt-es-gil NMT model.,False
opus-mt-es-gl,Helsinki-NLP/opus-mt-es-gl,spa,glg,,,"https://huggingface.co/Helsinki-NLP/opus-mt-es-gl, https://github.com/Helsinki-NLP/Tatoeba-Challenge/tree/master/models/spa-glg/README.md","spa-glg, source group: Spanish, target group: Galician NMT model.",False
opus-mt-es-guw,Helsinki-NLP/opus-mt-es-guw,es,guw,,,"https://huggingface.co/Helsinki-NLP/opus-mt-es-guw, https://github.com/Helsinki-NLP/OPUS-MT-train/blob/master/models/es-guw/README.md",opus-mt-es-guw NMT model.,False
opus-mt-es-ha,Helsinki-NLP/opus-mt-es-ha,es,ha,,,"https://huggingface.co/Helsinki-NLP/opus-mt-es-ha, https://github.com/Helsinki-NLP/OPUS-MT-train/blob/master/models/es-ha/README.md",opus-mt-es-ha NMT model.,False
opus-mt-es-he,Helsinki-NLP/opus-mt-es-he,spa,heb,,,"https://huggingface.co/Helsinki-NLP/opus-mt-es-he, https://github.com/Helsinki-NLP/Tatoeba-Challenge/tree/master/models/spa-heb/README.md","es-he, source group: Spanish, target group: Hebrew NMT model.",False
opus-mt-es-hil,Helsinki-NLP/opus-mt-es-hil,es,hil,,,"https://huggingface.co/Helsinki-NLP/opus-mt-es-hil, https://github.com/Helsinki-NLP/OPUS-MT-train/blob/master/models/es-hil/README.md",opus-mt-es-hil NMT model.,False
opus-mt-es-ho,Helsinki-NLP/opus-mt-es-ho,es,ho,,,"https://huggingface.co/Helsinki-NLP/opus-mt-es-ho, https://github.com/Helsinki-NLP/OPUS-MT-train/blob/master/models/es-ho/README.md",opus-mt-es-ho NMT model.,False
opus-mt-es-hr,Helsinki-NLP/opus-mt-es-hr,es,hr,,,"https://huggingface.co/Helsinki-NLP/opus-mt-es-hr, https://github.com/Helsinki-NLP/OPUS-MT-train/blob/master/models/es-hr/README.md",opus-mt-es-hr NMT model.,False
opus-mt-es-ht,Helsinki-NLP/opus-mt-es-ht,es,ht,,,"https://huggingface.co/Helsinki-NLP/opus-mt-es-ht, https://github.com/Helsinki-NLP/OPUS-MT-train/blob/master/models/es-ht/README.md",opus-mt-es-ht NMT model.,False
opus-mt-es-id,Helsinki-NLP/opus-mt-es-id,es,id,,,"https://huggingface.co/Helsinki-NLP/opus-mt-es-id, https://github.com/Helsinki-NLP/OPUS-MT-train/blob/master/models/es-id/README.md",opus-mt-es-id NMT model.,False
opus-mt-es-ig,Helsinki-NLP/opus-mt-es-ig,es,ig,,,"https://huggingface.co/Helsinki-NLP/opus-mt-es-ig, https://github.com/Helsinki-NLP/OPUS-MT-train/blob/master/models/es-ig/README.md",opus-mt-es-ig NMT model.,False
opus-mt-es-ilo,Helsinki-NLP/opus-mt-es-ilo,es,ilo,,,"https://huggingface.co/Helsinki-NLP/opus-mt-es-ilo, https://github.com/Helsinki-NLP/OPUS-MT-train/blob/master/models/es-ilo/README.md",opus-mt-es-ilo NMT model.,False
opus-mt-es-is,Helsinki-NLP/opus-mt-es-is,spa,isl,,,"https://huggingface.co/Helsinki-NLP/opus-mt-es-is, https://github.com/Helsinki-NLP/Tatoeba-Challenge/tree/master/models/spa-isl/README.md","spa-isl, source group: Spanish, target group: Icelandic NMT model.",False
opus-mt-es-iso,Helsinki-NLP/opus-mt-es-iso,es,iso,,,"https://huggingface.co/Helsinki-NLP/opus-mt-es-iso, https://github.com/Helsinki-NLP/OPUS-MT-train/blob/master/models/es-iso/README.md",opus-mt-es-iso NMT model.,False
opus-mt-es-it,Helsinki-NLP/opus-mt-es-it,es,it,,,"https://huggingface.co/Helsinki-NLP/opus-mt-es-it, https://github.com/Helsinki-NLP/OPUS-MT-train/blob/master/models/es-it/README.md",opus-mt-es-it NMT model.,False
opus-mt-es-kg,Helsinki-NLP/opus-mt-es-kg,es,kg,,,"https://huggingface.co/Helsinki-NLP/opus-mt-es-kg, https://github.com/Helsinki-NLP/OPUS-MT-train/blob/master/models/es-kg/README.md",opus-mt-es-kg NMT model.,False
opus-mt-es-ln,Helsinki-NLP/opus-mt-es-ln,es,ln,,,"https://huggingface.co/Helsinki-NLP/opus-mt-es-ln, https://github.com/Helsinki-NLP/OPUS-MT-train/blob/master/models/es-ln/README.md",opus-mt-es-ln NMT model.,False
opus-mt-es-loz,Helsinki-NLP/opus-mt-es-loz,es,loz,,,"https://huggingface.co/Helsinki-NLP/opus-mt-es-loz, https://github.com/Helsinki-NLP/OPUS-MT-train/blob/master/models/es-loz/README.md",opus-mt-es-loz NMT model.,False
opus-mt-es-lt,Helsinki-NLP/opus-mt-es-lt,spa,lit,,,"https://huggingface.co/Helsinki-NLP/opus-mt-es-lt, https://github.com/Helsinki-NLP/Tatoeba-Challenge/tree/master/models/spa-lit/README.md","spa-lit, source group: Spanish, target group: Lithuanian NMT model.",False
opus-mt-es-lua,Helsinki-NLP/opus-mt-es-lua,es,lua,,,"https://huggingface.co/Helsinki-NLP/opus-mt-es-lua, https://github.com/Helsinki-NLP/OPUS-MT-train/blob/master/models/es-lua/README.md",opus-mt-es-lua NMT model.,False
opus-mt-es-lus,Helsinki-NLP/opus-mt-es-lus,es,lus,,,"https://huggingface.co/Helsinki-NLP/opus-mt-es-lus, https://github.com/Helsinki-NLP/OPUS-MT-train/blob/master/models/es-lus/README.md",opus-mt-es-lus NMT model.,False
opus-mt-es-mfs,Helsinki-NLP/opus-mt-es-mfs,es,mfs,,,"https://huggingface.co/Helsinki-NLP/opus-mt-es-mfs, https://github.com/Helsinki-NLP/OPUS-MT-train/blob/master/models/es-mfs/README.md",opus-mt-es-mfs NMT model.,False
opus-mt-es-mk,Helsinki-NLP/opus-mt-es-mk,spa,mkd,,,"https://huggingface.co/Helsinki-NLP/opus-mt-es-mk, https://github.com/Helsinki-NLP/Tatoeba-Challenge/tree/master/models/spa-mkd/README.md","spa-mkd, source group: Spanish, target group: Macedonian NMT model.",False
opus-mt-es-mt,Helsinki-NLP/opus-mt-es-mt,es,mt,,,"https://huggingface.co/Helsinki-NLP/opus-mt-es-mt, https://github.com/Helsinki-NLP/OPUS-MT-train/blob/master/models/es-mt/README.md",opus-mt-es-mt NMT model.,False
opus-mt-es-niu,Helsinki-NLP/opus-mt-es-niu,es,niu,,,"https://huggingface.co/Helsinki-NLP/opus-mt-es-niu, https://github.com/Helsinki-NLP/OPUS-MT-train/blob/master/models/es-niu/README.md",opus-mt-es-niu NMT model.,False
opus-mt-es-nl,Helsinki-NLP/opus-mt-es-nl,es,nl,,,"https://huggingface.co/Helsinki-NLP/opus-mt-es-nl, https://github.com/Helsinki-NLP/OPUS-MT-train/blob/master/models/es-nl/README.md",opus-mt-es-nl NMT model.,False
opus-mt-es-no,Helsinki-NLP/opus-mt-es-no,spa,nno nob,,,"https://huggingface.co/Helsinki-NLP/opus-mt-es-no, https://github.com/Helsinki-NLP/Tatoeba-Challenge/tree/master/models/spa-nor/README.md","spa-nor, source group: Spanish, target group: Norwegian NMT model.",True
opus-mt-es-nso,Helsinki-NLP/opus-mt-es-nso,es,nso,,,"https://huggingface.co/Helsinki-NLP/opus-mt-es-nso, https://github.com/Helsinki-NLP/OPUS-MT-train/blob/master/models/es-nso/README.md",opus-mt-es-nso NMT model.,False
opus-mt-es-ny,Helsinki-NLP/opus-mt-es-ny,es,ny,,,"https://huggingface.co/Helsinki-NLP/opus-mt-es-ny, https://github.com/Helsinki-NLP/OPUS-MT-train/blob/master/models/es-ny/README.md",opus-mt-es-ny NMT model.,False
opus-mt-es-pag,Helsinki-NLP/opus-mt-es-pag,es,pag,,,"https://huggingface.co/Helsinki-NLP/opus-mt-es-pag, https://github.com/Helsinki-NLP/OPUS-MT-train/blob/master/models/es-pag/README.md",opus-mt-es-pag NMT model.,False
opus-mt-es-pap,Helsinki-NLP/opus-mt-es-pap,es,pap,,,"https://huggingface.co/Helsinki-NLP/opus-mt-es-pap, https://github.com/Helsinki-NLP/OPUS-MT-train/blob/master/models/es-pap/README.md",opus-mt-es-pap NMT model.,False
opus-mt-es-pis,Helsinki-NLP/opus-mt-es-pis,es,pis,,,"https://huggingface.co/Helsinki-NLP/opus-mt-es-pis, https://github.com/Helsinki-NLP/OPUS-MT-train/blob/master/models/es-pis/README.md",opus-mt-es-pis NMT model.,False
opus-mt-es-pl,Helsinki-NLP/opus-mt-es-pl,es,pl,,,"https://huggingface.co/Helsinki-NLP/opus-mt-es-pl, https://github.com/Helsinki-NLP/OPUS-MT-train/blob/master/models/es-pl/README.md",opus-mt-es-pl NMT model.,False
opus-mt-es-pon,Helsinki-NLP/opus-mt-es-pon,es,pon,,,"https://huggingface.co/Helsinki-NLP/opus-mt-es-pon, https://github.com/Helsinki-NLP/OPUS-MT-train/blob/master/models/es-pon/README.md",opus-mt-es-pon NMT model.,False
opus-mt-es-prl,Helsinki-NLP/opus-mt-es-prl,es,prl,,,"https://huggingface.co/Helsinki-NLP/opus-mt-es-prl, https://github.com/Helsinki-NLP/OPUS-MT-train/blob/master/models/es-prl/README.md",opus-mt-es-prl NMT model.,False
opus-mt-es-rn,Helsinki-NLP/opus-mt-es-rn,spa,run,,,"https://huggingface.co/Helsinki-NLP/opus-mt-es-rn, https://github.com/Helsinki-NLP/Tatoeba-Challenge/tree/master/models/spa-run/README.md","spa-run, source group: Spanish, target group: Rundi NMT model.",False
opus-mt-es-ro,Helsinki-NLP/opus-mt-es-ro,es,ro,,,"https://huggingface.co/Helsinki-NLP/opus-mt-es-ro, https://github.com/Helsinki-NLP/OPUS-MT-train/blob/master/models/es-ro/README.md",opus-mt-es-ro NMT model.,False
opus-mt-es-ru,Helsinki-NLP/opus-mt-es-ru,es,ru,,,"https://huggingface.co/Helsinki-NLP/opus-mt-es-ru, https://github.com/Helsinki-NLP/OPUS-MT-train/blob/master/models/es-ru/README.md",opus-mt-es-ru NMT model.,False
opus-mt-es-rw,Helsinki-NLP/opus-mt-es-rw,es,rw,,,"https://huggingface.co/Helsinki-NLP/opus-mt-es-rw, https://github.com/Helsinki-NLP/OPUS-MT-train/blob/master/models/es-rw/README.md",opus-mt-es-rw NMT model.,False
opus-mt-es-sg,Helsinki-NLP/opus-mt-es-sg,es,sg,,,"https://huggingface.co/Helsinki-NLP/opus-mt-es-sg, https://github.com/Helsinki-NLP/OPUS-MT-train/blob/master/models/es-sg/README.md",opus-mt-es-sg NMT model.,False
opus-mt-es-sl,Helsinki-NLP/opus-mt-es-sl,es,sl,,,"https://huggingface.co/Helsinki-NLP/opus-mt-es-sl, https://github.com/Helsinki-NLP/OPUS-MT-train/blob/master/models/es-sl/README.md",opus-mt-es-sl NMT model.,False
opus-mt-es-sm,Helsinki-NLP/opus-mt-es-sm,es,sm,,,"https://huggingface.co/Helsinki-NLP/opus-mt-es-sm, https://github.com/Helsinki-NLP/OPUS-MT-train/blob/master/models/es-sm/README.md",opus-mt-es-sm NMT model.,False
opus-mt-es-sn,Helsinki-NLP/opus-mt-es-sn,es,sn,,,"https://huggingface.co/Helsinki-NLP/opus-mt-es-sn, https://github.com/Helsinki-NLP/OPUS-MT-train/blob/master/models/es-sn/README.md",opus-mt-es-sn NMT model.,False
opus-mt-es-srn,Helsinki-NLP/opus-mt-es-srn,es,srn,,,"https://huggingface.co/Helsinki-NLP/opus-mt-es-srn, https://github.com/Helsinki-NLP/OPUS-MT-train/blob/master/models/es-srn/README.md",opus-mt-es-srn NMT model.,False
opus-mt-es-st,Helsinki-NLP/opus-mt-es-st,es,st,,,"https://huggingface.co/Helsinki-NLP/opus-mt-es-st, https://github.com/Helsinki-NLP/OPUS-MT-train/blob/master/models/es-st/README.md",opus-mt-es-st NMT model.,False
opus-mt-es-swc,Helsinki-NLP/opus-mt-es-swc,es,swc,,,"https://huggingface.co/Helsinki-NLP/opus-mt-es-swc, https://github.com/Helsinki-NLP/OPUS-MT-train/blob/master/models/es-swc/README.md",opus-mt-es-swc NMT model.,False
opus-mt-es-tl,Helsinki-NLP/opus-mt-es-tl,spa,tgl_Latn,,,"https://huggingface.co/Helsinki-NLP/opus-mt-es-tl, https://github.com/Helsinki-NLP/Tatoeba-Challenge/tree/master/models/spa-tgl/README.md","spa-tgl, source group: Spanish, target group: Tagalog NMT model.",False
opus-mt-es-tll,Helsinki-NLP/opus-mt-es-tll,es,tll,,,"https://huggingface.co/Helsinki-NLP/opus-mt-es-tll, https://github.com/Helsinki-NLP/OPUS-MT-train/blob/master/models/es-tll/README.md",opus-mt-es-tll NMT model.,False
opus-mt-es-tn,Helsinki-NLP/opus-mt-es-tn,es,tn,,,"https://huggingface.co/Helsinki-NLP/opus-mt-es-tn, https://github.com/Helsinki-NLP/OPUS-MT-train/blob/master/models/es-tn/README.md",opus-mt-es-tn NMT model.,False
opus-mt-es-to,Helsinki-NLP/opus-mt-es-to,es,to,,,"https://huggingface.co/Helsinki-NLP/opus-mt-es-to, https://github.com/Helsinki-NLP/OPUS-MT-train/blob/master/models/es-to/README.md",opus-mt-es-to NMT model.,False
opus-mt-es-tpi,Helsinki-NLP/opus-mt-es-tpi,es,tpi,,,"https://huggingface.co/Helsinki-NLP/opus-mt-es-tpi, https://github.com/Helsinki-NLP/OPUS-MT-train/blob/master/models/es-tpi/README.md",opus-mt-es-tpi NMT model.,False
opus-mt-es-tvl,Helsinki-NLP/opus-mt-es-tvl,es,tvl,,,"https://huggingface.co/Helsinki-NLP/opus-mt-es-tvl, https://github.com/Helsinki-NLP/OPUS-MT-train/blob/master/models/es-tvl/README.md",opus-mt-es-tvl NMT model.,False
opus-mt-es-tw,Helsinki-NLP/opus-mt-es-tw,es,tw,,,"https://huggingface.co/Helsinki-NLP/opus-mt-es-tw, https://github.com/Helsinki-NLP/OPUS-MT-train/blob/master/models/es-tw/README.md",opus-mt-es-tw NMT model.,False
opus-mt-es-ty,Helsinki-NLP/opus-mt-es-ty,es,ty,,,"https://huggingface.co/Helsinki-NLP/opus-mt-es-ty, https://github.com/Helsinki-NLP/OPUS-MT-train/blob/master/models/es-ty/README.md",opus-mt-es-ty NMT model.,False
opus-mt-es-tzo,Helsinki-NLP/opus-mt-es-tzo,es,tzo,,,"https://huggingface.co/Helsinki-NLP/opus-mt-es-tzo, https://github.com/Helsinki-NLP/OPUS-MT-train/blob/master/models/es-tzo/README.md",opus-mt-es-tzo NMT model.,False
opus-mt-es-uk,Helsinki-NLP/opus-mt-es-uk,spa,ukr,,,"https://huggingface.co/Helsinki-NLP/opus-mt-es-uk, https://github.com/Helsinki-NLP/Tatoeba-Challenge/tree/master/models/spa-ukr/README.md","spa-ukr, source group: Spanish, target group: Ukrainian NMT model.",False
opus-mt-es-ve,Helsinki-NLP/opus-mt-es-ve,es,ve,,,"https://huggingface.co/Helsinki-NLP/opus-mt-es-ve, https://github.com/Helsinki-NLP/OPUS-MT-train/blob/master/models/es-ve/README.md",opus-mt-es-ve NMT model.,False
opus-mt-es-vi,Helsinki-NLP/opus-mt-es-vi,spa,vie,,,"https://huggingface.co/Helsinki-NLP/opus-mt-es-vi, https://github.com/Helsinki-NLP/Tatoeba-Challenge/tree/master/models/spa-vie/README.md","spa-vie, source group: Spanish, target group: Vietnamese NMT model.",False
opus-mt-es-war,Helsinki-NLP/opus-mt-es-war,es,war,,,"https://huggingface.co/Helsinki-NLP/opus-mt-es-war, https://github.com/Helsinki-NLP/OPUS-MT-train/blob/master/models/es-war/README.md",opus-mt-es-war NMT model.,False
opus-mt-es-wls,Helsinki-NLP/opus-mt-es-wls,es,wls,,,"https://huggingface.co/Helsinki-NLP/opus-mt-es-wls, https://github.com/Helsinki-NLP/OPUS-MT-train/blob/master/models/es-wls/README.md",opus-mt-es-wls NMT model.,False
opus-mt-es-xh,Helsinki-NLP/opus-mt-es-xh,es,xh,,,"https://huggingface.co/Helsinki-NLP/opus-mt-es-xh, https://github.com/Helsinki-NLP/OPUS-MT-train/blob/master/models/es-xh/README.md",opus-mt-es-xh NMT model.,False
opus-mt-es-yo,Helsinki-NLP/opus-mt-es-yo,es,yo,,,"https://huggingface.co/Helsinki-NLP/opus-mt-es-yo, https://github.com/Helsinki-NLP/OPUS-MT-train/blob/master/models/es-yo/README.md",opus-mt-es-yo NMT model.,False
opus-mt-es-yua,Helsinki-NLP/opus-mt-es-yua,es,yua,,,"https://huggingface.co/Helsinki-NLP/opus-mt-es-yua, https://github.com/Helsinki-NLP/OPUS-MT-train/blob/master/models/es-yua/README.md",opus-mt-es-yua NMT model.,False
opus-mt-es-zai,Helsinki-NLP/opus-mt-es-zai,es,zai,,,"https://huggingface.co/Helsinki-NLP/opus-mt-es-zai, https://github.com/Helsinki-NLP/OPUS-MT-train/blob/master/models/es-zai/README.md",opus-mt-es-zai NMT model.,False
opus-mt-et-de,Helsinki-NLP/opus-mt-et-de,et,de,,,"https://huggingface.co/Helsinki-NLP/opus-mt-et-de, https://github.com/Helsinki-NLP/OPUS-MT-train/blob/master/models/et-de/README.md",opus-mt-et-de NMT model.,False
opus-mt-et-en,Helsinki-NLP/opus-mt-et-en,et,en,,,"https://huggingface.co/Helsinki-NLP/opus-mt-et-en, https://github.com/Helsinki-NLP/OPUS-MT-train/blob/master/models/et-en/README.md",opus-mt-et-en NMT model.,False
opus-mt-et-es,Helsinki-NLP/opus-mt-et-es,et,es,,,"https://huggingface.co/Helsinki-NLP/opus-mt-et-es, https://github.com/Helsinki-NLP/OPUS-MT-train/blob/master/models/et-es/README.md",opus-mt-et-es NMT model.,False
opus-mt-et-fi,Helsinki-NLP/opus-mt-et-fi,et,fi,,,"https://huggingface.co/Helsinki-NLP/opus-mt-et-fi, https://github.com/Helsinki-NLP/OPUS-MT-train/blob/master/models/et-fi/README.md",opus-mt-et-fi NMT model.,False
opus-mt-et-fr,Helsinki-NLP/opus-mt-et-fr,et,fr,,,"https://huggingface.co/Helsinki-NLP/opus-mt-et-fr, https://github.com/Helsinki-NLP/OPUS-MT-train/blob/master/models/et-fr/README.md",opus-mt-et-fr NMT model.,False
opus-mt-et-ru,Helsinki-NLP/opus-mt-et-ru,est,rus,,,"https://huggingface.co/Helsinki-NLP/opus-mt-et-ru, https://github.com/Helsinki-NLP/Tatoeba-Challenge/tree/master/models/est-rus/README.md","est-rus, source group: Estonian, target group: Russian NMT model.",False
opus-mt-et-sv,Helsinki-NLP/opus-mt-et-sv,et,sv,,,"https://huggingface.co/Helsinki-NLP/opus-mt-et-sv, https://github.com/Helsinki-NLP/OPUS-MT-train/blob/master/models/et-sv/README.md",opus-mt-et-sv NMT model.,False
opus-mt-eu-de,Helsinki-NLP/opus-mt-eu-de,eus,deu,,,"https://huggingface.co/Helsinki-NLP/opus-mt-eu-de, https://github.com/Helsinki-NLP/Tatoeba-Challenge/tree/master/models/eus-deu/README.md","eus-deu, source group: Basque, target group: German NMT model.",False
opus-mt-eu-en,Helsinki-NLP/opus-mt-eu-en,eu,en,,,"https://huggingface.co/Helsinki-NLP/opus-mt-eu-en, https://github.com/Helsinki-NLP/OPUS-MT-train/blob/master/models/eu-en/README.md",opus-mt-eu-en NMT model.,False
opus-mt-eu-es,Helsinki-NLP/opus-mt-eu-es,eus,spa,,,"https://huggingface.co/Helsinki-NLP/opus-mt-eu-es, https://github.com/Helsinki-NLP/Tatoeba-Challenge/tree/master/models/eus-spa/README.md","eus-spa, source group: Basque, target group: Spanish NMT model.",False
opus-mt-eu-ru,Helsinki-NLP/opus-mt-eu-ru,eus,rus,,,"https://huggingface.co/Helsinki-NLP/opus-mt-eu-ru, https://github.com/Helsinki-NLP/Tatoeba-Challenge/tree/master/models/eus-rus/README.md","eus-rus, source group: Basque, target group: Russian NMT model.",False
opus-mt-euq-en,Helsinki-NLP/opus-mt-euq-en,eus,eng,,,"https://huggingface.co/Helsinki-NLP/opus-mt-euq-en, https://github.com/Helsinki-NLP/Tatoeba-Challenge/tree/master/models/euq-eng/README.md","euq-eng, source group: Basque (family), target group: English NMT model.",False
opus-mt-fi-NORWAY,Helsinki-NLP/opus-mt-fi-NORWAY,fi,nb_NO nb nn_NO nn nog no_nb no,,,"https://huggingface.co/Helsinki-NLP/opus-mt-fi-NORWAY, https://github.com/Helsinki-NLP/OPUS-MT-train/blob/master/models/fi-nb_NO+nb+nn_NO+nn+nog+no_nb+no/README.md",opus-mt-fi-NORWAY NMT model.,True
opus-mt-fi-ZH,Helsinki-NLP/opus-mt-fi-ZH,fi,cmn cn yue ze_zh zh_cn zh_CN zh_HK zh_tw zh_TW zh_yue zhs zht zh,,,"https://huggingface.co/Helsinki-NLP/opus-mt-fi-ZH, https://github.com/Helsinki-NLP/OPUS-MT-train/blob/master/models/fi-cmn+cn+yue+ze_zh+zh_cn+zh_CN+zh_HK+zh_tw+zh_TW+zh_yue+zhs+zht+zh/README.md",opus-mt-fi-ZH NMT model.,True
opus-mt-fi-af,Helsinki-NLP/opus-mt-fi-af,fi,af,,,"https://huggingface.co/Helsinki-NLP/opus-mt-fi-af, https://github.com/Helsinki-NLP/OPUS-MT-train/blob/master/models/fi-af/README.md",opus-mt-fi-af NMT model.,False
opus-mt-fi-bcl,Helsinki-NLP/opus-mt-fi-bcl,fi,bcl,,,"https://huggingface.co/Helsinki-NLP/opus-mt-fi-bcl, https://github.com/Helsinki-NLP/OPUS-MT-train/blob/master/models/fi-bcl/README.md",opus-mt-fi-bcl NMT model.,False
opus-mt-fi-bem,Helsinki-NLP/opus-mt-fi-bem,fi,bem,,,"https://huggingface.co/Helsinki-NLP/opus-mt-fi-bem, https://github.com/Helsinki-NLP/OPUS-MT-train/blob/master/models/fi-bem/README.md",opus-mt-fi-bem NMT model.,False
opus-mt-fi-bg,Helsinki-NLP/opus-mt-fi-bg,fi,bg,,,"https://huggingface.co/Helsinki-NLP/opus-mt-fi-bg, https://github.com/Helsinki-NLP/OPUS-MT-train/blob/master/models/fi-bg/README.md",opus-mt-fi-bg NMT model.,False
opus-mt-fi-bzs,Helsinki-NLP/opus-mt-fi-bzs,fi,bzs,,,"https://huggingface.co/Helsinki-NLP/opus-mt-fi-bzs, https://github.com/Helsinki-NLP/OPUS-MT-train/blob/master/models/fi-bzs/README.md",opus-mt-fi-bzs NMT model.,False
opus-mt-fi-ceb,Helsinki-NLP/opus-mt-fi-ceb,fi,ceb,,,"https://huggingface.co/Helsinki-NLP/opus-mt-fi-ceb, https://github.com/Helsinki-NLP/OPUS-MT-train/blob/master/models/fi-ceb/README.md",opus-mt-fi-ceb NMT model.,False
opus-mt-fi-crs,Helsinki-NLP/opus-mt-fi-crs,fi,crs,,,"https://huggingface.co/Helsinki-NLP/opus-mt-fi-crs, https://github.com/Helsinki-NLP/OPUS-MT-train/blob/master/models/fi-crs/README.md",opus-mt-fi-crs NMT model.,False
opus-mt-fi-cs,Helsinki-NLP/opus-mt-fi-cs,fi,cs,,,"https://huggingface.co/Helsinki-NLP/opus-mt-fi-cs, https://github.com/Helsinki-NLP/OPUS-MT-train/blob/master/models/fi-cs/README.md",opus-mt-fi-cs NMT model.,False
opus-mt-fi-de,Helsinki-NLP/opus-mt-fi-de,fi,de,,,"https://huggingface.co/Helsinki-NLP/opus-mt-fi-de, https://github.com/Helsinki-NLP/OPUS-MT-train/blob/master/models/fi-de/README.md",opus-mt-fi-de NMT model.,False
opus-mt-fi-ee,Helsinki-NLP/opus-mt-fi-ee,fi,ee,,,"https://huggingface.co/Helsinki-NLP/opus-mt-fi-ee, https://github.com/Helsinki-NLP/OPUS-MT-train/blob/master/models/fi-ee/README.md",opus-mt-fi-ee NMT model.,False
opus-mt-fi-efi,Helsinki-NLP/opus-mt-fi-efi,fi,efi,,,"https://huggingface.co/Helsinki-NLP/opus-mt-fi-efi, https://github.com/Helsinki-NLP/OPUS-MT-train/blob/master/models/fi-efi/README.md",opus-mt-fi-efi NMT model.,False
opus-mt-fi-el,Helsinki-NLP/opus-mt-fi-el,fi,el,,,"https://huggingface.co/Helsinki-NLP/opus-mt-fi-el, https://github.com/Helsinki-NLP/OPUS-MT-train/blob/master/models/fi-el/README.md",opus-mt-fi-el NMT model.,False
opus-mt-fi-en,Helsinki-NLP/opus-mt-fi-en,fin,eng,,,"https://huggingface.co/Helsinki-NLP/opus-mt-fi-en, https://github.com/Helsinki-NLP/Tatoeba-Challenge/tree/master/models/fin-eng/README.md","fin-eng, source group: Finnish, target group: English NMT model.",False
opus-mt-fi-eo,Helsinki-NLP/opus-mt-fi-eo,fin,epo,,,"https://huggingface.co/Helsinki-NLP/opus-mt-fi-eo, https://github.com/Helsinki-NLP/Tatoeba-Challenge/tree/master/models/fin-epo/README.md","fin-epo, source group: Finnish, target group: Esperanto NMT model.",False
opus-mt-fi-es,Helsinki-NLP/opus-mt-fi-es,fi,es,,,"https://huggingface.co/Helsinki-NLP/opus-mt-fi-es, https://github.com/Helsinki-NLP/OPUS-MT-train/blob/master/models/fi-es/README.md",opus-mt-fi-es NMT model.,False
opus-mt-fi-et,Helsinki-NLP/opus-mt-fi-et,fi,et,,,"https://huggingface.co/Helsinki-NLP/opus-mt-fi-et, https://github.com/Helsinki-NLP/OPUS-MT-train/blob/master/models/fi-et/README.md",opus-mt-fi-et NMT model.,False
opus-mt-fi-fi,Helsinki-NLP/opus-mt-fi-fi,fi,fi,,,"https://huggingface.co/Helsinki-NLP/opus-mt-fi-fi, https://github.com/Helsinki-NLP/OPUS-MT-train/blob/master/models/fi-fi/README.md",opus-mt-fi-fi NMT model.,False
opus-mt-fi-fj,Helsinki-NLP/opus-mt-fi-fj,fi,fj,,,"https://huggingface.co/Helsinki-NLP/opus-mt-fi-fj, https://github.com/Helsinki-NLP/OPUS-MT-train/blob/master/models/fi-fj/README.md",opus-mt-fi-fj NMT model.,False
opus-mt-fi-fr,Helsinki-NLP/opus-mt-fi-fr,fi,fr,,,"https://huggingface.co/Helsinki-NLP/opus-mt-fi-fr, https://github.com/Helsinki-NLP/OPUS-MT-train/blob/master/models/fi-fr/README.md",opus-mt-fi-fr NMT model.,False
opus-mt-fi-fse,Helsinki-NLP/opus-mt-fi-fse,fi,fse,,,"https://huggingface.co/Helsinki-NLP/opus-mt-fi-fse, https://github.com/Helsinki-NLP/OPUS-MT-train/blob/master/models/fi-fse/README.md",opus-mt-fi-fse NMT model.,False
opus-mt-fi-gaa,Helsinki-NLP/opus-mt-fi-gaa,fi,gaa,,,"https://huggingface.co/Helsinki-NLP/opus-mt-fi-gaa, https://github.com/Helsinki-NLP/OPUS-MT-train/blob/master/models/fi-gaa/README.md",opus-mt-fi-gaa NMT model.,False
opus-mt-fi-gil,Helsinki-NLP/opus-mt-fi-gil,fi,gil,,,"https://huggingface.co/Helsinki-NLP/opus-mt-fi-gil, https://github.com/Helsinki-NLP/OPUS-MT-train/blob/master/models/fi-gil/README.md",opus-mt-fi-gil NMT model.,False
opus-mt-fi-guw,Helsinki-NLP/opus-mt-fi-guw,fi,guw,,,"https://huggingface.co/Helsinki-NLP/opus-mt-fi-guw, https://github.com/Helsinki-NLP/OPUS-MT-train/blob/master/models/fi-guw/README.md",opus-mt-fi-guw NMT model.,False
opus-mt-fi-ha,Helsinki-NLP/opus-mt-fi-ha,fi,ha,,,"https://huggingface.co/Helsinki-NLP/opus-mt-fi-ha, https://github.com/Helsinki-NLP/OPUS-MT-train/blob/master/models/fi-ha/README.md",opus-mt-fi-ha NMT model.,False
opus-mt-fi-he,Helsinki-NLP/opus-mt-fi-he,fi,he,,,"https://huggingface.co/Helsinki-NLP/opus-mt-fi-he, https://github.com/Helsinki-NLP/OPUS-MT-train/blob/master/models/fi-he/README.md",opus-mt-fi-he NMT model.,False
opus-mt-fi-hil,Helsinki-NLP/opus-mt-fi-hil,fi,hil,,,"https://huggingface.co/Helsinki-NLP/opus-mt-fi-hil, https://github.com/Helsinki-NLP/OPUS-MT-train/blob/master/models/fi-hil/README.md",opus-mt-fi-hil NMT model.,False
opus-mt-fi-ho,Helsinki-NLP/opus-mt-fi-ho,fi,ho,,,"https://huggingface.co/Helsinki-NLP/opus-mt-fi-ho, https://github.com/Helsinki-NLP/OPUS-MT-train/blob/master/models/fi-ho/README.md",opus-mt-fi-ho NMT model.,False
opus-mt-fi-hr,Helsinki-NLP/opus-mt-fi-hr,fi,hr,,,"https://huggingface.co/Helsinki-NLP/opus-mt-fi-hr, https://github.com/Helsinki-NLP/OPUS-MT-train/blob/master/models/fi-hr/README.md",opus-mt-fi-hr NMT model.,False
opus-mt-fi-ht,Helsinki-NLP/opus-mt-fi-ht,fi,ht,,,"https://huggingface.co/Helsinki-NLP/opus-mt-fi-ht, https://github.com/Helsinki-NLP/OPUS-MT-train/blob/master/models/fi-ht/README.md",opus-mt-fi-ht NMT model.,False
opus-mt-fi-hu,Helsinki-NLP/opus-mt-fi-hu,fi,hu,,,"https://huggingface.co/Helsinki-NLP/opus-mt-fi-hu, https://github.com/Helsinki-NLP/OPUS-MT-train/blob/master/models/fi-hu/README.md",opus-mt-fi-hu NMT model.,False
opus-mt-fi-id,Helsinki-NLP/opus-mt-fi-id,fi,id,,,"https://huggingface.co/Helsinki-NLP/opus-mt-fi-id, https://github.com/Helsinki-NLP/OPUS-MT-train/blob/master/models/fi-id/README.md",opus-mt-fi-id NMT model.,False
opus-mt-fi-ig,Helsinki-NLP/opus-mt-fi-ig,fi,ig,,,"https://huggingface.co/Helsinki-NLP/opus-mt-fi-ig, https://github.com/Helsinki-NLP/OPUS-MT-train/blob/master/models/fi-ig/README.md",opus-mt-fi-ig NMT model.,False
opus-mt-fi-ilo,Helsinki-NLP/opus-mt-fi-ilo,fi,ilo,,,"https://huggingface.co/Helsinki-NLP/opus-mt-fi-ilo, https://github.com/Helsinki-NLP/OPUS-MT-train/blob/master/models/fi-ilo/README.md",opus-mt-fi-ilo NMT model.,False
opus-mt-fi-is,Helsinki-NLP/opus-mt-fi-is,fi,is,,,"https://huggingface.co/Helsinki-NLP/opus-mt-fi-is, https://github.com/Helsinki-NLP/OPUS-MT-train/blob/master/models/fi-is/README.md",opus-mt-fi-is NMT model.,False
opus-mt-fi-iso,Helsinki-NLP/opus-mt-fi-iso,fi,iso,,,"https://huggingface.co/Helsinki-NLP/opus-mt-fi-iso, https://github.com/Helsinki-NLP/OPUS-MT-train/blob/master/models/fi-iso/README.md",opus-mt-fi-iso NMT model.,False
opus-mt-fi-it,Helsinki-NLP/opus-mt-fi-it,fi,it,,,"https://huggingface.co/Helsinki-NLP/opus-mt-fi-it, https://github.com/Helsinki-NLP/OPUS-MT-train/blob/master/models/fi-it/README.md",opus-mt-fi-it NMT model.,False
opus-mt-fi-kg,Helsinki-NLP/opus-mt-fi-kg,fi,kg,,,"https://huggingface.co/Helsinki-NLP/opus-mt-fi-kg, https://github.com/Helsinki-NLP/OPUS-MT-train/blob/master/models/fi-kg/README.md",opus-mt-fi-kg NMT model.,False
opus-mt-fi-kqn,Helsinki-NLP/opus-mt-fi-kqn,fi,kqn,,,"https://huggingface.co/Helsinki-NLP/opus-mt-fi-kqn, https://github.com/Helsinki-NLP/OPUS-MT-train/blob/master/models/fi-kqn/README.md",opus-mt-fi-kqn NMT model.,False
opus-mt-fi-lg,Helsinki-NLP/opus-mt-fi-lg,fi,lg,,,"https://huggingface.co/Helsinki-NLP/opus-mt-fi-lg, https://github.com/Helsinki-NLP/OPUS-MT-train/blob/master/models/fi-lg/README.md",opus-mt-fi-lg NMT model.,False
opus-mt-fi-ln,Helsinki-NLP/opus-mt-fi-ln,fi,ln,,,"https://huggingface.co/Helsinki-NLP/opus-mt-fi-ln, https://github.com/Helsinki-NLP/OPUS-MT-train/blob/master/models/fi-ln/README.md",opus-mt-fi-ln NMT model.,False
opus-mt-fi-lu,Helsinki-NLP/opus-mt-fi-lu,fi,lu,,,"https://huggingface.co/Helsinki-NLP/opus-mt-fi-lu, https://github.com/Helsinki-NLP/OPUS-MT-train/blob/master/models/fi-lu/README.md",opus-mt-fi-lu NMT model.,False
opus-mt-fi-lua,Helsinki-NLP/opus-mt-fi-lua,fi,lua,,,"https://huggingface.co/Helsinki-NLP/opus-mt-fi-lua, https://github.com/Helsinki-NLP/OPUS-MT-train/blob/master/models/fi-lua/README.md",opus-mt-fi-lua NMT model.,False
opus-mt-fi-lue,Helsinki-NLP/opus-mt-fi-lue,fi,lue,,,"https://huggingface.co/Helsinki-NLP/opus-mt-fi-lue, https://github.com/Helsinki-NLP/OPUS-MT-train/blob/master/models/fi-lue/README.md",opus-mt-fi-lue NMT model.,False
opus-mt-fi-lus,Helsinki-NLP/opus-mt-fi-lus,fi,lus,,,"https://huggingface.co/Helsinki-NLP/opus-mt-fi-lus, https://github.com/Helsinki-NLP/OPUS-MT-train/blob/master/models/fi-lus/README.md",opus-mt-fi-lus NMT model.,False
opus-mt-fi-lv,Helsinki-NLP/opus-mt-fi-lv,fi,lv,,,"https://huggingface.co/Helsinki-NLP/opus-mt-fi-lv, https://github.com/Helsinki-NLP/OPUS-MT-train/blob/master/models/fi-lv/README.md",opus-mt-fi-lv NMT model.,False
opus-mt-fi-mfe,Helsinki-NLP/opus-mt-fi-mfe,fi,mfe,,,"https://huggingface.co/Helsinki-NLP/opus-mt-fi-mfe, https://github.com/Helsinki-NLP/OPUS-MT-train/blob/master/models/fi-mfe/README.md",opus-mt-fi-mfe NMT model.,False
opus-mt-fi-mg,Helsinki-NLP/opus-mt-fi-mg,fi,mg,,,"https://huggingface.co/Helsinki-NLP/opus-mt-fi-mg, https://github.com/Helsinki-NLP/OPUS-MT-train/blob/master/models/fi-mg/README.md",opus-mt-fi-mg NMT model.,False
opus-mt-fi-mh,Helsinki-NLP/opus-mt-fi-mh,fi,mh,,,"https://huggingface.co/Helsinki-NLP/opus-mt-fi-mh, https://github.com/Helsinki-NLP/OPUS-MT-train/blob/master/models/fi-mh/README.md",opus-mt-fi-mh NMT model.,False
opus-mt-fi-mk,Helsinki-NLP/opus-mt-fi-mk,fi,mk,,,"https://huggingface.co/Helsinki-NLP/opus-mt-fi-mk, https://github.com/Helsinki-NLP/OPUS-MT-train/blob/master/models/fi-mk/README.md",opus-mt-fi-mk NMT model.,False
opus-mt-fi-mos,Helsinki-NLP/opus-mt-fi-mos,fi,mos,,,"https://huggingface.co/Helsinki-NLP/opus-mt-fi-mos, https://github.com/Helsinki-NLP/OPUS-MT-train/blob/master/models/fi-mos/README.md",opus-mt-fi-mos NMT model.,False
opus-mt-fi-mt,Helsinki-NLP/opus-mt-fi-mt,fi,mt,,,"https://huggingface.co/Helsinki-NLP/opus-mt-fi-mt, https://github.com/Helsinki-NLP/OPUS-MT-train/blob/master/models/fi-mt/README.md",opus-mt-fi-mt NMT model.,False
opus-mt-fi-niu,Helsinki-NLP/opus-mt-fi-niu,fi,niu,,,"https://huggingface.co/Helsinki-NLP/opus-mt-fi-niu, https://github.com/Helsinki-NLP/OPUS-MT-train/blob/master/models/fi-niu/README.md",opus-mt-fi-niu NMT model.,False
opus-mt-fi-nl,Helsinki-NLP/opus-mt-fi-nl,fi,nl,,,"https://huggingface.co/Helsinki-NLP/opus-mt-fi-nl, https://github.com/Helsinki-NLP/OPUS-MT-train/blob/master/models/fi-nl/README.md",opus-mt-fi-nl NMT model.,False
opus-mt-fi-no,Helsinki-NLP/opus-mt-fi-no,fin,nno nob,,,"https://huggingface.co/Helsinki-NLP/opus-mt-fi-no, https://github.com/Helsinki-NLP/Tatoeba-Challenge/tree/master/models/fin-nor/README.md","fin-nor, source group: Finnish, target group: Norwegian NMT model.",True
opus-mt-fi-nso,Helsinki-NLP/opus-mt-fi-nso,fi,nso,,,"https://huggingface.co/Helsinki-NLP/opus-mt-fi-nso, https://github.com/Helsinki-NLP/OPUS-MT-train/blob/master/models/fi-nso/README.md",opus-mt-fi-nso NMT model.,False
opus-mt-fi-ny,Helsinki-NLP/opus-mt-fi-ny,fi,ny,,,"https://huggingface.co/Helsinki-NLP/opus-mt-fi-ny, https://github.com/Helsinki-NLP/OPUS-MT-train/blob/master/models/fi-ny/README.md",opus-mt-fi-ny NMT model.,False
opus-mt-fi-pag,Helsinki-NLP/opus-mt-fi-pag,fi,pag,,,"https://huggingface.co/Helsinki-NLP/opus-mt-fi-pag, https://github.com/Helsinki-NLP/OPUS-MT-train/blob/master/models/fi-pag/README.md",opus-mt-fi-pag NMT model.,False
opus-mt-fi-pap,Helsinki-NLP/opus-mt-fi-pap,fi,pap,,,"https://huggingface.co/Helsinki-NLP/opus-mt-fi-pap, https://github.com/Helsinki-NLP/OPUS-MT-train/blob/master/models/fi-pap/README.md",opus-mt-fi-pap NMT model.,False
opus-mt-fi-pis,Helsinki-NLP/opus-mt-fi-pis,fi,pis,,,"https://huggingface.co/Helsinki-NLP/opus-mt-fi-pis, https://github.com/Helsinki-NLP/OPUS-MT-train/blob/master/models/fi-pis/README.md",opus-mt-fi-pis NMT model.,False
opus-mt-fi-pon,Helsinki-NLP/opus-mt-fi-pon,fi,pon,,,"https://huggingface.co/Helsinki-NLP/opus-mt-fi-pon, https://github.com/Helsinki-NLP/OPUS-MT-train/blob/master/models/fi-pon/README.md",opus-mt-fi-pon NMT model.,False
opus-mt-fi-ro,Helsinki-NLP/opus-mt-fi-ro,fi,ro,,,"https://huggingface.co/Helsinki-NLP/opus-mt-fi-ro, https://github.com/Helsinki-NLP/OPUS-MT-train/blob/master/models/fi-ro/README.md",opus-mt-fi-ro NMT model.,False
opus-mt-fi-ru,Helsinki-NLP/opus-mt-fi-ru,fi,ru,,,"https://huggingface.co/Helsinki-NLP/opus-mt-fi-ru, https://github.com/Helsinki-NLP/OPUS-MT-train/blob/master/models/fi-ru/README.md",opus-mt-fi-ru NMT model.,False
opus-mt-fi-run,Helsinki-NLP/opus-mt-fi-run,fi,run,,,"https://huggingface.co/Helsinki-NLP/opus-mt-fi-run, https://github.com/Helsinki-NLP/OPUS-MT-train/blob/master/models/fi-run/README.md",opus-mt-fi-run NMT model.,False
opus-mt-fi-rw,Helsinki-NLP/opus-mt-fi-rw,fi,rw,,,"https://huggingface.co/Helsinki-NLP/opus-mt-fi-rw, https://github.com/Helsinki-NLP/OPUS-MT-train/blob/master/models/fi-rw/README.md",opus-mt-fi-rw NMT model.,False
opus-mt-fi-sg,Helsinki-NLP/opus-mt-fi-sg,fi,sg,,,"https://huggingface.co/Helsinki-NLP/opus-mt-fi-sg, https://github.com/Helsinki-NLP/OPUS-MT-train/blob/master/models/fi-sg/README.md",opus-mt-fi-sg NMT model.,False
opus-mt-fi-sk,Helsinki-NLP/opus-mt-fi-sk,fi,sk,,,"https://huggingface.co/Helsinki-NLP/opus-mt-fi-sk, https://github.com/Helsinki-NLP/OPUS-MT-train/blob/master/models/fi-sk/README.md",opus-mt-fi-sk NMT model.,False
opus-mt-fi-sl,Helsinki-NLP/opus-mt-fi-sl,fi,sl,,,"https://huggingface.co/Helsinki-NLP/opus-mt-fi-sl, https://github.com/Helsinki-NLP/OPUS-MT-train/blob/master/models/fi-sl/README.md",opus-mt-fi-sl NMT model.,False
opus-mt-fi-sm,Helsinki-NLP/opus-mt-fi-sm,fi,sm,,,"https://huggingface.co/Helsinki-NLP/opus-mt-fi-sm, https://github.com/Helsinki-NLP/OPUS-MT-train/blob/master/models/fi-sm/README.md",opus-mt-fi-sm NMT model.,False
opus-mt-fi-sn,Helsinki-NLP/opus-mt-fi-sn,fi,sn,,,"https://huggingface.co/Helsinki-NLP/opus-mt-fi-sn, https://github.com/Helsinki-NLP/OPUS-MT-train/blob/master/models/fi-sn/README.md",opus-mt-fi-sn NMT model.,False
opus-mt-fi-sq,Helsinki-NLP/opus-mt-fi-sq,fi,sq,,,"https://huggingface.co/Helsinki-NLP/opus-mt-fi-sq, https://github.com/Helsinki-NLP/OPUS-MT-train/blob/master/models/fi-sq/README.md",opus-mt-fi-sq NMT model.,False
opus-mt-fi-srn,Helsinki-NLP/opus-mt-fi-srn,fi,srn,,,"https://huggingface.co/Helsinki-NLP/opus-mt-fi-srn, https://github.com/Helsinki-NLP/OPUS-MT-train/blob/master/models/fi-srn/README.md",opus-mt-fi-srn NMT model.,False
opus-mt-fi-st,Helsinki-NLP/opus-mt-fi-st,fi,st,,,"https://huggingface.co/Helsinki-NLP/opus-mt-fi-st, https://github.com/Helsinki-NLP/OPUS-MT-train/blob/master/models/fi-st/README.md",opus-mt-fi-st NMT model.,False
opus-mt-fi-sv,Helsinki-NLP/opus-mt-fi-sv,fi,sv,,,"https://huggingface.co/Helsinki-NLP/opus-mt-fi-sv, https://github.com/Helsinki-NLP/OPUS-MT-train/blob/master/models/fi-sv/README.md",opus-mt-fi-sv NMT model.,False
opus-mt-fi-sw,Helsinki-NLP/opus-mt-fi-sw,fi,sw,,,"https://huggingface.co/Helsinki-NLP/opus-mt-fi-sw, https://github.com/Helsinki-NLP/OPUS-MT-train/blob/master/models/fi-sw/README.md",opus-mt-fi-sw NMT model.,False
opus-mt-fi-swc,Helsinki-NLP/opus-mt-fi-swc,fi,swc,,,"https://huggingface.co/Helsinki-NLP/opus-mt-fi-swc, https://github.com/Helsinki-NLP/OPUS-MT-train/blob/master/models/fi-swc/README.md",opus-mt-fi-swc NMT model.,False
opus-mt-fi-tiv,Helsinki-NLP/opus-mt-fi-tiv,fi,tiv,,,"https://huggingface.co/Helsinki-NLP/opus-mt-fi-tiv, https://github.com/Helsinki-NLP/OPUS-MT-train/blob/master/models/fi-tiv/README.md",opus-mt-fi-tiv NMT model.,False
opus-mt-fi-tll,Helsinki-NLP/opus-mt-fi-tll,fi,tll,,,"https://huggingface.co/Helsinki-NLP/opus-mt-fi-tll, https://github.com/Helsinki-NLP/OPUS-MT-train/blob/master/models/fi-tll/README.md",opus-mt-fi-tll NMT model.,False
opus-mt-fi-tn,Helsinki-NLP/opus-mt-fi-tn,fi,tn,,,"https://huggingface.co/Helsinki-NLP/opus-mt-fi-tn, https://github.com/Helsinki-NLP/OPUS-MT-train/blob/master/models/fi-tn/README.md",opus-mt-fi-tn NMT model.,False
opus-mt-fi-to,Helsinki-NLP/opus-mt-fi-to,fi,to,,,"https://huggingface.co/Helsinki-NLP/opus-mt-fi-to, https://github.com/Helsinki-NLP/OPUS-MT-train/blob/master/models/fi-to/README.md",opus-mt-fi-to NMT model.,False
opus-mt-fi-toi,Helsinki-NLP/opus-mt-fi-toi,fi,toi,,,"https://huggingface.co/Helsinki-NLP/opus-mt-fi-toi, https://github.com/Helsinki-NLP/OPUS-MT-train/blob/master/models/fi-toi/README.md",opus-mt-fi-toi NMT model.,False
opus-mt-fi-tpi,Helsinki-NLP/opus-mt-fi-tpi,fi,tpi,,,"https://huggingface.co/Helsinki-NLP/opus-mt-fi-tpi, https://github.com/Helsinki-NLP/OPUS-MT-train/blob/master/models/fi-tpi/README.md",opus-mt-fi-tpi NMT model.,False
opus-mt-fi-tr,Helsinki-NLP/opus-mt-fi-tr,fi,tr,,,"https://huggingface.co/Helsinki-NLP/opus-mt-fi-tr, https://github.com/Helsinki-NLP/OPUS-MT-train/blob/master/models/fi-tr/README.md",opus-mt-fi-tr NMT model.,False
opus-mt-fi-ts,Helsinki-NLP/opus-mt-fi-ts,fi,ts,,,"https://huggingface.co/Helsinki-NLP/opus-mt-fi-ts, https://github.com/Helsinki-NLP/OPUS-MT-train/blob/master/models/fi-ts/README.md",opus-mt-fi-ts NMT model.,False
opus-mt-fi-tvl,Helsinki-NLP/opus-mt-fi-tvl,fi,tvl,,,"https://huggingface.co/Helsinki-NLP/opus-mt-fi-tvl, https://github.com/Helsinki-NLP/OPUS-MT-train/blob/master/models/fi-tvl/README.md",opus-mt-fi-tvl NMT model.,False
opus-mt-fi-tw,Helsinki-NLP/opus-mt-fi-tw,fi,tw,,,"https://huggingface.co/Helsinki-NLP/opus-mt-fi-tw, https://github.com/Helsinki-NLP/OPUS-MT-train/blob/master/models/fi-tw/README.md",opus-mt-fi-tw NMT model.,False
opus-mt-fi-ty,Helsinki-NLP/opus-mt-fi-ty,fi,ty,,,"https://huggingface.co/Helsinki-NLP/opus-mt-fi-ty, https://github.com/Helsinki-NLP/OPUS-MT-train/blob/master/models/fi-ty/README.md",opus-mt-fi-ty NMT model.,False
opus-mt-fi-uk,Helsinki-NLP/opus-mt-fi-uk,fi,uk,,,"https://huggingface.co/Helsinki-NLP/opus-mt-fi-uk, https://github.com/Helsinki-NLP/OPUS-MT-train/blob/master/models/fi-uk/README.md",opus-mt-fi-uk NMT model.,False
opus-mt-fi-ve,Helsinki-NLP/opus-mt-fi-ve,fi,ve,,,"https://huggingface.co/Helsinki-NLP/opus-mt-fi-ve, https://github.com/Helsinki-NLP/OPUS-MT-train/blob/master/models/fi-ve/README.md",opus-mt-fi-ve NMT model.,False
opus-mt-fi-war,Helsinki-NLP/opus-mt-fi-war,fi,war,,,"https://huggingface.co/Helsinki-NLP/opus-mt-fi-war, https://github.com/Helsinki-NLP/OPUS-MT-train/blob/master/models/fi-war/README.md",opus-mt-fi-war NMT model.,False
opus-mt-fi-wls,Helsinki-NLP/opus-mt-fi-wls,fi,wls,,,"https://huggingface.co/Helsinki-NLP/opus-mt-fi-wls, https://github.com/Helsinki-NLP/OPUS-MT-train/blob/master/models/fi-wls/README.md",opus-mt-fi-wls NMT model.,False
opus-mt-fi-xh,Helsinki-NLP/opus-mt-fi-xh,fi,xh,,,"https://huggingface.co/Helsinki-NLP/opus-mt-fi-xh, https://github.com/Helsinki-NLP/OPUS-MT-train/blob/master/models/fi-xh/README.md",opus-mt-fi-xh NMT model.,False
opus-mt-fi-yap,Helsinki-NLP/opus-mt-fi-yap,fi,yap,,,"https://huggingface.co/Helsinki-NLP/opus-mt-fi-yap, https://github.com/Helsinki-NLP/OPUS-MT-train/blob/master/models/fi-yap/README.md",opus-mt-fi-yap NMT model.,False
opus-mt-fi-yo,Helsinki-NLP/opus-mt-fi-yo,fi,yo,,,"https://huggingface.co/Helsinki-NLP/opus-mt-fi-yo, https://github.com/Helsinki-NLP/OPUS-MT-train/blob/master/models/fi-yo/README.md",opus-mt-fi-yo NMT model.,False
opus-mt-fi-zne,Helsinki-NLP/opus-mt-fi-zne,fi,zne,,,"https://huggingface.co/Helsinki-NLP/opus-mt-fi-zne, https://github.com/Helsinki-NLP/OPUS-MT-train/blob/master/models/fi-zne/README.md",opus-mt-fi-zne NMT model.,False
opus-mt-fi_nb_no_nn_ru_sv_en-SAMI,Helsinki-NLP/opus-mt-fi_nb_no_nn_ru_sv_en-SAMI,fi nb no nn ru sv en,se sma smj smn sms,,,"https://huggingface.co/Helsinki-NLP/opus-mt-fi_nb_no_nn_ru_sv_en-SAMI, https://github.com/Helsinki-NLP/OPUS-MT-train/blob/master/models/fi+nb+no+nn+ru+sv+en-se+sma+smj+smn+sms/README.md",opus-mt-fi_nb_no_nn_ru_sv_en-SAMI NMT model.,True
opus-mt-fiu-en,Helsinki-NLP/opus-mt-fiu-en,est fin fkv_Latn hun izh kpv krl liv_Latn mdf mhr myv sma sme udm vro,eng,,,"https://huggingface.co/Helsinki-NLP/opus-mt-fiu-en, https://github.com/Helsinki-NLP/Tatoeba-Challenge/tree/master/models/fiu-eng/README.md","fiu-eng, source group: Finno-Ugrian languages, target group: English NMT model.",False
opus-mt-fiu-fiu,Helsinki-NLP/opus-mt-fiu-fiu,est fin fkv_Latn hun izh krl liv_Latn vep vro,est fin fkv_Latn hun izh krl liv_Latn vep vro,,,"https://huggingface.co/Helsinki-NLP/opus-mt-fiu-fiu, https://github.com/Helsinki-NLP/Tatoeba-Challenge/tree/master/models/fiu-fiu/README.md","fiu-fiu, source group: Finno-Ugrian languages, target group: Finno-Ugrian languages NMT model.",True
opus-mt-fj-en,Helsinki-NLP/opus-mt-fj-en,fj,en,,,"https://huggingface.co/Helsinki-NLP/opus-mt-fj-en, https://github.com/Helsinki-NLP/OPUS-MT-train/blob/master/models/fj-en/README.md",opus-mt-fj-en NMT model.,False
opus-mt-fj-fr,Helsinki-NLP/opus-mt-fj-fr,fj,fr,,,"https://huggingface.co/Helsinki-NLP/opus-mt-fj-fr, https://github.com/Helsinki-NLP/OPUS-MT-train/blob/master/models/fj-fr/README.md",opus-mt-fj-fr NMT model.,False
opus-mt-fr-af,Helsinki-NLP/opus-mt-fr-af,fr,af,,,"https://huggingface.co/Helsinki-NLP/opus-mt-fr-af, https://github.com/Helsinki-NLP/OPUS-MT-train/blob/master/models/fr-af/README.md",opus-mt-fr-af NMT model.,False
opus-mt-fr-ar,Helsinki-NLP/opus-mt-fr-ar,fra,apc ara arq arq_Latn ary arz,,,"https://huggingface.co/Helsinki-NLP/opus-mt-fr-ar, https://github.com/Helsinki-NLP/Tatoeba-Challenge/tree/master/models/fra-ara/README.md","fra-ara, source group: French, target group: Arabic NMT model.",True
opus-mt-fr-ase,Helsinki-NLP/opus-mt-fr-ase,fr,ase,,,"https://huggingface.co/Helsinki-NLP/opus-mt-fr-ase, https://github.com/Helsinki-NLP/OPUS-MT-train/blob/master/models/fr-ase/README.md",opus-mt-fr-ase NMT model.,False
opus-mt-fr-bcl,Helsinki-NLP/opus-mt-fr-bcl,fr,bcl,,,"https://huggingface.co/Helsinki-NLP/opus-mt-fr-bcl, https://github.com/Helsinki-NLP/OPUS-MT-train/blob/master/models/fr-bcl/README.md",opus-mt-fr-bcl NMT model.,False
opus-mt-fr-bem,Helsinki-NLP/opus-mt-fr-bem,fr,bem,,,"https://huggingface.co/Helsinki-NLP/opus-mt-fr-bem, https://github.com/Helsinki-NLP/OPUS-MT-train/blob/master/models/fr-bem/README.md",opus-mt-fr-bem NMT model.,False
opus-mt-fr-ber,Helsinki-NLP/opus-mt-fr-ber,fr,ber,,,"https://huggingface.co/Helsinki-NLP/opus-mt-fr-ber, https://github.com/Helsinki-NLP/OPUS-MT-train/blob/master/models/fr-ber/README.md",opus-mt-fr-ber NMT model.,False
opus-mt-fr-bg,Helsinki-NLP/opus-mt-fr-bg,fra,bul,,,"https://huggingface.co/Helsinki-NLP/opus-mt-fr-bg, https://github.com/Helsinki-NLP/Tatoeba-Challenge/tree/master/models/fra-bul/README.md","fra-bul, source group: French, target group: Bulgarian NMT model.",False
opus-mt-fr-bi,Helsinki-NLP/opus-mt-fr-bi,fr,bi,,,"https://huggingface.co/Helsinki-NLP/opus-mt-fr-bi, https://github.com/Helsinki-NLP/OPUS-MT-train/blob/master/models/fr-bi/README.md",opus-mt-fr-bi NMT model.,False
opus-mt-fr-bzs,Helsinki-NLP/opus-mt-fr-bzs,fr,bzs,,,"https://huggingface.co/Helsinki-NLP/opus-mt-fr-bzs, https://github.com/Helsinki-NLP/OPUS-MT-train/blob/master/models/fr-bzs/README.md",opus-mt-fr-bzs NMT model.,False
opus-mt-fr-ca,Helsinki-NLP/opus-mt-fr-ca,fra,cat,,,"https://huggingface.co/Helsinki-NLP/opus-mt-fr-ca, https://github.com/Helsinki-NLP/Tatoeba-Challenge/tree/master/models/fra-cat/README.md","fra-cat, source group: French, target group: Catalan NMT model.",False
opus-mt-fr-ceb,Helsinki-NLP/opus-mt-fr-ceb,fr,ceb,,,"https://huggingface.co/Helsinki-NLP/opus-mt-fr-ceb, https://github.com/Helsinki-NLP/OPUS-MT-train/blob/master/models/fr-ceb/README.md",opus-mt-fr-ceb NMT model.,False
opus-mt-fr-crs,Helsinki-NLP/opus-mt-fr-crs,fr,crs,,,"https://huggingface.co/Helsinki-NLP/opus-mt-fr-crs, https://github.com/Helsinki-NLP/OPUS-MT-train/blob/master/models/fr-crs/README.md",opus-mt-fr-crs NMT model.,False
opus-mt-fr-de,Helsinki-NLP/opus-mt-fr-de,fr,de,,,"https://huggingface.co/Helsinki-NLP/opus-mt-fr-de, https://github.com/Helsinki-NLP/OPUS-MT-train/blob/master/models/fr-de/README.md",opus-mt-fr-de NMT model.,False
opus-mt-fr-ee,Helsinki-NLP/opus-mt-fr-ee,fr,ee,,,"https://huggingface.co/Helsinki-NLP/opus-mt-fr-ee, https://github.com/Helsinki-NLP/OPUS-MT-train/blob/master/models/fr-ee/README.md",opus-mt-fr-ee NMT model.,False
opus-mt-fr-efi,Helsinki-NLP/opus-mt-fr-efi,fr,efi,,,"https://huggingface.co/Helsinki-NLP/opus-mt-fr-efi, https://github.com/Helsinki-NLP/OPUS-MT-train/blob/master/models/fr-efi/README.md",opus-mt-fr-efi NMT model.,False
opus-mt-fr-el,Helsinki-NLP/opus-mt-fr-el,fr,el,,,"https://huggingface.co/Helsinki-NLP/opus-mt-fr-el, https://github.com/Helsinki-NLP/OPUS-MT-train/blob/master/models/fr-el/README.md",opus-mt-fr-el NMT model.,False
opus-mt-fr-en,Helsinki-NLP/opus-mt-fr-en,fr,en,,,"https://huggingface.co/Helsinki-NLP/opus-mt-fr-en, https://github.com/Helsinki-NLP/OPUS-MT-train/blob/master/models/fr-en/README.md",opus-mt-fr-en NMT model.,False
opus-mt-fr-eo,Helsinki-NLP/opus-mt-fr-eo,fr,eo,,,"https://huggingface.co/Helsinki-NLP/opus-mt-fr-eo, https://github.com/Helsinki-NLP/OPUS-MT-train/blob/master/models/fr-eo/README.md",opus-mt-fr-eo NMT model.,False
opus-mt-fr-es,Helsinki-NLP/opus-mt-fr-es,fr,es,,,"https://huggingface.co/Helsinki-NLP/opus-mt-fr-es, https://github.com/Helsinki-NLP/OPUS-MT-train/blob/master/models/fr-es/README.md",opus-mt-fr-es NMT model.,False
opus-mt-fr-fj,Helsinki-NLP/opus-mt-fr-fj,fr,fj,,,"https://huggingface.co/Helsinki-NLP/opus-mt-fr-fj, https://github.com/Helsinki-NLP/OPUS-MT-train/blob/master/models/fr-fj/README.md",opus-mt-fr-fj NMT model.,False
opus-mt-fr-gaa,Helsinki-NLP/opus-mt-fr-gaa,fr,gaa,,,"https://huggingface.co/Helsinki-NLP/opus-mt-fr-gaa, https://github.com/Helsinki-NLP/OPUS-MT-train/blob/master/models/fr-gaa/README.md",opus-mt-fr-gaa NMT model.,False
opus-mt-fr-gil,Helsinki-NLP/opus-mt-fr-gil,fr,gil,,,"https://huggingface.co/Helsinki-NLP/opus-mt-fr-gil, https://github.com/Helsinki-NLP/OPUS-MT-train/blob/master/models/fr-gil/README.md",opus-mt-fr-gil NMT model.,False
opus-mt-fr-guw,Helsinki-NLP/opus-mt-fr-guw,fr,guw,,,"https://huggingface.co/Helsinki-NLP/opus-mt-fr-guw, https://github.com/Helsinki-NLP/OPUS-MT-train/blob/master/models/fr-guw/README.md",opus-mt-fr-guw NMT model.,False
opus-mt-fr-ha,Helsinki-NLP/opus-mt-fr-ha,fr,ha,,,"https://huggingface.co/Helsinki-NLP/opus-mt-fr-ha, https://github.com/Helsinki-NLP/OPUS-MT-train/blob/master/models/fr-ha/README.md",opus-mt-fr-ha NMT model.,False
opus-mt-fr-he,Helsinki-NLP/opus-mt-fr-he,fra,heb,,,"https://huggingface.co/Helsinki-NLP/opus-mt-fr-he, https://github.com/Helsinki-NLP/Tatoeba-Challenge/tree/master/models/fra-heb/README.md","fr-he, source group: French, target group: Hebrew NMT model.",False
opus-mt-fr-hil,Helsinki-NLP/opus-mt-fr-hil,fr,hil,,,"https://huggingface.co/Helsinki-NLP/opus-mt-fr-hil, https://github.com/Helsinki-NLP/OPUS-MT-train/blob/master/models/fr-hil/README.md",opus-mt-fr-hil NMT model.,False
opus-mt-fr-ho,Helsinki-NLP/opus-mt-fr-ho,fr,ho,,,"https://huggingface.co/Helsinki-NLP/opus-mt-fr-ho, https://github.com/Helsinki-NLP/OPUS-MT-train/blob/master/models/fr-ho/README.md",opus-mt-fr-ho NMT model.,False
opus-mt-fr-hr,Helsinki-NLP/opus-mt-fr-hr,fr,hr,,,"https://huggingface.co/Helsinki-NLP/opus-mt-fr-hr, https://github.com/Helsinki-NLP/OPUS-MT-train/blob/master/models/fr-hr/README.md",opus-mt-fr-hr NMT model.,False
opus-mt-fr-ht,Helsinki-NLP/opus-mt-fr-ht,fr,ht,,,"https://huggingface.co/Helsinki-NLP/opus-mt-fr-ht, https://github.com/Helsinki-NLP/OPUS-MT-train/blob/master/models/fr-ht/README.md",opus-mt-fr-ht NMT model.,False
opus-mt-fr-hu,Helsinki-NLP/opus-mt-fr-hu,fr,hu,,,"https://huggingface.co/Helsinki-NLP/opus-mt-fr-hu, https://github.com/Helsinki-NLP/OPUS-MT-train/blob/master/models/fr-hu/README.md",opus-mt-fr-hu NMT model.,False
opus-mt-fr-id,Helsinki-NLP/opus-mt-fr-id,fr,id,,,"https://huggingface.co/Helsinki-NLP/opus-mt-fr-id, https://github.com/Helsinki-NLP/OPUS-MT-train/blob/master/models/fr-id/README.md",opus-mt-fr-id NMT model.,False
opus-mt-fr-ig,Helsinki-NLP/opus-mt-fr-ig,fr,ig,,,"https://huggingface.co/Helsinki-NLP/opus-mt-fr-ig, https://github.com/Helsinki-NLP/OPUS-MT-train/blob/master/models/fr-ig/README.md",opus-mt-fr-ig NMT model.,False
opus-mt-fr-ilo,Helsinki-NLP/opus-mt-fr-ilo,fr,ilo,,,"https://huggingface.co/Helsinki-NLP/opus-mt-fr-ilo, https://github.com/Helsinki-NLP/OPUS-MT-train/blob/master/models/fr-ilo/README.md",opus-mt-fr-ilo NMT model.,False
opus-mt-fr-iso,Helsinki-NLP/opus-mt-fr-iso,fr,iso,,,"https://huggingface.co/Helsinki-NLP/opus-mt-fr-iso, https://github.com/Helsinki-NLP/OPUS-MT-train/blob/master/models/fr-iso/README.md",opus-mt-fr-iso NMT model.,False
opus-mt-fr-kg,Helsinki-NLP/opus-mt-fr-kg,fr,kg,,,"https://huggingface.co/Helsinki-NLP/opus-mt-fr-kg, https://github.com/Helsinki-NLP/OPUS-MT-train/blob/master/models/fr-kg/README.md",opus-mt-fr-kg NMT model.,False
opus-mt-fr-kqn,Helsinki-NLP/opus-mt-fr-kqn,fr,kqn,,,"https://huggingface.co/Helsinki-NLP/opus-mt-fr-kqn, https://github.com/Helsinki-NLP/OPUS-MT-train/blob/master/models/fr-kqn/README.md",opus-mt-fr-kqn NMT model.,False
opus-mt-fr-kwy,Helsinki-NLP/opus-mt-fr-kwy,fr,kwy,,,"https://huggingface.co/Helsinki-NLP/opus-mt-fr-kwy, https://github.com/Helsinki-NLP/OPUS-MT-train/blob/master/models/fr-kwy/README.md",opus-mt-fr-kwy NMT model.,False
opus-mt-fr-lg,Helsinki-NLP/opus-mt-fr-lg,fr,lg,,,"https://huggingface.co/Helsinki-NLP/opus-mt-fr-lg, https://github.com/Helsinki-NLP/OPUS-MT-train/blob/master/models/fr-lg/README.md",opus-mt-fr-lg NMT model.,False
opus-mt-fr-ln,Helsinki-NLP/opus-mt-fr-ln,fr,ln,,,"https://huggingface.co/Helsinki-NLP/opus-mt-fr-ln, https://github.com/Helsinki-NLP/OPUS-MT-train/blob/master/models/fr-ln/README.md",opus-mt-fr-ln NMT model.,False
opus-mt-fr-loz,Helsinki-NLP/opus-mt-fr-loz,fr,loz,,,"https://huggingface.co/Helsinki-NLP/opus-mt-fr-loz, https://github.com/Helsinki-NLP/OPUS-MT-train/blob/master/models/fr-loz/README.md",opus-mt-fr-loz NMT model.,False
opus-mt-fr-lu,Helsinki-NLP/opus-mt-fr-lu,fr,lu,,,"https://huggingface.co/Helsinki-NLP/opus-mt-fr-lu, https://github.com/Helsinki-NLP/OPUS-MT-train/blob/master/models/fr-lu/README.md",opus-mt-fr-lu NMT model.,False
opus-mt-fr-lua,Helsinki-NLP/opus-mt-fr-lua,fr,lua,,,"https://huggingface.co/Helsinki-NLP/opus-mt-fr-lua, https://github.com/Helsinki-NLP/OPUS-MT-train/blob/master/models/fr-lua/README.md",opus-mt-fr-lua NMT model.,False
opus-mt-fr-lue,Helsinki-NLP/opus-mt-fr-lue,fr,lue,,,"https://huggingface.co/Helsinki-NLP/opus-mt-fr-lue, https://github.com/Helsinki-NLP/OPUS-MT-train/blob/master/models/fr-lue/README.md",opus-mt-fr-lue NMT model.,False
opus-mt-fr-lus,Helsinki-NLP/opus-mt-fr-lus,fr,lus,,,"https://huggingface.co/Helsinki-NLP/opus-mt-fr-lus, https://github.com/Helsinki-NLP/OPUS-MT-train/blob/master/models/fr-lus/README.md",opus-mt-fr-lus NMT model.,False
opus-mt-fr-mfe,Helsinki-NLP/opus-mt-fr-mfe,fr,mfe,,,"https://huggingface.co/Helsinki-NLP/opus-mt-fr-mfe, https://github.com/Helsinki-NLP/OPUS-MT-train/blob/master/models/fr-mfe/README.md",opus-mt-fr-mfe NMT model.,False
opus-mt-fr-mh,Helsinki-NLP/opus-mt-fr-mh,fr,mh,,,"https://huggingface.co/Helsinki-NLP/opus-mt-fr-mh, https://github.com/Helsinki-NLP/OPUS-MT-train/blob/master/models/fr-mh/README.md",opus-mt-fr-mh NMT model.,False
opus-mt-fr-mos,Helsinki-NLP/opus-mt-fr-mos,fr,mos,,,"https://huggingface.co/Helsinki-NLP/opus-mt-fr-mos, https://github.com/Helsinki-NLP/OPUS-MT-train/blob/master/models/fr-mos/README.md",opus-mt-fr-mos NMT model.,False
opus-mt-fr-ms,Helsinki-NLP/opus-mt-fr-ms,fra,ind zsm_Latn,,,"https://huggingface.co/Helsinki-NLP/opus-mt-fr-ms, https://github.com/Helsinki-NLP/Tatoeba-Challenge/tree/master/models/fra-msa/README.md","fra-msa, source group: French, target group: Malay (macrolanguage) NMT model.",True
opus-mt-fr-mt,Helsinki-NLP/opus-mt-fr-mt,fr,mt,,,"https://huggingface.co/Helsinki-NLP/opus-mt-fr-mt, https://github.com/Helsinki-NLP/OPUS-MT-train/blob/master/models/fr-mt/README.md",opus-mt-fr-mt NMT model.,False
opus-mt-fr-niu,Helsinki-NLP/opus-mt-fr-niu,fr,niu,,,"https://huggingface.co/Helsinki-NLP/opus-mt-fr-niu, https://github.com/Helsinki-NLP/OPUS-MT-train/blob/master/models/fr-niu/README.md",opus-mt-fr-niu NMT model.,False
opus-mt-fr-no,Helsinki-NLP/opus-mt-fr-no,fra,nno nob,,,"https://huggingface.co/Helsinki-NLP/opus-mt-fr-no, https://github.com/Helsinki-NLP/Tatoeba-Challenge/tree/master/models/fra-nor/README.md","fra-nor, source group: French, target group: Norwegian NMT model.",True
opus-mt-fr-nso,Helsinki-NLP/opus-mt-fr-nso,fr,nso,,,"https://huggingface.co/Helsinki-NLP/opus-mt-fr-nso, https://github.com/Helsinki-NLP/OPUS-MT-train/blob/master/models/fr-nso/README.md",opus-mt-fr-nso NMT model.,False
opus-mt-fr-ny,Helsinki-NLP/opus-mt-fr-ny,fr,ny,,,"https://huggingface.co/Helsinki-NLP/opus-mt-fr-ny, https://github.com/Helsinki-NLP/OPUS-MT-train/blob/master/models/fr-ny/README.md",opus-mt-fr-ny NMT model.,False
opus-mt-fr-pag,Helsinki-NLP/opus-mt-fr-pag,fr,pag,,,"https://huggingface.co/Helsinki-NLP/opus-mt-fr-pag, https://github.com/Helsinki-NLP/OPUS-MT-train/blob/master/models/fr-pag/README.md",opus-mt-fr-pag NMT model.,False
opus-mt-fr-pap,Helsinki-NLP/opus-mt-fr-pap,fr,pap,,,"https://huggingface.co/Helsinki-NLP/opus-mt-fr-pap, https://github.com/Helsinki-NLP/OPUS-MT-train/blob/master/models/fr-pap/README.md",opus-mt-fr-pap NMT model.,False
opus-mt-fr-pis,Helsinki-NLP/opus-mt-fr-pis,fr,pis,,,"https://huggingface.co/Helsinki-NLP/opus-mt-fr-pis, https://github.com/Helsinki-NLP/OPUS-MT-train/blob/master/models/fr-pis/README.md",opus-mt-fr-pis NMT model.,False
opus-mt-fr-pl,Helsinki-NLP/opus-mt-fr-pl,fr,pl,,,"https://huggingface.co/Helsinki-NLP/opus-mt-fr-pl, https://github.com/Helsinki-NLP/OPUS-MT-train/blob/master/models/fr-pl/README.md",opus-mt-fr-pl NMT model.,False
opus-mt-fr-pon,Helsinki-NLP/opus-mt-fr-pon,fr,pon,,,"https://huggingface.co/Helsinki-NLP/opus-mt-fr-pon, https://github.com/Helsinki-NLP/OPUS-MT-train/blob/master/models/fr-pon/README.md",opus-mt-fr-pon NMT model.,False
opus-mt-fr-rnd,Helsinki-NLP/opus-mt-fr-rnd,fr,rnd,,,"https://huggingface.co/Helsinki-NLP/opus-mt-fr-rnd, https://github.com/Helsinki-NLP/OPUS-MT-train/blob/master/models/fr-rnd/README.md",opus-mt-fr-rnd NMT model.,False
opus-mt-fr-ro,Helsinki-NLP/opus-mt-fr-ro,fr,ro,,,"https://huggingface.co/Helsinki-NLP/opus-mt-fr-ro, https://github.com/Helsinki-NLP/OPUS-MT-train/blob/master/models/fr-ro/README.md",opus-mt-fr-ro NMT model.,False
opus-mt-fr-ru,Helsinki-NLP/opus-mt-fr-ru,fr,ru,,,"https://huggingface.co/Helsinki-NLP/opus-mt-fr-ru, https://github.com/Helsinki-NLP/OPUS-MT-train/blob/master/models/fr-ru/README.md",opus-mt-fr-ru NMT model.,False
opus-mt-fr-run,Helsinki-NLP/opus-mt-fr-run,fr,run,,,"https://huggingface.co/Helsinki-NLP/opus-mt-fr-run, https://github.com/Helsinki-NLP/OPUS-MT-train/blob/master/models/fr-run/README.md",opus-mt-fr-run NMT model.,False
opus-mt-fr-rw,Helsinki-NLP/opus-mt-fr-rw,fr,rw,,,"https://huggingface.co/Helsinki-NLP/opus-mt-fr-rw, https://github.com/Helsinki-NLP/OPUS-MT-train/blob/master/models/fr-rw/README.md",opus-mt-fr-rw NMT model.,False
opus-mt-fr-sg,Helsinki-NLP/opus-mt-fr-sg,fr,sg,,,"https://huggingface.co/Helsinki-NLP/opus-mt-fr-sg, https://github.com/Helsinki-NLP/OPUS-MT-train/blob/master/models/fr-sg/README.md",opus-mt-fr-sg NMT model.,False
opus-mt-fr-sk,Helsinki-NLP/opus-mt-fr-sk,fr,sk,,,"https://huggingface.co/Helsinki-NLP/opus-mt-fr-sk, https://github.com/Helsinki-NLP/OPUS-MT-train/blob/master/models/fr-sk/README.md",opus-mt-fr-sk NMT model.,False
opus-mt-fr-sl,Helsinki-NLP/opus-mt-fr-sl,fr,sl,,,"https://huggingface.co/Helsinki-NLP/opus-mt-fr-sl, https://github.com/Helsinki-NLP/OPUS-MT-train/blob/master/models/fr-sl/README.md",opus-mt-fr-sl NMT model.,False
opus-mt-fr-sm,Helsinki-NLP/opus-mt-fr-sm,fr,sm,,,"https://huggingface.co/Helsinki-NLP/opus-mt-fr-sm, https://github.com/Helsinki-NLP/OPUS-MT-train/blob/master/models/fr-sm/README.md",opus-mt-fr-sm NMT model.,False
opus-mt-fr-sn,Helsinki-NLP/opus-mt-fr-sn,fr,sn,,,"https://huggingface.co/Helsinki-NLP/opus-mt-fr-sn, https://github.com/Helsinki-NLP/OPUS-MT-train/blob/master/models/fr-sn/README.md",opus-mt-fr-sn NMT model.,False
opus-mt-fr-srn,Helsinki-NLP/opus-mt-fr-srn,fr,srn,,,"https://huggingface.co/Helsinki-NLP/opus-mt-fr-srn, https://github.com/Helsinki-NLP/OPUS-MT-train/blob/master/models/fr-srn/README.md",opus-mt-fr-srn NMT model.,False
opus-mt-fr-st,Helsinki-NLP/opus-mt-fr-st,fr,st,,,"https://huggingface.co/Helsinki-NLP/opus-mt-fr-st, https://github.com/Helsinki-NLP/OPUS-MT-train/blob/master/models/fr-st/README.md",opus-mt-fr-st NMT model.,False
opus-mt-fr-sv,Helsinki-NLP/opus-mt-fr-sv,fr,sv,,,"https://huggingface.co/Helsinki-NLP/opus-mt-fr-sv, https://github.com/Helsinki-NLP/OPUS-MT-train/blob/master/models/fr-sv/README.md",opus-mt-fr-sv NMT model.,False
opus-mt-fr-swc,Helsinki-NLP/opus-mt-fr-swc,fr,swc,,,"https://huggingface.co/Helsinki-NLP/opus-mt-fr-swc, https://github.com/Helsinki-NLP/OPUS-MT-train/blob/master/models/fr-swc/README.md",opus-mt-fr-swc NMT model.,False
opus-mt-fr-tiv,Helsinki-NLP/opus-mt-fr-tiv,fr,tiv,,,"https://huggingface.co/Helsinki-NLP/opus-mt-fr-tiv, https://github.com/Helsinki-NLP/OPUS-MT-train/blob/master/models/fr-tiv/README.md",opus-mt-fr-tiv NMT model.,False
opus-mt-fr-tl,Helsinki-NLP/opus-mt-fr-tl,fra,tgl_Latn,,,"https://huggingface.co/Helsinki-NLP/opus-mt-fr-tl, https://github.com/Helsinki-NLP/Tatoeba-Challenge/tree/master/models/fra-tgl/README.md","fra-tgl, source group: French, target group: Tagalog NMT model.",False
opus-mt-fr-tll,Helsinki-NLP/opus-mt-fr-tll,fr,tll,,,"https://huggingface.co/Helsinki-NLP/opus-mt-fr-tll, https://github.com/Helsinki-NLP/OPUS-MT-train/blob/master/models/fr-tll/README.md",opus-mt-fr-tll NMT model.,False
opus-mt-fr-tn,Helsinki-NLP/opus-mt-fr-tn,fr,tn,,,"https://huggingface.co/Helsinki-NLP/opus-mt-fr-tn, https://github.com/Helsinki-NLP/OPUS-MT-train/blob/master/models/fr-tn/README.md",opus-mt-fr-tn NMT model.,False
opus-mt-fr-to,Helsinki-NLP/opus-mt-fr-to,fr,to,,,"https://huggingface.co/Helsinki-NLP/opus-mt-fr-to, https://github.com/Helsinki-NLP/OPUS-MT-train/blob/master/models/fr-to/README.md",opus-mt-fr-to NMT model.,False
opus-mt-fr-tpi,Helsinki-NLP/opus-mt-fr-tpi,fr,tpi,,,"https://huggingface.co/Helsinki-NLP/opus-mt-fr-tpi, https://github.com/Helsinki-NLP/OPUS-MT-train/blob/master/models/fr-tpi/README.md",opus-mt-fr-tpi NMT model.,False
opus-mt-fr-ts,Helsinki-NLP/opus-mt-fr-ts,fr,ts,,,"https://huggingface.co/Helsinki-NLP/opus-mt-fr-ts, https://github.com/Helsinki-NLP/OPUS-MT-train/blob/master/models/fr-ts/README.md",opus-mt-fr-ts NMT model.,False
opus-mt-fr-tum,Helsinki-NLP/opus-mt-fr-tum,fr,tum,,,"https://huggingface.co/Helsinki-NLP/opus-mt-fr-tum, https://github.com/Helsinki-NLP/OPUS-MT-train/blob/master/models/fr-tum/README.md",opus-mt-fr-tum NMT model.,False
opus-mt-fr-tvl,Helsinki-NLP/opus-mt-fr-tvl,fr,tvl,,,"https://huggingface.co/Helsinki-NLP/opus-mt-fr-tvl, https://github.com/Helsinki-NLP/OPUS-MT-train/blob/master/models/fr-tvl/README.md",opus-mt-fr-tvl NMT model.,False
opus-mt-fr-tw,Helsinki-NLP/opus-mt-fr-tw,fr,tw,,,"https://huggingface.co/Helsinki-NLP/opus-mt-fr-tw, https://github.com/Helsinki-NLP/OPUS-MT-train/blob/master/models/fr-tw/README.md",opus-mt-fr-tw NMT model.,False
opus-mt-fr-ty,Helsinki-NLP/opus-mt-fr-ty,fr,ty,,,"https://huggingface.co/Helsinki-NLP/opus-mt-fr-ty, https://github.com/Helsinki-NLP/OPUS-MT-train/blob/master/models/fr-ty/README.md",opus-mt-fr-ty NMT model.,False
opus-mt-fr-uk,Helsinki-NLP/opus-mt-fr-uk,fr,uk,,,"https://huggingface.co/Helsinki-NLP/opus-mt-fr-uk, https://github.com/Helsinki-NLP/OPUS-MT-train/blob/master/models/fr-uk/README.md",opus-mt-fr-uk NMT model.,False
opus-mt-fr-ve,Helsinki-NLP/opus-mt-fr-ve,fr,ve,,,"https://huggingface.co/Helsinki-NLP/opus-mt-fr-ve, https://github.com/Helsinki-NLP/OPUS-MT-train/blob/master/models/fr-ve/README.md",opus-mt-fr-ve NMT model.,False
opus-mt-fr-vi,Helsinki-NLP/opus-mt-fr-vi,fra,vie,,,"https://huggingface.co/Helsinki-NLP/opus-mt-fr-vi, https://github.com/Helsinki-NLP/Tatoeba-Challenge/tree/master/models/fra-vie/README.md","fra-vie, source group: French, target group: Vietnamese NMT model.",False
opus-mt-fr-war,Helsinki-NLP/opus-mt-fr-war,fr,war,,,"https://huggingface.co/Helsinki-NLP/opus-mt-fr-war, https://github.com/Helsinki-NLP/OPUS-MT-train/blob/master/models/fr-war/README.md",opus-mt-fr-war NMT model.,False
opus-mt-fr-wls,Helsinki-NLP/opus-mt-fr-wls,fr,wls,,,"https://huggingface.co/Helsinki-NLP/opus-mt-fr-wls, https://github.com/Helsinki-NLP/OPUS-MT-train/blob/master/models/fr-wls/README.md",opus-mt-fr-wls NMT model.,False
opus-mt-fr-xh,Helsinki-NLP/opus-mt-fr-xh,fr,xh,,,"https://huggingface.co/Helsinki-NLP/opus-mt-fr-xh, https://github.com/Helsinki-NLP/OPUS-MT-train/blob/master/models/fr-xh/README.md",opus-mt-fr-xh NMT model.,False
opus-mt-fr-yap,Helsinki-NLP/opus-mt-fr-yap,fr,yap,,,"https://huggingface.co/Helsinki-NLP/opus-mt-fr-yap, https://github.com/Helsinki-NLP/OPUS-MT-train/blob/master/models/fr-yap/README.md",opus-mt-fr-yap NMT model.,False
opus-mt-fr-yo,Helsinki-NLP/opus-mt-fr-yo,fr,yo,,,"https://huggingface.co/Helsinki-NLP/opus-mt-fr-yo, https://github.com/Helsinki-NLP/OPUS-MT-train/blob/master/models/fr-yo/README.md",opus-mt-fr-yo NMT model.,False
opus-mt-fr-zne,Helsinki-NLP/opus-mt-fr-zne,fr,zne,,,"https://huggingface.co/Helsinki-NLP/opus-mt-fr-zne, https://github.com/Helsinki-NLP/OPUS-MT-train/blob/master/models/fr-zne/README.md",opus-mt-fr-zne NMT model.,False
opus-mt-fse-fi,Helsinki-NLP/opus-mt-fse-fi,fse,fi,,,"https://huggingface.co/Helsinki-NLP/opus-mt-fse-fi, https://github.com/Helsinki-NLP/OPUS-MT-train/blob/master/models/fse-fi/README.md",opus-mt-fse-fi NMT model.,False
opus-mt-ga-en,Helsinki-NLP/opus-mt-ga-en,gle,eng,,,"https://huggingface.co/Helsinki-NLP/opus-mt-ga-en, https://github.com/Helsinki-NLP/Tatoeba-Challenge/tree/master/models/gle-eng/README.md","gle-eng, source group: Irish, target group: English NMT model.",False
opus-mt-gaa-de,Helsinki-NLP/opus-mt-gaa-de,gaa,de,,,"https://huggingface.co/Helsinki-NLP/opus-mt-gaa-de, https://github.com/Helsinki-NLP/OPUS-MT-train/blob/master/models/gaa-de/README.md",opus-mt-gaa-de NMT model.,False
opus-mt-gaa-en,Helsinki-NLP/opus-mt-gaa-en,gaa,en,,,"https://huggingface.co/Helsinki-NLP/opus-mt-gaa-en, https://github.com/Helsinki-NLP/OPUS-MT-train/blob/master/models/gaa-en/README.md",opus-mt-gaa-en NMT model.,False
opus-mt-gaa-es,Helsinki-NLP/opus-mt-gaa-es,gaa,es,,,"https://huggingface.co/Helsinki-NLP/opus-mt-gaa-es, https://github.com/Helsinki-NLP/OPUS-MT-train/blob/master/models/gaa-es/README.md",opus-mt-gaa-es NMT model.,False
opus-mt-gaa-fi,Helsinki-NLP/opus-mt-gaa-fi,gaa,fi,,,"https://huggingface.co/Helsinki-NLP/opus-mt-gaa-fi, https://github.com/Helsinki-NLP/OPUS-MT-train/blob/master/models/gaa-fi/README.md",opus-mt-gaa-fi NMT model.,False
opus-mt-gaa-fr,Helsinki-NLP/opus-mt-gaa-fr,gaa,fr,,,"https://huggingface.co/Helsinki-NLP/opus-mt-gaa-fr, https://github.com/Helsinki-NLP/OPUS-MT-train/blob/master/models/gaa-fr/README.md",opus-mt-gaa-fr NMT model.,False
opus-mt-gaa-sv,Helsinki-NLP/opus-mt-gaa-sv,gaa,sv,,,"https://huggingface.co/Helsinki-NLP/opus-mt-gaa-sv, https://github.com/Helsinki-NLP/OPUS-MT-train/blob/master/models/gaa-sv/README.md",opus-mt-gaa-sv NMT model.,False
opus-mt-gem-en,Helsinki-NLP/opus-mt-gem-en,afr ang_Latn dan deu enm_Latn fao frr fry gos got_Goth gsw isl ksh ltz nds nld nno nob nob_Hebr non_Latn pdc sco stq swe swg yid,eng,,,"https://huggingface.co/Helsinki-NLP/opus-mt-gem-en, https://github.com/Helsinki-NLP/Tatoeba-Challenge/tree/master/models/gem-eng/README.md","gem-eng, source group: Germanic languages, target group: English NMT model.",False
opus-mt-gem-gem,Helsinki-NLP/opus-mt-gem-gem,afr ang_Latn dan deu eng enm_Latn fao frr fry gos got_Goth gsw isl ksh ltz nds nld nno nob nob_Hebr non_Latn pdc sco stq swe swg yid,afr ang_Latn dan deu eng enm_Latn fao frr fry gos got_Goth gsw isl ksh ltz nds nld nno nob nob_Hebr non_Latn pdc sco stq swe swg yid,,,"https://huggingface.co/Helsinki-NLP/opus-mt-gem-gem, https://github.com/Helsinki-NLP/Tatoeba-Challenge/tree/master/models/gem-gem/README.md","gem-gem, source group: Germanic languages, target group: Germanic languages NMT model.",True
opus-mt-gil-en,Helsinki-NLP/opus-mt-gil-en,gil,en,,,"https://huggingface.co/Helsinki-NLP/opus-mt-gil-en, https://github.com/Helsinki-NLP/OPUS-MT-train/blob/master/models/gil-en/README.md",opus-mt-gil-en NMT model.,False
opus-mt-gil-es,Helsinki-NLP/opus-mt-gil-es,gil,es,,,"https://huggingface.co/Helsinki-NLP/opus-mt-gil-es, https://github.com/Helsinki-NLP/OPUS-MT-train/blob/master/models/gil-es/README.md",opus-mt-gil-es NMT model.,False
opus-mt-gil-fi,Helsinki-NLP/opus-mt-gil-fi,gil,fi,,,"https://huggingface.co/Helsinki-NLP/opus-mt-gil-fi, https://github.com/Helsinki-NLP/OPUS-MT-train/blob/master/models/gil-fi/README.md",opus-mt-gil-fi NMT model.,False
opus-mt-gil-fr,Helsinki-NLP/opus-mt-gil-fr,gil,fr,,,"https://huggingface.co/Helsinki-NLP/opus-mt-gil-fr, https://github.com/Helsinki-NLP/OPUS-MT-train/blob/master/models/gil-fr/README.md",opus-mt-gil-fr NMT model.,False
opus-mt-gil-sv,Helsinki-NLP/opus-mt-gil-sv,gil,sv,,,"https://huggingface.co/Helsinki-NLP/opus-mt-gil-sv, https://github.com/Helsinki-NLP/OPUS-MT-train/blob/master/models/gil-sv/README.md",opus-mt-gil-sv NMT model.,False
opus-mt-gl-en,Helsinki-NLP/opus-mt-gl-en,glg,eng,,,"https://huggingface.co/Helsinki-NLP/opus-mt-gl-en, https://github.com/Helsinki-NLP/Tatoeba-Challenge/tree/master/models/glg-eng/README.md","glg-eng, source group: Galician, target group: English NMT model.",False
opus-mt-gl-es,Helsinki-NLP/opus-mt-gl-es,glg,spa,,,"https://huggingface.co/Helsinki-NLP/opus-mt-gl-es, https://github.com/Helsinki-NLP/Tatoeba-Challenge/tree/master/models/glg-spa/README.md","glg-spa, source group: Galician, target group: Spanish NMT model.",False
opus-mt-gl-pt,Helsinki-NLP/opus-mt-gl-pt,glg,por,,,"https://huggingface.co/Helsinki-NLP/opus-mt-gl-pt, https://github.com/Helsinki-NLP/Tatoeba-Challenge/tree/master/models/glg-por/README.md","glg-por, source group: Galician, target group: Portuguese NMT model.",False
opus-mt-gmq-en,Helsinki-NLP/opus-mt-gmq-en,dan fao isl nno nob nob_Hebr non_Latn swe,eng,,,"https://huggingface.co/Helsinki-NLP/opus-mt-gmq-en, https://github.com/Helsinki-NLP/Tatoeba-Challenge/tree/master/models/gmq-eng/README.md","gmq-eng, source group: North Germanic languages, target group: English NMT model.",False
opus-mt-gmq-gmq,Helsinki-NLP/opus-mt-gmq-gmq,dan fao isl nno nob swe,dan fao isl nno nob swe,,,"https://huggingface.co/Helsinki-NLP/opus-mt-gmq-gmq, https://github.com/Helsinki-NLP/Tatoeba-Challenge/tree/master/models/gmq-gmq/README.md","gmq-gmq, source group: North Germanic languages, target group: North Germanic languages NMT model.",True
opus-mt-gmw-en,Helsinki-NLP/opus-mt-gmw-en,afr ang_Latn deu enm_Latn frr fry gos gsw ksh ltz nds nld pdc sco stq swg yid,eng,,,"https://huggingface.co/Helsinki-NLP/opus-mt-gmw-en, https://github.com/Helsinki-NLP/Tatoeba-Challenge/tree/master/models/gmw-eng/README.md","gmw-eng, source group: West Germanic languages, target group: English NMT model.",False
opus-mt-gmw-gmw,Helsinki-NLP/opus-mt-gmw-gmw,afr ang_Latn deu eng enm_Latn frr fry gos gsw ksh ltz nds nld pdc sco stq swg yid,afr ang_Latn deu eng enm_Latn frr fry gos gsw ksh ltz nds nld pdc sco stq swg yid,,,"https://huggingface.co/Helsinki-NLP/opus-mt-gmw-gmw, https://github.com/Helsinki-NLP/Tatoeba-Challenge/tree/master/models/gmw-gmw/README.md","gmw-gmw, source group: West Germanic languages, target group: West Germanic languages NMT model.",True
opus-mt-grk-en,Helsinki-NLP/opus-mt-grk-en,ell grc_Grek,eng,,,"https://huggingface.co/Helsinki-NLP/opus-mt-grk-en, https://github.com/Helsinki-NLP/Tatoeba-Challenge/tree/master/models/grk-eng/README.md","grk-eng, source group: Greek languages, target group: English NMT model.",False
opus-mt-guw-de,Helsinki-NLP/opus-mt-guw-de,guw,de,,,"https://huggingface.co/Helsinki-NLP/opus-mt-guw-de, https://github.com/Helsinki-NLP/OPUS-MT-train/blob/master/models/guw-de/README.md",opus-mt-guw-de NMT model.,False
opus-mt-guw-en,Helsinki-NLP/opus-mt-guw-en,guw,en,,,"https://huggingface.co/Helsinki-NLP/opus-mt-guw-en, https://github.com/Helsinki-NLP/OPUS-MT-train/blob/master/models/guw-en/README.md",opus-mt-guw-en NMT model.,False
opus-mt-guw-es,Helsinki-NLP/opus-mt-guw-es,guw,es,,,"https://huggingface.co/Helsinki-NLP/opus-mt-guw-es, https://github.com/Helsinki-NLP/OPUS-MT-train/blob/master/models/guw-es/README.md",opus-mt-guw-es NMT model.,False
opus-mt-guw-fi,Helsinki-NLP/opus-mt-guw-fi,guw,fi,,,"https://huggingface.co/Helsinki-NLP/opus-mt-guw-fi, https://github.com/Helsinki-NLP/OPUS-MT-train/blob/master/models/guw-fi/README.md",opus-mt-guw-fi NMT model.,False
opus-mt-guw-fr,Helsinki-NLP/opus-mt-guw-fr,guw,fr,,,"https://huggingface.co/Helsinki-NLP/opus-mt-guw-fr, https://github.com/Helsinki-NLP/OPUS-MT-train/blob/master/models/guw-fr/README.md",opus-mt-guw-fr NMT model.,False
opus-mt-guw-sv,Helsinki-NLP/opus-mt-guw-sv,guw,sv,,,"https://huggingface.co/Helsinki-NLP/opus-mt-guw-sv, https://github.com/Helsinki-NLP/OPUS-MT-train/blob/master/models/guw-sv/README.md",opus-mt-guw-sv NMT model.,False
opus-mt-gv-en,Helsinki-NLP/opus-mt-gv-en,gv,en,,,"https://huggingface.co/Helsinki-NLP/opus-mt-gv-en, https://github.com/Helsinki-NLP/OPUS-MT-train/blob/master/models/gv-en/README.md",opus-mt-gv-en NMT model.,False
opus-mt-ha-en,Helsinki-NLP/opus-mt-ha-en,ha,en,,,"https://huggingface.co/Helsinki-NLP/opus-mt-ha-en, https://github.com/Helsinki-NLP/OPUS-MT-train/blob/master/models/ha-en/README.md",opus-mt-ha-en NMT model.,False
opus-mt-ha-es,Helsinki-NLP/opus-mt-ha-es,ha,es,,,"https://huggingface.co/Helsinki-NLP/opus-mt-ha-es, https://github.com/Helsinki-NLP/OPUS-MT-train/blob/master/models/ha-es/README.md",opus-mt-ha-es NMT model.,False
opus-mt-ha-fi,Helsinki-NLP/opus-mt-ha-fi,ha,fi,,,"https://huggingface.co/Helsinki-NLP/opus-mt-ha-fi, https://github.com/Helsinki-NLP/OPUS-MT-train/blob/master/models/ha-fi/README.md",opus-mt-ha-fi NMT model.,False
opus-mt-ha-fr,Helsinki-NLP/opus-mt-ha-fr,ha,fr,,,"https://huggingface.co/Helsinki-NLP/opus-mt-ha-fr, https://github.com/Helsinki-NLP/OPUS-MT-train/blob/master/models/ha-fr/README.md",opus-mt-ha-fr NMT model.,False
opus-mt-ha-sv,Helsinki-NLP/opus-mt-ha-sv,ha,sv,,,"https://huggingface.co/Helsinki-NLP/opus-mt-ha-sv, https://github.com/Helsinki-NLP/OPUS-MT-train/blob/master/models/ha-sv/README.md",opus-mt-ha-sv NMT model.,False
opus-mt-he-ar,Helsinki-NLP/opus-mt-he-ar,heb,apc apc_Latn ara arq arz,,,"https://huggingface.co/Helsinki-NLP/opus-mt-he-ar, https://github.com/Helsinki-NLP/Tatoeba-Challenge/tree/master/models/heb-ara/README.md","heb-ara, source group: Hebrew, target group: Arabic NMT model.",True
opus-mt-he-de,Helsinki-NLP/opus-mt-he-de,he,de,,,"https://huggingface.co/Helsinki-NLP/opus-mt-he-de, https://github.com/Helsinki-NLP/OPUS-MT-train/blob/master/models/he-de/README.md",opus-mt-he-de NMT model.,False
opus-mt-he-eo,Helsinki-NLP/opus-mt-he-eo,heb,epo,,,"https://huggingface.co/Helsinki-NLP/opus-mt-he-eo, https://github.com/Helsinki-NLP/Tatoeba-Challenge/tree/master/models/heb-epo/README.md","heb-epo, source group: Hebrew, target group: Esperanto NMT model.",False
opus-mt-he-es,Helsinki-NLP/opus-mt-he-es,heb,spa,,,"https://huggingface.co/Helsinki-NLP/opus-mt-he-es, https://github.com/Helsinki-NLP/Tatoeba-Challenge/tree/master/models/heb-spa/README.md","he-es, source group: Hebrew, target group: Spanish NMT model.",False
opus-mt-he-fi,Helsinki-NLP/opus-mt-he-fi,he,fi,,,"https://huggingface.co/Helsinki-NLP/opus-mt-he-fi, https://github.com/Helsinki-NLP/OPUS-MT-train/blob/master/models/he-fi/README.md",opus-mt-he-fi NMT model.,False
opus-mt-he-fr,Helsinki-NLP/opus-mt-he-fr,heb,fra,,,"https://huggingface.co/Helsinki-NLP/opus-mt-he-fr, https://github.com/Helsinki-NLP/Tatoeba-Challenge/tree/master/models/heb-fra","OPUS dataset, source language(s): heb, target language(s): fra NMT model.",False
opus-mt-he-it,Helsinki-NLP/opus-mt-he-it,heb,ita,,,"https://huggingface.co/Helsinki-NLP/opus-mt-he-it, https://github.com/Helsinki-NLP/Tatoeba-Challenge/tree/master/models/heb-ita/README.md","he-it, source group: Hebrew, target group: Italian NMT model.",False
opus-mt-he-ru,Helsinki-NLP/opus-mt-he-ru,heb,rus,,,"https://huggingface.co/Helsinki-NLP/opus-mt-he-ru, https://github.com/Helsinki-NLP/Tatoeba-Challenge/tree/master/models/heb-rus/README.md","he-ru, source group: Hebrew, target group: Russian NMT model.",False
opus-mt-he-sv,Helsinki-NLP/opus-mt-he-sv,he,sv,,,"https://huggingface.co/Helsinki-NLP/opus-mt-he-sv, https://github.com/Helsinki-NLP/OPUS-MT-train/blob/master/models/he-sv/README.md",opus-mt-he-sv NMT model.,False
opus-mt-he-uk,Helsinki-NLP/opus-mt-he-uk,heb,ukr,,,"https://huggingface.co/Helsinki-NLP/opus-mt-he-uk, https://github.com/Helsinki-NLP/Tatoeba-Challenge/tree/master/models/heb-ukr/README.md","heb-ukr, source group: Hebrew, target group: Ukrainian NMT model.",False
opus-mt-hi-en,Helsinki-NLP/opus-mt-hi-en,hi,en,,,"https://huggingface.co/Helsinki-NLP/opus-mt-hi-en, https://github.com/Helsinki-NLP/OPUS-MT-train/blob/master/models/hi-en/README.md",opus-mt-hi-en NMT model.,False
opus-mt-hi-ur,Helsinki-NLP/opus-mt-hi-ur,hin,urd,,,"https://huggingface.co/Helsinki-NLP/opus-mt-hi-ur, https://github.com/Helsinki-NLP/Tatoeba-Challenge/tree/master/models/hin-urd/README.md","hin-urd, source group: Hindi, target group: Urdu NMT model.",False
opus-mt-hil-de,Helsinki-NLP/opus-mt-hil-de,hil,de,,,"https://huggingface.co/Helsinki-NLP/opus-mt-hil-de, https://github.com/Helsinki-NLP/OPUS-MT-train/blob/master/models/hil-de/README.md",opus-mt-hil-de NMT model.,False
opus-mt-hil-en,Helsinki-NLP/opus-mt-hil-en,hil,en,,,"https://huggingface.co/Helsinki-NLP/opus-mt-hil-en, https://github.com/Helsinki-NLP/OPUS-MT-train/blob/master/models/hil-en/README.md",opus-mt-hil-en NMT model.,False
opus-mt-hil-fi,Helsinki-NLP/opus-mt-hil-fi,hil,fi,,,"https://huggingface.co/Helsinki-NLP/opus-mt-hil-fi, https://github.com/Helsinki-NLP/OPUS-MT-train/blob/master/models/hil-fi/README.md",opus-mt-hil-fi NMT model.,False
opus-mt-ho-en,Helsinki-NLP/opus-mt-ho-en,ho,en,,,"https://huggingface.co/Helsinki-NLP/opus-mt-ho-en, https://github.com/Helsinki-NLP/OPUS-MT-train/blob/master/models/ho-en/README.md",opus-mt-ho-en NMT model.,False
opus-mt-hr-es,Helsinki-NLP/opus-mt-hr-es,hr,es,,,"https://huggingface.co/Helsinki-NLP/opus-mt-hr-es, https://github.com/Helsinki-NLP/OPUS-MT-train/blob/master/models/hr-es/README.md",opus-mt-hr-es NMT model.,False
opus-mt-hr-fi,Helsinki-NLP/opus-mt-hr-fi,hr,fi,,,"https://huggingface.co/Helsinki-NLP/opus-mt-hr-fi, https://github.com/Helsinki-NLP/OPUS-MT-train/blob/master/models/hr-fi/README.md",opus-mt-hr-fi NMT model.,False
opus-mt-hr-fr,Helsinki-NLP/opus-mt-hr-fr,hr,fr,,,"https://huggingface.co/Helsinki-NLP/opus-mt-hr-fr, https://github.com/Helsinki-NLP/OPUS-MT-train/blob/master/models/hr-fr/README.md",opus-mt-hr-fr NMT model.,False
opus-mt-hr-sv,Helsinki-NLP/opus-mt-hr-sv,hr,sv,,,"https://huggingface.co/Helsinki-NLP/opus-mt-hr-sv, https://github.com/Helsinki-NLP/OPUS-MT-train/blob/master/models/hr-sv/README.md",opus-mt-hr-sv NMT model.,False
opus-mt-ht-en,Helsinki-NLP/opus-mt-ht-en,ht,en,,,"https://huggingface.co/Helsinki-NLP/opus-mt-ht-en, https://github.com/Helsinki-NLP/OPUS-MT-train/blob/master/models/ht-en/README.md",opus-mt-ht-en NMT model.,False
opus-mt-ht-es,Helsinki-NLP/opus-mt-ht-es,ht,es,,,"https://huggingface.co/Helsinki-NLP/opus-mt-ht-es, https://github.com/Helsinki-NLP/OPUS-MT-train/blob/master/models/ht-es/README.md",opus-mt-ht-es NMT model.,False
opus-mt-ht-fi,Helsinki-NLP/opus-mt-ht-fi,ht,fi,,,"https://huggingface.co/Helsinki-NLP/opus-mt-ht-fi, https://github.com/Helsinki-NLP/OPUS-MT-train/blob/master/models/ht-fi/README.md",opus-mt-ht-fi NMT model.,False
opus-mt-ht-fr,Helsinki-NLP/opus-mt-ht-fr,ht,fr,,,"https://huggingface.co/Helsinki-NLP/opus-mt-ht-fr, https://github.com/Helsinki-NLP/OPUS-MT-train/blob/master/models/ht-fr/README.md",opus-mt-ht-fr NMT model.,False
opus-mt-ht-sv,Helsinki-NLP/opus-mt-ht-sv,ht,sv,,,"https://huggingface.co/Helsinki-NLP/opus-mt-ht-sv, https://github.com/Helsinki-NLP/OPUS-MT-train/blob/master/models/ht-sv/README.md",opus-mt-ht-sv NMT model.,False
opus-mt-hu-de,Helsinki-NLP/opus-mt-hu-de,hu,de,,,"https://huggingface.co/Helsinki-NLP/opus-mt-hu-de, https://github.com/Helsinki-NLP/OPUS-MT-train/blob/master/models/hu-de/README.md",opus-mt-hu-de NMT model.,False
opus-mt-hu-en,Helsinki-NLP/opus-mt-hu-en,hu,en,,,"https://huggingface.co/Helsinki-NLP/opus-mt-hu-en, https://github.com/Helsinki-NLP/OPUS-MT-train/blob/master/models/hu-en/README.md",opus-mt-hu-en NMT model.,False
opus-mt-hu-eo,Helsinki-NLP/opus-mt-hu-eo,hun,epo,,,"https://huggingface.co/Helsinki-NLP/opus-mt-hu-eo, https://github.com/Helsinki-NLP/Tatoeba-Challenge/tree/master/models/hun-epo/README.md","hun-epo, source group: Hungarian, target group: Esperanto NMT model.",False
opus-mt-hu-fi,Helsinki-NLP/opus-mt-hu-fi,hu,fi,,,"https://huggingface.co/Helsinki-NLP/opus-mt-hu-fi, https://github.com/Helsinki-NLP/OPUS-MT-train/blob/master/models/hu-fi/README.md",opus-mt-hu-fi NMT model.,False
opus-mt-hu-fr,Helsinki-NLP/opus-mt-hu-fr,hu,fr,,,"https://huggingface.co/Helsinki-NLP/opus-mt-hu-fr, https://github.com/Helsinki-NLP/OPUS-MT-train/blob/master/models/hu-fr/README.md",opus-mt-hu-fr NMT model.,False
opus-mt-hu-sv,Helsinki-NLP/opus-mt-hu-sv,hu,sv,,,"https://huggingface.co/Helsinki-NLP/opus-mt-hu-sv, https://github.com/Helsinki-NLP/OPUS-MT-train/blob/master/models/hu-sv/README.md",opus-mt-hu-sv NMT model.,False
opus-mt-hu-uk,Helsinki-NLP/opus-mt-hu-uk,hun,ukr,,,"https://huggingface.co/Helsinki-NLP/opus-mt-hu-uk, https://github.com/Helsinki-NLP/Tatoeba-Challenge/tree/master/models/hun-ukr/README.md","hun-ukr, source group: Hungarian, target group: Ukrainian NMT model.",False
opus-mt-hy-en,Helsinki-NLP/opus-mt-hy-en,hy,en,,,"https://huggingface.co/Helsinki-NLP/opus-mt-hy-en, https://github.com/Helsinki-NLP/OPUS-MT-train/blob/master/models/hy-en/README.md",opus-mt-hy-en NMT model.,False
opus-mt-hy-ru,Helsinki-NLP/opus-mt-hy-ru,hye hye_Latn,rus,,,"https://huggingface.co/Helsinki-NLP/opus-mt-hy-ru, https://github.com/Helsinki-NLP/Tatoeba-Challenge/tree/master/models/hye-rus/README.md","hye-rus, source group: Armenian, target group: Russian NMT model.",False
opus-mt-id-en,Helsinki-NLP/opus-mt-id-en,id,en,,,"https://huggingface.co/Helsinki-NLP/opus-mt-id-en, https://github.com/Helsinki-NLP/OPUS-MT-train/blob/master/models/id-en/README.md",opus-mt-id-en NMT model.,False
opus-mt-id-es,Helsinki-NLP/opus-mt-id-es,id,es,,,"https://huggingface.co/Helsinki-NLP/opus-mt-id-es, https://github.com/Helsinki-NLP/OPUS-MT-train/blob/master/models/id-es/README.md",opus-mt-id-es NMT model.,False
opus-mt-id-fi,Helsinki-NLP/opus-mt-id-fi,id,fi,,,"https://huggingface.co/Helsinki-NLP/opus-mt-id-fi, https://github.com/Helsinki-NLP/OPUS-MT-train/blob/master/models/id-fi/README.md",opus-mt-id-fi NMT model.,False
opus-mt-id-fr,Helsinki-NLP/opus-mt-id-fr,id,fr,,,"https://huggingface.co/Helsinki-NLP/opus-mt-id-fr, https://github.com/Helsinki-NLP/OPUS-MT-train/blob/master/models/id-fr/README.md",opus-mt-id-fr NMT model.,False
opus-mt-id-sv,Helsinki-NLP/opus-mt-id-sv,id,sv,,,"https://huggingface.co/Helsinki-NLP/opus-mt-id-sv, https://github.com/Helsinki-NLP/OPUS-MT-train/blob/master/models/id-sv/README.md",opus-mt-id-sv NMT model.,False
opus-mt-ig-de,Helsinki-NLP/opus-mt-ig-de,ig,de,,,"https://huggingface.co/Helsinki-NLP/opus-mt-ig-de, https://github.com/Helsinki-NLP/OPUS-MT-train/blob/master/models/ig-de/README.md",opus-mt-ig-de NMT model.,False
opus-mt-ig-en,Helsinki-NLP/opus-mt-ig-en,ig,en,,,"https://huggingface.co/Helsinki-NLP/opus-mt-ig-en, https://github.com/Helsinki-NLP/OPUS-MT-train/blob/master/models/ig-en/README.md",opus-mt-ig-en NMT model.,False
opus-mt-ig-es,Helsinki-NLP/opus-mt-ig-es,ig,es,,,"https://huggingface.co/Helsinki-NLP/opus-mt-ig-es, https://github.com/Helsinki-NLP/OPUS-MT-train/blob/master/models/ig-es/README.md",opus-mt-ig-es NMT model.,False
opus-mt-ig-fi,Helsinki-NLP/opus-mt-ig-fi,ig,fi,,,"https://huggingface.co/Helsinki-NLP/opus-mt-ig-fi, https://github.com/Helsinki-NLP/OPUS-MT-train/blob/master/models/ig-fi/README.md",opus-mt-ig-fi NMT model.,False
opus-mt-ig-fr,Helsinki-NLP/opus-mt-ig-fr,ig,fr,,,"https://huggingface.co/Helsinki-NLP/opus-mt-ig-fr, https://github.com/Helsinki-NLP/OPUS-MT-train/blob/master/models/ig-fr/README.md",opus-mt-ig-fr NMT model.,False
opus-mt-ig-sv,Helsinki-NLP/opus-mt-ig-sv,ig,sv,,,"https://huggingface.co/Helsinki-NLP/opus-mt-ig-sv, https://github.com/Helsinki-NLP/OPUS-MT-train/blob/master/models/ig-sv/README.md",opus-mt-ig-sv NMT model.,False
opus-mt-iir-en,Helsinki-NLP/opus-mt-iir-en,asm awa ben bho gom guj hif_Latn hin jdt_Cyrl kur_Arab kur_Latn mai mar npi ori oss pan_Guru pes pes_Latn pes_Thaa pnb pus rom san_Deva sin snd_Arab tgk_Cyrl tly_Latn urd zza,eng,,,"https://huggingface.co/Helsinki-NLP/opus-mt-iir-en, https://github.com/Helsinki-NLP/Tatoeba-Challenge/tree/master/models/iir-eng/README.md","iir-eng, source group: Indo-Iranian languages, target group: English NMT model.",False
opus-mt-iir-iir,Helsinki-NLP/opus-mt-iir-iir,asm hin mar urd zza,asm hin mar urd zza,,,"https://huggingface.co/Helsinki-NLP/opus-mt-iir-iir, https://github.com/Helsinki-NLP/Tatoeba-Challenge/tree/master/models/iir-iir/README.md","iir-iir, source group: Indo-Iranian languages, target group: Indo-Iranian languages NMT model.",True
opus-mt-ilo-de,Helsinki-NLP/opus-mt-ilo-de,ilo,de,,,"https://huggingface.co/Helsinki-NLP/opus-mt-ilo-de, https://github.com/Helsinki-NLP/OPUS-MT-train/blob/master/models/ilo-de/README.md",opus-mt-ilo-de NMT model.,False
opus-mt-ilo-en,Helsinki-NLP/opus-mt-ilo-en,ilo,eng,,,"https://huggingface.co/Helsinki-NLP/opus-mt-ilo-en, https://github.com/Helsinki-NLP/Tatoeba-Challenge/tree/master/models/ilo-eng/README.md","ilo-eng, source group: Iloko, target group: English NMT model.",False
opus-mt-ilo-es,Helsinki-NLP/opus-mt-ilo-es,ilo,es,,,"https://huggingface.co/Helsinki-NLP/opus-mt-ilo-es, https://github.com/Helsinki-NLP/OPUS-MT-train/blob/master/models/ilo-es/README.md",opus-mt-ilo-es NMT model.,False
opus-mt-ilo-fi,Helsinki-NLP/opus-mt-ilo-fi,ilo,fi,,,"https://huggingface.co/Helsinki-NLP/opus-mt-ilo-fi, https://github.com/Helsinki-NLP/OPUS-MT-train/blob/master/models/ilo-fi/README.md",opus-mt-ilo-fi NMT model.,False
opus-mt-ilo-sv,Helsinki-NLP/opus-mt-ilo-sv,ilo,sv,,,"https://huggingface.co/Helsinki-NLP/opus-mt-ilo-sv, https://github.com/Helsinki-NLP/OPUS-MT-train/blob/master/models/ilo-sv/README.md",opus-mt-ilo-sv NMT model.,False
opus-mt-inc-en,Helsinki-NLP/opus-mt-inc-en,asm awa ben bho gom guj hif_Latn hin mai mar npi ori pan_Guru pnb rom san_Deva sin snd_Arab urd,eng,,,"https://huggingface.co/Helsinki-NLP/opus-mt-inc-en, https://github.com/Helsinki-NLP/Tatoeba-Challenge/tree/master/models/inc-eng/README.md","inc-eng, source group: Indic languages, target group: English NMT model.",False
opus-mt-inc-inc,Helsinki-NLP/opus-mt-inc-inc,asm hin mar urd,asm hin mar urd,,,"https://huggingface.co/Helsinki-NLP/opus-mt-inc-inc, https://github.com/Helsinki-NLP/Tatoeba-Challenge/tree/master/models/inc-inc/README.md","inc-inc, source group: Indic languages, target group: Indic languages NMT model.",True
opus-mt-ine-en,Helsinki-NLP/opus-mt-ine-en,afr aln ang_Latn arg asm ast awa bel bel_Latn ben bho bos_Latn bre bul bul_Latn cat ces cor cos csb_Latn cym dan deu dsb egl ell enm_Latn ext fao fra frm_Latn frr fry gcf_Latn gla gle glg glv gom gos got_Goth grc_Grek gsw guj hat hif_Latn hin hrv hsb hye ind isl ita jdt_Cyrl ksh kur_Arab kur_Latn lad lad_Latn lat_Latn lav lij lit lld_Latn lmo ltg ltz mai mar max_Latn mfe min mkd mwl nds nld nno nob nob_Hebr non_Latn npi oci ori orv_Cyrl oss pan_Guru pap pdc pes pes_Latn pes_Thaa pms pnb pol por prg_Latn pus roh rom ron rue rus san_Deva scn sco sgs sin slv snd_Arab spa sqi srp_Cyrl srp_Latn stq swe swg tgk_Cyrl tly_Latn tmw_Latn ukr urd vec wln yid zlm_Latn zsm_Latn zza,eng,,,"https://huggingface.co/Helsinki-NLP/opus-mt-ine-en, https://github.com/Helsinki-NLP/Tatoeba-Challenge/tree/master/models/ine-eng/README.md","ine-eng, source group: Indo-European languages, target group: English NMT model.",False
opus-mt-ine-ine,Helsinki-NLP/opus-mt-ine-ine,afr afr_Arab aln ang_Latn arg asm ast awa bel bel_Latn ben bho bjn bos_Latn bre bul bul_Latn cat ces cor cos csb_Latn cym dan deu dsb egl ell eng enm_Latn ext fao fra frm_Latn frr fry gcf_Latn gla gle glg glv gom gos got_Goth grc_Grek gsw guj hat hif_Latn hin hrv hsb hye hye_Latn ind isl ita jdt_Cyrl ksh kur_Arab kur_Latn lad lad_Latn lat_Grek lat_Latn lav lij lit lld_Latn lmo ltg ltz mai mar max_Latn mfe min mkd mwl nds nld nno nob nob_Hebr non_Latn npi oci ori orv_Cyrl oss pan_Guru pap pcd pdc pes pes_Latn pes_Thaa pms pnb pol por prg_Latn pus roh rom ron rue rus rus_Latn san_Deva scn sco sgs sin slv snd_Arab spa sqi srd srp_Cyrl srp_Latn stq swe swg tgk_Cyrl tly_Latn tmw_Latn ukr urd vec wln yid zlm_Latn zsm_Latn zza,afr afr_Arab aln ang_Latn arg asm ast awa bel bel_Latn ben bho bjn bos_Latn bre bul bul_Latn cat ces cor cos csb_Latn cym dan deu dsb egl ell eng enm_Latn ext fao fra frm_Latn frr fry gcf_Latn gla gle glg glv gom gos got_Goth grc_Grek gsw guj hat hif_Latn hin hrv hsb hye hye_Latn ind isl ita jdt_Cyrl ksh kur_Arab kur_Latn lad lad_Latn lat_Grek lat_Latn lav lij lit lld_Latn lmo ltg ltz mai mar max_Latn mfe min mkd mwl nds nld nno nob nob_Hebr non_Latn npi oci ori orv_Cyrl oss pan_Guru pap pcd pdc pes pes_Latn pes_Thaa pms pnb pol por prg_Latn pus roh rom ron rue rus rus_Latn san_Deva scn sco sgs sin slv snd_Arab spa sqi srd srp_Cyrl srp_Latn stq swe swg tgk_Cyrl tly_Latn tmw_Latn ukr urd vec wln yid zlm_Latn zsm_Latn zza,,,"https://huggingface.co/Helsinki-NLP/opus-mt-ine-ine, https://github.com/Helsinki-NLP/Tatoeba-Challenge/tree/master/models/ine-ine/README.md","ine-ine, source group: Indo-European languages, target group: Indo-European languages NMT model.",True
opus-mt-is-de,Helsinki-NLP/opus-mt-is-de,isl,deu,,,"https://huggingface.co/Helsinki-NLP/opus-mt-is-de, https://github.com/Helsinki-NLP/Tatoeba-Challenge/tree/master/models/isl-deu/README.md","isl-deu, source group: Icelandic, target group: German NMT model.",False
opus-mt-is-en,Helsinki-NLP/opus-mt-is-en,is,en,,,"https://huggingface.co/Helsinki-NLP/opus-mt-is-en, https://github.com/Helsinki-NLP/OPUS-MT-train/blob/master/models/is-en/README.md",opus-mt-is-en NMT model.,False
opus-mt-is-eo,Helsinki-NLP/opus-mt-is-eo,isl,epo,,,"https://huggingface.co/Helsinki-NLP/opus-mt-is-eo, https://github.com/Helsinki-NLP/Tatoeba-Challenge/tree/master/models/isl-epo/README.md","isl-epo, source group: Icelandic, target group: Esperanto NMT model.",False
opus-mt-is-es,Helsinki-NLP/opus-mt-is-es,isl,spa,,,"https://huggingface.co/Helsinki-NLP/opus-mt-is-es, https://github.com/Helsinki-NLP/Tatoeba-Challenge/tree/master/models/isl-spa/README.md","isl-spa, source group: Icelandic, target group: Spanish NMT model.",False
opus-mt-is-fi,Helsinki-NLP/opus-mt-is-fi,is,fi,,,"https://huggingface.co/Helsinki-NLP/opus-mt-is-fi, https://github.com/Helsinki-NLP/OPUS-MT-train/blob/master/models/is-fi/README.md",opus-mt-is-fi NMT model.,False
opus-mt-is-fr,Helsinki-NLP/opus-mt-is-fr,is,fr,,,"https://huggingface.co/Helsinki-NLP/opus-mt-is-fr, https://github.com/Helsinki-NLP/OPUS-MT-train/blob/master/models/is-fr/README.md",opus-mt-is-fr NMT model.,False
opus-mt-is-it,Helsinki-NLP/opus-mt-is-it,isl,ita,,,"https://huggingface.co/Helsinki-NLP/opus-mt-is-it, https://github.com/Helsinki-NLP/Tatoeba-Challenge/tree/master/models/isl-ita/README.md","isl-ita, source group: Icelandic, target group: Italian NMT model.",False
opus-mt-is-sv,Helsinki-NLP/opus-mt-is-sv,is,sv,,,"https://huggingface.co/Helsinki-NLP/opus-mt-is-sv, https://github.com/Helsinki-NLP/OPUS-MT-train/blob/master/models/is-sv/README.md",opus-mt-is-sv NMT model.,False
opus-mt-iso-en,Helsinki-NLP/opus-mt-iso-en,iso,en,,,"https://huggingface.co/Helsinki-NLP/opus-mt-iso-en, https://github.com/Helsinki-NLP/OPUS-MT-train/blob/master/models/iso-en/README.md",opus-mt-iso-en NMT model.,False
opus-mt-iso-es,Helsinki-NLP/opus-mt-iso-es,iso,es,,,"https://huggingface.co/Helsinki-NLP/opus-mt-iso-es, https://github.com/Helsinki-NLP/OPUS-MT-train/blob/master/models/iso-es/README.md",opus-mt-iso-es NMT model.,False
opus-mt-iso-fi,Helsinki-NLP/opus-mt-iso-fi,iso,fi,,,"https://huggingface.co/Helsinki-NLP/opus-mt-iso-fi, https://github.com/Helsinki-NLP/OPUS-MT-train/blob/master/models/iso-fi/README.md",opus-mt-iso-fi NMT model.,False
opus-mt-iso-fr,Helsinki-NLP/opus-mt-iso-fr,iso,fr,,,"https://huggingface.co/Helsinki-NLP/opus-mt-iso-fr, https://github.com/Helsinki-NLP/OPUS-MT-train/blob/master/models/iso-fr/README.md",opus-mt-iso-fr NMT model.,False
opus-mt-iso-sv,Helsinki-NLP/opus-mt-iso-sv,iso,sv,,,"https://huggingface.co/Helsinki-NLP/opus-mt-iso-sv, https://github.com/Helsinki-NLP/OPUS-MT-train/blob/master/models/iso-sv/README.md",opus-mt-iso-sv NMT model.,False
opus-mt-it-ar,Helsinki-NLP/opus-mt-it-ar,ita,ara,,,"https://huggingface.co/Helsinki-NLP/opus-mt-it-ar, https://github.com/Helsinki-NLP/Tatoeba-Challenge/tree/master/models/ita-ara/README.md","ita-ara, source group: Italian, target group: Arabic NMT model.",False
opus-mt-it-bg,Helsinki-NLP/opus-mt-it-bg,ita,bul,,,"https://huggingface.co/Helsinki-NLP/opus-mt-it-bg, https://github.com/Helsinki-NLP/Tatoeba-Challenge/tree/master/models/ita-bul/README.md","ita-bul, source group: Italian, target group: Bulgarian NMT model.",False
opus-mt-it-ca,Helsinki-NLP/opus-mt-it-ca,ita,cat,,,"https://huggingface.co/Helsinki-NLP/opus-mt-it-ca, https://github.com/Helsinki-NLP/Tatoeba-Challenge/tree/master/models/ita-cat/README.md","ita-cat, source group: Italian, target group: Catalan NMT model.",False
opus-mt-it-de,Helsinki-NLP/opus-mt-it-de,it,de,,,"https://huggingface.co/Helsinki-NLP/opus-mt-it-de, https://github.com/Helsinki-NLP/OPUS-MT-train/blob/master/models/it-de/README.md",opus-mt-it-de NMT model.,False
opus-mt-it-en,Helsinki-NLP/opus-mt-it-en,it,en,,,"https://huggingface.co/Helsinki-NLP/opus-mt-it-en, https://github.com/Helsinki-NLP/OPUS-MT-train/blob/master/models/it-en/README.md",opus-mt-it-en NMT model.,False
opus-mt-it-eo,Helsinki-NLP/opus-mt-it-eo,ita,epo,,,"https://huggingface.co/Helsinki-NLP/opus-mt-it-eo, https://github.com/Helsinki-NLP/Tatoeba-Challenge/tree/master/models/ita-epo/README.md","ita-epo, source group: Italian, target group: Esperanto NMT model.",False
opus-mt-it-es,Helsinki-NLP/opus-mt-it-es,it,es,,,"https://huggingface.co/Helsinki-NLP/opus-mt-it-es, https://github.com/Helsinki-NLP/OPUS-MT-train/blob/master/models/it-es/README.md",opus-mt-it-es NMT model.,False
opus-mt-it-fr,Helsinki-NLP/opus-mt-it-fr,it,fr,,,"https://huggingface.co/Helsinki-NLP/opus-mt-it-fr, https://github.com/Helsinki-NLP/OPUS-MT-train/blob/master/models/it-fr/README.md",opus-mt-it-fr NMT model.,False
opus-mt-it-is,Helsinki-NLP/opus-mt-it-is,ita,isl,,,"https://huggingface.co/Helsinki-NLP/opus-mt-it-is, https://github.com/Helsinki-NLP/Tatoeba-Challenge/tree/master/models/ita-isl/README.md","ita-isl, source group: Italian, target group: Icelandic NMT model.",False
opus-mt-it-lt,Helsinki-NLP/opus-mt-it-lt,ita,lit,,,"https://huggingface.co/Helsinki-NLP/opus-mt-it-lt, https://github.com/Helsinki-NLP/Tatoeba-Challenge/tree/master/models/ita-lit/README.md","ita-lit, source group: Italian, target group: Lithuanian NMT model.",False
opus-mt-it-ms,Helsinki-NLP/opus-mt-it-ms,ita,ind zsm_Latn,,,"https://huggingface.co/Helsinki-NLP/opus-mt-it-ms, https://github.com/Helsinki-NLP/Tatoeba-Challenge/tree/master/models/ita-msa/README.md","ita-msa, source group: Italian, target group: Malay (macrolanguage) NMT model.",True
opus-mt-it-sv,Helsinki-NLP/opus-mt-it-sv,it,sv,,,"https://huggingface.co/Helsinki-NLP/opus-mt-it-sv, https://github.com/Helsinki-NLP/OPUS-MT-train/blob/master/models/it-sv/README.md",opus-mt-it-sv NMT model.,False
opus-mt-it-uk,Helsinki-NLP/opus-mt-it-uk,ita,ukr,,,"https://huggingface.co/Helsinki-NLP/opus-mt-it-uk, https://github.com/Helsinki-NLP/Tatoeba-Challenge/tree/master/models/ita-ukr/README.md","ita-ukr, source group: Italian, target group: Ukrainian NMT model.",False
opus-mt-it-vi,Helsinki-NLP/opus-mt-it-vi,ita,vie,,,"https://huggingface.co/Helsinki-NLP/opus-mt-it-vi, https://github.com/Helsinki-NLP/Tatoeba-Challenge/tree/master/models/ita-vie/README.md","ita-vie, source group: Italian, target group: Vietnamese NMT model.",False
opus-mt-itc-en,Helsinki-NLP/opus-mt-itc-en,arg ast cat cos egl ext fra frm_Latn gcf_Latn glg hat ind ita lad lad_Latn lat_Latn lij lld_Latn lmo max_Latn mfe min mwl oci pap pms por roh ron scn spa tmw_Latn vec wln zlm_Latn zsm_Latn,eng,,,"https://huggingface.co/Helsinki-NLP/opus-mt-itc-en, https://github.com/Helsinki-NLP/Tatoeba-Challenge/tree/master/models/itc-eng/README.md","itc-eng, source group: Italic languages, target group: English NMT model.",False
opus-mt-itc-itc,Helsinki-NLP/opus-mt-itc-itc,arg ast bjn cat cos egl fra frm_Latn gcf_Latn glg hat ind ita lad lad_Latn lat_Grek lat_Latn lij lld_Latn lmo mwl oci pap pcd pms por roh ron scn spa srd vec wln zsm_Latn,arg ast bjn cat cos egl fra frm_Latn gcf_Latn glg hat ind ita lad lad_Latn lat_Grek lat_Latn lij lld_Latn lmo mwl oci pap pcd pms por roh ron scn spa srd vec wln zsm_Latn,,,"https://huggingface.co/Helsinki-NLP/opus-mt-itc-itc, https://github.com/Helsinki-NLP/Tatoeba-Challenge/tree/master/models/itc-itc/README.md","itc-itc, source group: Italic languages, target group: Italic languages NMT model.",True
opus-mt-ja-ar,Helsinki-NLP/opus-mt-ja-ar,jpn_Hani jpn_Hira jpn_Kana,acm apc ara arq arz,,,"https://huggingface.co/Helsinki-NLP/opus-mt-ja-ar, https://github.com/Helsinki-NLP/Tatoeba-Challenge/tree/master/models/jpn-ara/README.md","jpn-ara, source group: Japanese, target group: Arabic NMT model.",True
opus-mt-ja-bg,Helsinki-NLP/opus-mt-ja-bg,jpn jpn_Hani jpn_Hira jpn_Kana,bul,,,"https://huggingface.co/Helsinki-NLP/opus-mt-ja-bg, https://github.com/Helsinki-NLP/Tatoeba-Challenge/tree/master/models/jpn-bul/README.md","jpn-bul, source group: Japanese, target group: Bulgarian NMT model.",False
opus-mt-ja-da,Helsinki-NLP/opus-mt-ja-da,jpn_Hani jpn_Hira jpn_Kana jpn_Latn jpn_Yiii,dan,,,"https://huggingface.co/Helsinki-NLP/opus-mt-ja-da, https://github.com/Helsinki-NLP/Tatoeba-Challenge/tree/master/models/jpn-dan/README.md","jpn-dan, source group: Japanese, target group: Danish NMT model.",False
opus-mt-ja-de,Helsinki-NLP/opus-mt-ja-de,ja,de,,,"https://huggingface.co/Helsinki-NLP/opus-mt-ja-de, https://github.com/Helsinki-NLP/OPUS-MT-train/blob/master/models/ja-de/README.md",opus-mt-ja-de NMT model.,False
opus-mt-ja-en,Helsinki-NLP/opus-mt-ja-en,ja,en,,,"https://huggingface.co/Helsinki-NLP/opus-mt-ja-en, https://github.com/Helsinki-NLP/OPUS-MT-train/blob/master/models/ja-en/README.md",opus-mt-ja-en NMT model.,False
opus-mt-ja-es,Helsinki-NLP/opus-mt-ja-es,ja,es,,,"https://huggingface.co/Helsinki-NLP/opus-mt-ja-es, https://github.com/Helsinki-NLP/OPUS-MT-train/blob/master/models/ja-es/README.md",opus-mt-ja-es NMT model.,False
opus-mt-ja-fi,Helsinki-NLP/opus-mt-ja-fi,ja,fi,,,"https://huggingface.co/Helsinki-NLP/opus-mt-ja-fi, https://github.com/Helsinki-NLP/OPUS-MT-train/blob/master/models/ja-fi/README.md",opus-mt-ja-fi NMT model.,False
opus-mt-ja-fr,Helsinki-NLP/opus-mt-ja-fr,ja,fr,,,"https://huggingface.co/Helsinki-NLP/opus-mt-ja-fr, https://github.com/Helsinki-NLP/OPUS-MT-train/blob/master/models/ja-fr/README.md",opus-mt-ja-fr NMT model.,False
opus-mt-ja-he,Helsinki-NLP/opus-mt-ja-he,jpn_Hani jpn_Hira jpn_Kana,heb,,,"https://huggingface.co/Helsinki-NLP/opus-mt-ja-he, https://github.com/Helsinki-NLP/Tatoeba-Challenge/tree/master/models/jpn-heb/README.md","jpn-heb, source group: Japanese, target group: Hebrew NMT model.",False
opus-mt-ja-hu,Helsinki-NLP/opus-mt-ja-hu,jpn_Bopo jpn_Hani jpn_Hira jpn_Kana jpn_Yiii,hun,,,"https://huggingface.co/Helsinki-NLP/opus-mt-ja-hu, https://github.com/Helsinki-NLP/Tatoeba-Challenge/tree/master/models/jpn-hun/README.md","jpn-hun, source group: Japanese, target group: Hungarian NMT model.",False
opus-mt-ja-it,Helsinki-NLP/opus-mt-ja-it,jpn jpn_Hani jpn_Hira jpn_Kana jpn_Latn jpn_Yiii,ita,,,"https://huggingface.co/Helsinki-NLP/opus-mt-ja-it, https://github.com/Helsinki-NLP/Tatoeba-Challenge/tree/master/models/jpn-ita/README.md","jpn-ita, source group: Japanese, target group: Italian NMT model.",False
opus-mt-ja-ms,Helsinki-NLP/opus-mt-ja-ms,jpn jpn_Hani jpn_Hira jpn_Kana,ind zlm_Latn zsm_Latn,,,"https://huggingface.co/Helsinki-NLP/opus-mt-ja-ms, https://github.com/Helsinki-NLP/Tatoeba-Challenge/tree/master/models/jpn-msa/README.md","jpn-msa, source group: Japanese, target group: Malay (macrolanguage) NMT model.",True
opus-mt-ja-nl,Helsinki-NLP/opus-mt-ja-nl,jpn jpn_Hani jpn_Hira jpn_Kana jpn_Latn,nld,,,"https://huggingface.co/Helsinki-NLP/opus-mt-ja-nl, https://github.com/Helsinki-NLP/Tatoeba-Challenge/tree/master/models/jpn-nld/README.md","jpn-nld, source group: Japanese, target group: Dutch NMT model.",False
opus-mt-ja-pl,Helsinki-NLP/opus-mt-ja-pl,jpn jpn_Bopo jpn_Hani jpn_Hira jpn_Kana jpn_Latn,pol,,,"https://huggingface.co/Helsinki-NLP/opus-mt-ja-pl, https://github.com/Helsinki-NLP/Tatoeba-Challenge/tree/master/models/jpn-pol/README.md","jpn-pol, source group: Japanese, target group: Polish NMT model.",False
opus-mt-ja-pt,Helsinki-NLP/opus-mt-ja-pt,jpn jpn_Hani jpn_Hira jpn_Kana jpn_Latn jpn_Yiii,por por_Hira,,,"https://huggingface.co/Helsinki-NLP/opus-mt-ja-pt, https://github.com/Helsinki-NLP/Tatoeba-Challenge/tree/master/models/jpn-por/README.md","jpn-por, source group: Japanese, target group: Portuguese NMT model.",True
opus-mt-ja-ru,Helsinki-NLP/opus-mt-ja-ru,jpn jpn_Bopo jpn_Hani jpn_Hira jpn_Kana jpn_Latn jpn_Yiii,rus,,,"https://huggingface.co/Helsinki-NLP/opus-mt-ja-ru, https://github.com/Helsinki-NLP/Tatoeba-Challenge/tree/master/models/jpn-rus/README.md","jpn-rus, source group: Japanese, target group: Russian NMT model.",False
opus-mt-ja-sh,Helsinki-NLP/opus-mt-ja-sh,jpn jpn_Bopo jpn_Hani jpn_Hira jpn_Kana jpn_Latn,bos_Latn hrv srp_Cyrl srp_Latn,,,"https://huggingface.co/Helsinki-NLP/opus-mt-ja-sh, https://github.com/Helsinki-NLP/Tatoeba-Challenge/tree/master/models/jpn-hbs/README.md","jpn-hbs, source group: Japanese, target group: Serbo-Croatian NMT model.",True
opus-mt-ja-sv,Helsinki-NLP/opus-mt-ja-sv,ja,sv,,,"https://huggingface.co/Helsinki-NLP/opus-mt-ja-sv, https://github.com/Helsinki-NLP/OPUS-MT-train/blob/master/models/ja-sv/README.md",opus-mt-ja-sv NMT model.,False
opus-mt-ja-tr,Helsinki-NLP/opus-mt-ja-tr,jpn jpn_Bopo jpn_Hang jpn_Hani jpn_Hira jpn_Kana jpn_Yiii,tur,,,"https://huggingface.co/Helsinki-NLP/opus-mt-ja-tr, https://github.com/Helsinki-NLP/Tatoeba-Challenge/tree/master/models/jpn-tur/README.md","jpn-tur, source group: Japanese, target group: Turkish NMT model.",False
opus-mt-ja-vi,Helsinki-NLP/opus-mt-ja-vi,jpn jpn_Bopo jpn_Hang jpn_Hani jpn_Hira jpn_Kana jpn_Latn jpn_Yiii,vie,,,"https://huggingface.co/Helsinki-NLP/opus-mt-ja-vi, https://github.com/Helsinki-NLP/Tatoeba-Challenge/tree/master/models/jpn-vie/README.md","jpn-vie, source group: Japanese, target group: Vietnamese NMT model.",False
opus-mt-jap-en,Helsinki-NLP/opus-mt-jap-en,jap,en,,,"https://huggingface.co/Helsinki-NLP/opus-mt-jap-en, https://github.com/Helsinki-NLP/OPUS-MT-train/blob/master/models/jap-en/README.md",opus-mt-jap-en NMT model.,False
opus-mt-ka-en,Helsinki-NLP/opus-mt-ka-en,kat,eng,,,"https://huggingface.co/Helsinki-NLP/opus-mt-ka-en, https://github.com/Helsinki-NLP/Tatoeba-Challenge/tree/master/models/kat-eng/README.md","kat-eng, source group: Georgian, target group: English NMT model.",False
opus-mt-ka-ru,Helsinki-NLP/opus-mt-ka-ru,kat,rus,,,"https://huggingface.co/Helsinki-NLP/opus-mt-ka-ru, https://github.com/Helsinki-NLP/Tatoeba-Challenge/tree/master/models/kat-rus/README.md","kat-rus, source group: Georgian, target group: Russian NMT model.",False
opus-mt-kab-en,Helsinki-NLP/opus-mt-kab-en,kab,en,,,"https://huggingface.co/Helsinki-NLP/opus-mt-kab-en, https://github.com/Helsinki-NLP/OPUS-MT-train/blob/master/models/kab-en/README.md",opus-mt-kab-en NMT model.,False
opus-mt-kg-en,Helsinki-NLP/opus-mt-kg-en,kg,en,,,"https://huggingface.co/Helsinki-NLP/opus-mt-kg-en, https://github.com/Helsinki-NLP/OPUS-MT-train/blob/master/models/kg-en/README.md",opus-mt-kg-en NMT model.,False
opus-mt-kg-es,Helsinki-NLP/opus-mt-kg-es,kg,es,,,"https://huggingface.co/Helsinki-NLP/opus-mt-kg-es, https://github.com/Helsinki-NLP/OPUS-MT-train/blob/master/models/kg-es/README.md",opus-mt-kg-es NMT model.,False
opus-mt-kg-fr,Helsinki-NLP/opus-mt-kg-fr,kg,fr,,,"https://huggingface.co/Helsinki-NLP/opus-mt-kg-fr, https://github.com/Helsinki-NLP/OPUS-MT-train/blob/master/models/kg-fr/README.md",opus-mt-kg-fr NMT model.,False
opus-mt-kg-sv,Helsinki-NLP/opus-mt-kg-sv,kg,sv,,,"https://huggingface.co/Helsinki-NLP/opus-mt-kg-sv, https://github.com/Helsinki-NLP/OPUS-MT-train/blob/master/models/kg-sv/README.md",opus-mt-kg-sv NMT model.,False
opus-mt-kj-en,Helsinki-NLP/opus-mt-kj-en,kj,en,,,"https://huggingface.co/Helsinki-NLP/opus-mt-kj-en, https://github.com/Helsinki-NLP/OPUS-MT-train/blob/master/models/kj-en/README.md",opus-mt-kj-en NMT model.,False
opus-mt-kl-en,Helsinki-NLP/opus-mt-kl-en,kl,en,,,"https://huggingface.co/Helsinki-NLP/opus-mt-kl-en, https://github.com/Helsinki-NLP/OPUS-MT-train/blob/master/models/kl-en/README.md",opus-mt-kl-en NMT model.,False
opus-mt-ko-de,Helsinki-NLP/opus-mt-ko-de,ko,de,,,"https://huggingface.co/Helsinki-NLP/opus-mt-ko-de, https://github.com/Helsinki-NLP/OPUS-MT-train/blob/master/models/ko-de/README.md",opus-mt-ko-de NMT model.,False
opus-mt-ko-en,Helsinki-NLP/opus-mt-ko-en,kor kor_Hang kor_Latn,eng,,,"https://huggingface.co/Helsinki-NLP/opus-mt-ko-en, https://github.com/Helsinki-NLP/Tatoeba-Challenge/tree/master/models/kor-eng/README.md","kor-eng, source group: Korean, target group: English NMT model.",False
opus-mt-ko-es,Helsinki-NLP/opus-mt-ko-es,kor kor_Hang kor_Latn,spa,,,"https://huggingface.co/Helsinki-NLP/opus-mt-ko-es, https://github.com/Helsinki-NLP/Tatoeba-Challenge/tree/master/models/kor-spa/README.md","kor-spa, source group: Korean, target group: Spanish NMT model.",False
opus-mt-ko-fi,Helsinki-NLP/opus-mt-ko-fi,kor kor_Hang kor_Latn,fin,,,"https://huggingface.co/Helsinki-NLP/opus-mt-ko-fi, https://github.com/Helsinki-NLP/Tatoeba-Challenge/tree/master/models/kor-fin/README.md","kor-fin, source group: Korean, target group: Finnish NMT model.",False
opus-mt-ko-fr,Helsinki-NLP/opus-mt-ko-fr,kor kor_Hang kor_Hani kor_Latn,fra,,,"https://huggingface.co/Helsinki-NLP/opus-mt-ko-fr, https://github.com/Helsinki-NLP/Tatoeba-Challenge/tree/master/models/kor-fra/README.md","kor-fra, source group: Korean, target group: French NMT model.",False
opus-mt-ko-hu,Helsinki-NLP/opus-mt-ko-hu,kor kor_Hang kor_Latn,hun,,,"https://huggingface.co/Helsinki-NLP/opus-mt-ko-hu, https://github.com/Helsinki-NLP/Tatoeba-Challenge/tree/master/models/kor-hun/README.md","kor-hun, source group: Korean, target group: Hungarian NMT model.",False
opus-mt-ko-ru,Helsinki-NLP/opus-mt-ko-ru,kor_Hang kor_Latn,rus,,,"https://huggingface.co/Helsinki-NLP/opus-mt-ko-ru, https://github.com/Helsinki-NLP/Tatoeba-Challenge/tree/master/models/kor-rus/README.md","kor-rus, source group: Korean, target group: Russian NMT model.",False
opus-mt-ko-sv,Helsinki-NLP/opus-mt-ko-sv,ko,sv,,,"https://huggingface.co/Helsinki-NLP/opus-mt-ko-sv, https://github.com/Helsinki-NLP/OPUS-MT-train/blob/master/models/ko-sv/README.md",opus-mt-ko-sv NMT model.,False
opus-mt-kqn-en,Helsinki-NLP/opus-mt-kqn-en,kqn,en,,,"https://huggingface.co/Helsinki-NLP/opus-mt-kqn-en, https://github.com/Helsinki-NLP/OPUS-MT-train/blob/master/models/kqn-en/README.md",opus-mt-kqn-en NMT model.,False
opus-mt-kqn-es,Helsinki-NLP/opus-mt-kqn-es,kqn,es,,,"https://huggingface.co/Helsinki-NLP/opus-mt-kqn-es, https://github.com/Helsinki-NLP/OPUS-MT-train/blob/master/models/kqn-es/README.md",opus-mt-kqn-es NMT model.,False
opus-mt-kqn-fr,Helsinki-NLP/opus-mt-kqn-fr,kqn,fr,,,"https://huggingface.co/Helsinki-NLP/opus-mt-kqn-fr, https://github.com/Helsinki-NLP/OPUS-MT-train/blob/master/models/kqn-fr/README.md",opus-mt-kqn-fr NMT model.,False
opus-mt-kqn-sv,Helsinki-NLP/opus-mt-kqn-sv,kqn,sv,,,"https://huggingface.co/Helsinki-NLP/opus-mt-kqn-sv, https://github.com/Helsinki-NLP/OPUS-MT-train/blob/master/models/kqn-sv/README.md",opus-mt-kqn-sv NMT model.,False
opus-mt-kwn-en,Helsinki-NLP/opus-mt-kwn-en,kwn,en,,,"https://huggingface.co/Helsinki-NLP/opus-mt-kwn-en, https://github.com/Helsinki-NLP/OPUS-MT-train/blob/master/models/kwn-en/README.md",opus-mt-kwn-en NMT model.,False
opus-mt-kwy-en,Helsinki-NLP/opus-mt-kwy-en,kwy,en,,,"https://huggingface.co/Helsinki-NLP/opus-mt-kwy-en, https://github.com/Helsinki-NLP/OPUS-MT-train/blob/master/models/kwy-en/README.md",opus-mt-kwy-en NMT model.,False
opus-mt-kwy-fr,Helsinki-NLP/opus-mt-kwy-fr,kwy,fr,,,"https://huggingface.co/Helsinki-NLP/opus-mt-kwy-fr, https://github.com/Helsinki-NLP/OPUS-MT-train/blob/master/models/kwy-fr/README.md",opus-mt-kwy-fr NMT model.,False
opus-mt-kwy-sv,Helsinki-NLP/opus-mt-kwy-sv,kwy,sv,,,"https://huggingface.co/Helsinki-NLP/opus-mt-kwy-sv, https://github.com/Helsinki-NLP/OPUS-MT-train/blob/master/models/kwy-sv/README.md",opus-mt-kwy-sv NMT model.,False
opus-mt-lg-en,Helsinki-NLP/opus-mt-lg-en,lg,en,,,"https://huggingface.co/Helsinki-NLP/opus-mt-lg-en, https://github.com/Helsinki-NLP/OPUS-MT-train/blob/master/models/lg-en/README.md",opus-mt-lg-en NMT model.,False
opus-mt-lg-es,Helsinki-NLP/opus-mt-lg-es,lg,es,,,"https://huggingface.co/Helsinki-NLP/opus-mt-lg-es, https://github.com/Helsinki-NLP/OPUS-MT-train/blob/master/models/lg-es/README.md",opus-mt-lg-es NMT model.,False
opus-mt-lg-fi,Helsinki-NLP/opus-mt-lg-fi,lg,fi,,,"https://huggingface.co/Helsinki-NLP/opus-mt-lg-fi, https://github.com/Helsinki-NLP/OPUS-MT-train/blob/master/models/lg-fi/README.md",opus-mt-lg-fi NMT model.,False
opus-mt-lg-fr,Helsinki-NLP/opus-mt-lg-fr,lg,fr,,,"https://huggingface.co/Helsinki-NLP/opus-mt-lg-fr, https://github.com/Helsinki-NLP/OPUS-MT-train/blob/master/models/lg-fr/README.md",opus-mt-lg-fr NMT model.,False
opus-mt-lg-sv,Helsinki-NLP/opus-mt-lg-sv,lg,sv,,,"https://huggingface.co/Helsinki-NLP/opus-mt-lg-sv, https://github.com/Helsinki-NLP/OPUS-MT-train/blob/master/models/lg-sv/README.md",opus-mt-lg-sv NMT model.,False
opus-mt-ln-de,Helsinki-NLP/opus-mt-ln-de,ln,de,,,"https://huggingface.co/Helsinki-NLP/opus-mt-ln-de, https://github.com/Helsinki-NLP/OPUS-MT-train/blob/master/models/ln-de/README.md",opus-mt-ln-de NMT model.,False
opus-mt-ln-en,Helsinki-NLP/opus-mt-ln-en,ln,en,,,"https://huggingface.co/Helsinki-NLP/opus-mt-ln-en, https://github.com/Helsinki-NLP/OPUS-MT-train/blob/master/models/ln-en/README.md",opus-mt-ln-en NMT model.,False
opus-mt-ln-es,Helsinki-NLP/opus-mt-ln-es,ln,es,,,"https://huggingface.co/Helsinki-NLP/opus-mt-ln-es, https://github.com/Helsinki-NLP/OPUS-MT-train/blob/master/models/ln-es/README.md",opus-mt-ln-es NMT model.,False
opus-mt-ln-fr,Helsinki-NLP/opus-mt-ln-fr,ln,fr,,,"https://huggingface.co/Helsinki-NLP/opus-mt-ln-fr, https://github.com/Helsinki-NLP/OPUS-MT-train/blob/master/models/ln-fr/README.md",opus-mt-ln-fr NMT model.,False
opus-mt-loz-de,Helsinki-NLP/opus-mt-loz-de,loz,de,,,"https://huggingface.co/Helsinki-NLP/opus-mt-loz-de, https://github.com/Helsinki-NLP/OPUS-MT-train/blob/master/models/loz-de/README.md",opus-mt-loz-de NMT model.,False
opus-mt-loz-en,Helsinki-NLP/opus-mt-loz-en,loz,en,,,"https://huggingface.co/Helsinki-NLP/opus-mt-loz-en, https://github.com/Helsinki-NLP/OPUS-MT-train/blob/master/models/loz-en/README.md",opus-mt-loz-en NMT model.,False
opus-mt-loz-es,Helsinki-NLP/opus-mt-loz-es,loz,es,,,"https://huggingface.co/Helsinki-NLP/opus-mt-loz-es, https://github.com/Helsinki-NLP/OPUS-MT-train/blob/master/models/loz-es/README.md",opus-mt-loz-es NMT model.,False
opus-mt-loz-fi,Helsinki-NLP/opus-mt-loz-fi,loz,fi,,,"https://huggingface.co/Helsinki-NLP/opus-mt-loz-fi, https://github.com/Helsinki-NLP/OPUS-MT-train/blob/master/models/loz-fi/README.md",opus-mt-loz-fi NMT model.,False
opus-mt-loz-fr,Helsinki-NLP/opus-mt-loz-fr,loz,fr,,,"https://huggingface.co/Helsinki-NLP/opus-mt-loz-fr, https://github.com/Helsinki-NLP/OPUS-MT-train/blob/master/models/loz-fr/README.md",opus-mt-loz-fr NMT model.,False
opus-mt-loz-sv,Helsinki-NLP/opus-mt-loz-sv,loz,sv,,,"https://huggingface.co/Helsinki-NLP/opus-mt-loz-sv, https://github.com/Helsinki-NLP/OPUS-MT-train/blob/master/models/loz-sv/README.md",opus-mt-loz-sv NMT model.,False
opus-mt-lt-de,Helsinki-NLP/opus-mt-lt-de,lt,de,,,"https://huggingface.co/Helsinki-NLP/opus-mt-lt-de, https://github.com/Helsinki-NLP/OPUS-MT-train/blob/master/models/lt-de/README.md",opus-mt-lt-de NMT model.,False
opus-mt-lt-eo,Helsinki-NLP/opus-mt-lt-eo,lit,epo,,,"https://huggingface.co/Helsinki-NLP/opus-mt-lt-eo, https://github.com/Helsinki-NLP/Tatoeba-Challenge/tree/master/models/lit-epo/README.md","lit-epo, source group: Lithuanian, target group: Esperanto NMT model.",False
opus-mt-lt-es,Helsinki-NLP/opus-mt-lt-es,lit,spa,,,"https://huggingface.co/Helsinki-NLP/opus-mt-lt-es, https://github.com/Helsinki-NLP/Tatoeba-Challenge/tree/master/models/lit-spa/README.md","lit-spa, source group: Lithuanian, target group: Spanish NMT model.",False
opus-mt-lt-fr,Helsinki-NLP/opus-mt-lt-fr,lt,fr,,,"https://huggingface.co/Helsinki-NLP/opus-mt-lt-fr, https://github.com/Helsinki-NLP/OPUS-MT-train/blob/master/models/lt-fr/README.md",opus-mt-lt-fr NMT model.,False
opus-mt-lt-it,Helsinki-NLP/opus-mt-lt-it,lit,ita,,,"https://huggingface.co/Helsinki-NLP/opus-mt-lt-it, https://github.com/Helsinki-NLP/Tatoeba-Challenge/tree/master/models/lit-ita/README.md","lit-ita, source group: Lithuanian, target group: Italian NMT model.",False
opus-mt-lt-pl,Helsinki-NLP/opus-mt-lt-pl,lit,pol,,,"https://huggingface.co/Helsinki-NLP/opus-mt-lt-pl, https://github.com/Helsinki-NLP/Tatoeba-Challenge/tree/master/models/lit-pol/README.md","lit-pol, source group: Lithuanian, target group: Polish NMT model.",False
opus-mt-lt-ru,Helsinki-NLP/opus-mt-lt-ru,lit,rus,,,"https://huggingface.co/Helsinki-NLP/opus-mt-lt-ru, https://github.com/Helsinki-NLP/Tatoeba-Challenge/tree/master/models/lit-rus/README.md","lit-rus, source group: Lithuanian, target group: Russian NMT model.",False
opus-mt-lt-sv,Helsinki-NLP/opus-mt-lt-sv,lt,sv,,,"https://huggingface.co/Helsinki-NLP/opus-mt-lt-sv, https://github.com/Helsinki-NLP/OPUS-MT-train/blob/master/models/lt-sv/README.md",opus-mt-lt-sv NMT model.,False
opus-mt-lt-tr,Helsinki-NLP/opus-mt-lt-tr,lit,tur,,,"https://huggingface.co/Helsinki-NLP/opus-mt-lt-tr, https://github.com/Helsinki-NLP/Tatoeba-Challenge/tree/master/models/lit-tur/README.md","lit-tur, source group: Lithuanian, target group: Turkish NMT model.",False
opus-mt-lu-en,Helsinki-NLP/opus-mt-lu-en,lu,en,,,"https://huggingface.co/Helsinki-NLP/opus-mt-lu-en, https://github.com/Helsinki-NLP/OPUS-MT-train/blob/master/models/lu-en/README.md",opus-mt-lu-en NMT model.,False
opus-mt-lu-es,Helsinki-NLP/opus-mt-lu-es,lu,es,,,"https://huggingface.co/Helsinki-NLP/opus-mt-lu-es, https://github.com/Helsinki-NLP/OPUS-MT-train/blob/master/models/lu-es/README.md",opus-mt-lu-es NMT model.,False
opus-mt-lu-fi,Helsinki-NLP/opus-mt-lu-fi,lu,fi,,,"https://huggingface.co/Helsinki-NLP/opus-mt-lu-fi, https://github.com/Helsinki-NLP/OPUS-MT-train/blob/master/models/lu-fi/README.md",opus-mt-lu-fi NMT model.,False
opus-mt-lu-fr,Helsinki-NLP/opus-mt-lu-fr,lu,fr,,,"https://huggingface.co/Helsinki-NLP/opus-mt-lu-fr, https://github.com/Helsinki-NLP/OPUS-MT-train/blob/master/models/lu-fr/README.md",opus-mt-lu-fr NMT model.,False
opus-mt-lu-sv,Helsinki-NLP/opus-mt-lu-sv,lu,sv,,,"https://huggingface.co/Helsinki-NLP/opus-mt-lu-sv, https://github.com/Helsinki-NLP/OPUS-MT-train/blob/master/models/lu-sv/README.md",opus-mt-lu-sv NMT model.,False
opus-mt-lua-en,Helsinki-NLP/opus-mt-lua-en,lua,en,,,"https://huggingface.co/Helsinki-NLP/opus-mt-lua-en, https://github.com/Helsinki-NLP/OPUS-MT-train/blob/master/models/lua-en/README.md",opus-mt-lua-en NMT model.,False
opus-mt-lua-es,Helsinki-NLP/opus-mt-lua-es,lua,es,,,"https://huggingface.co/Helsinki-NLP/opus-mt-lua-es, https://github.com/Helsinki-NLP/OPUS-MT-train/blob/master/models/lua-es/README.md",opus-mt-lua-es NMT model.,False
opus-mt-lua-fi,Helsinki-NLP/opus-mt-lua-fi,lua,fi,,,"https://huggingface.co/Helsinki-NLP/opus-mt-lua-fi, https://github.com/Helsinki-NLP/OPUS-MT-train/blob/master/models/lua-fi/README.md",opus-mt-lua-fi NMT model.,False
opus-mt-lua-fr,Helsinki-NLP/opus-mt-lua-fr,lua,fr,,,"https://huggingface.co/Helsinki-NLP/opus-mt-lua-fr, https://github.com/Helsinki-NLP/OPUS-MT-train/blob/master/models/lua-fr/README.md",opus-mt-lua-fr NMT model.,False
opus-mt-lua-sv,Helsinki-NLP/opus-mt-lua-sv,lua,sv,,,"https://huggingface.co/Helsinki-NLP/opus-mt-lua-sv, https://github.com/Helsinki-NLP/OPUS-MT-train/blob/master/models/lua-sv/README.md",opus-mt-lua-sv NMT model.,False
opus-mt-lue-en,Helsinki-NLP/opus-mt-lue-en,lue,en,,,"https://huggingface.co/Helsinki-NLP/opus-mt-lue-en, https://github.com/Helsinki-NLP/OPUS-MT-train/blob/master/models/lue-en/README.md",opus-mt-lue-en NMT model.,False
opus-mt-lue-es,Helsinki-NLP/opus-mt-lue-es,lue,es,,,"https://huggingface.co/Helsinki-NLP/opus-mt-lue-es, https://github.com/Helsinki-NLP/OPUS-MT-train/blob/master/models/lue-es/README.md",opus-mt-lue-es NMT model.,False
opus-mt-lue-fi,Helsinki-NLP/opus-mt-lue-fi,lue,fi,,,"https://huggingface.co/Helsinki-NLP/opus-mt-lue-fi, https://github.com/Helsinki-NLP/OPUS-MT-train/blob/master/models/lue-fi/README.md",opus-mt-lue-fi NMT model.,False
opus-mt-lue-fr,Helsinki-NLP/opus-mt-lue-fr,lue,fr,,,"https://huggingface.co/Helsinki-NLP/opus-mt-lue-fr, https://github.com/Helsinki-NLP/OPUS-MT-train/blob/master/models/lue-fr/README.md",opus-mt-lue-fr NMT model.,False
opus-mt-lue-sv,Helsinki-NLP/opus-mt-lue-sv,lue,sv,,,"https://huggingface.co/Helsinki-NLP/opus-mt-lue-sv, https://github.com/Helsinki-NLP/OPUS-MT-train/blob/master/models/lue-sv/README.md",opus-mt-lue-sv NMT model.,False
opus-mt-lun-en,Helsinki-NLP/opus-mt-lun-en,lun,en,,,"https://huggingface.co/Helsinki-NLP/opus-mt-lun-en, https://github.com/Helsinki-NLP/OPUS-MT-train/blob/master/models/lun-en/README.md",opus-mt-lun-en NMT model.,False
opus-mt-luo-en,Helsinki-NLP/opus-mt-luo-en,luo,en,,,"https://huggingface.co/Helsinki-NLP/opus-mt-luo-en, https://github.com/Helsinki-NLP/OPUS-MT-train/blob/master/models/luo-en/README.md",opus-mt-luo-en NMT model.,False
opus-mt-lus-en,Helsinki-NLP/opus-mt-lus-en,lus,en,,,"https://huggingface.co/Helsinki-NLP/opus-mt-lus-en, https://github.com/Helsinki-NLP/OPUS-MT-train/blob/master/models/lus-en/README.md",opus-mt-lus-en NMT model.,False
opus-mt-lus-es,Helsinki-NLP/opus-mt-lus-es,lus,es,,,"https://huggingface.co/Helsinki-NLP/opus-mt-lus-es, https://github.com/Helsinki-NLP/OPUS-MT-train/blob/master/models/lus-es/README.md",opus-mt-lus-es NMT model.,False
opus-mt-lus-fi,Helsinki-NLP/opus-mt-lus-fi,lus,fi,,,"https://huggingface.co/Helsinki-NLP/opus-mt-lus-fi, https://github.com/Helsinki-NLP/OPUS-MT-train/blob/master/models/lus-fi/README.md",opus-mt-lus-fi NMT model.,False
opus-mt-lus-fr,Helsinki-NLP/opus-mt-lus-fr,lus,fr,,,"https://huggingface.co/Helsinki-NLP/opus-mt-lus-fr, https://github.com/Helsinki-NLP/OPUS-MT-train/blob/master/models/lus-fr/README.md",opus-mt-lus-fr NMT model.,False
opus-mt-lus-sv,Helsinki-NLP/opus-mt-lus-sv,lus,sv,,,"https://huggingface.co/Helsinki-NLP/opus-mt-lus-sv, https://github.com/Helsinki-NLP/OPUS-MT-train/blob/master/models/lus-sv/README.md",opus-mt-lus-sv NMT model.,False
opus-mt-lv-en,Helsinki-NLP/opus-mt-lv-en,lv,en,,,"https://huggingface.co/Helsinki-NLP/opus-mt-lv-en, https://github.com/Helsinki-NLP/OPUS-MT-train/blob/master/models/lv-en/README.md",opus-mt-lv-en NMT model.,False
opus-mt-lv-es,Helsinki-NLP/opus-mt-lv-es,lv,es,,,"https://huggingface.co/Helsinki-NLP/opus-mt-lv-es, https://github.com/Helsinki-NLP/OPUS-MT-train/blob/master/models/lv-es/README.md",opus-mt-lv-es NMT model.,False
opus-mt-lv-fi,Helsinki-NLP/opus-mt-lv-fi,lv,fi,,,"https://huggingface.co/Helsinki-NLP/opus-mt-lv-fi, https://github.com/Helsinki-NLP/OPUS-MT-train/blob/master/models/lv-fi/README.md",opus-mt-lv-fi NMT model.,False
opus-mt-lv-fr,Helsinki-NLP/opus-mt-lv-fr,lv,fr,,,"https://huggingface.co/Helsinki-NLP/opus-mt-lv-fr, https://github.com/Helsinki-NLP/OPUS-MT-train/blob/master/models/lv-fr/README.md",opus-mt-lv-fr NMT model.,False
opus-mt-lv-ru,Helsinki-NLP/opus-mt-lv-ru,lav,rus,,,"https://huggingface.co/Helsinki-NLP/opus-mt-lv-ru, https://github.com/Helsinki-NLP/Tatoeba-Challenge/tree/master/models/lav-rus/README.md","lav-rus, source group: Latvian, target group: Russian NMT model.",False
opus-mt-lv-sv,Helsinki-NLP/opus-mt-lv-sv,lv,sv,,,"https://huggingface.co/Helsinki-NLP/opus-mt-lv-sv, https://github.com/Helsinki-NLP/OPUS-MT-train/blob/master/models/lv-sv/README.md",opus-mt-lv-sv NMT model.,False
opus-mt-mfe-en,Helsinki-NLP/opus-mt-mfe-en,mfe,en,,,"https://huggingface.co/Helsinki-NLP/opus-mt-mfe-en, https://github.com/Helsinki-NLP/OPUS-MT-train/blob/master/models/mfe-en/README.md",opus-mt-mfe-en NMT model.,False
opus-mt-mfe-es,Helsinki-NLP/opus-mt-mfe-es,mfe,es,,,"https://huggingface.co/Helsinki-NLP/opus-mt-mfe-es, https://github.com/Helsinki-NLP/OPUS-MT-train/blob/master/models/mfe-es/README.md",opus-mt-mfe-es NMT model.,False
opus-mt-mfs-es,Helsinki-NLP/opus-mt-mfs-es,mfs,es,,,"https://huggingface.co/Helsinki-NLP/opus-mt-mfs-es, https://github.com/Helsinki-NLP/OPUS-MT-train/blob/master/models/mfs-es/README.md",opus-mt-mfs-es NMT model.,False
opus-mt-mg-en,Helsinki-NLP/opus-mt-mg-en,mg,en,,,"https://huggingface.co/Helsinki-NLP/opus-mt-mg-en, https://github.com/Helsinki-NLP/OPUS-MT-train/blob/master/models/mg-en/README.md",opus-mt-mg-en NMT model.,False
opus-mt-mg-es,Helsinki-NLP/opus-mt-mg-es,mg,es,,,"https://huggingface.co/Helsinki-NLP/opus-mt-mg-es, https://github.com/Helsinki-NLP/OPUS-MT-train/blob/master/models/mg-es/README.md",opus-mt-mg-es NMT model.,False
opus-mt-mh-en,Helsinki-NLP/opus-mt-mh-en,mh,en,,,"https://huggingface.co/Helsinki-NLP/opus-mt-mh-en, https://github.com/Helsinki-NLP/OPUS-MT-train/blob/master/models/mh-en/README.md",opus-mt-mh-en NMT model.,False
opus-mt-mh-es,Helsinki-NLP/opus-mt-mh-es,mh,es,,,"https://huggingface.co/Helsinki-NLP/opus-mt-mh-es, https://github.com/Helsinki-NLP/OPUS-MT-train/blob/master/models/mh-es/README.md",opus-mt-mh-es NMT model.,False
opus-mt-mh-fi,Helsinki-NLP/opus-mt-mh-fi,mh,fi,,,"https://huggingface.co/Helsinki-NLP/opus-mt-mh-fi, https://github.com/Helsinki-NLP/OPUS-MT-train/blob/master/models/mh-fi/README.md",opus-mt-mh-fi NMT model.,False
opus-mt-mk-en,Helsinki-NLP/opus-mt-mk-en,mk,en,,,"https://huggingface.co/Helsinki-NLP/opus-mt-mk-en, https://github.com/Helsinki-NLP/OPUS-MT-train/blob/master/models/mk-en/README.md",opus-mt-mk-en NMT model.,False
opus-mt-mk-es,Helsinki-NLP/opus-mt-mk-es,mkd,spa,,,"https://huggingface.co/Helsinki-NLP/opus-mt-mk-es, https://github.com/Helsinki-NLP/Tatoeba-Challenge/tree/master/models/mkd-spa/README.md","mkd-spa, source group: Macedonian, target group: Spanish NMT model.",False
opus-mt-mk-fi,Helsinki-NLP/opus-mt-mk-fi,mk,fi,,,"https://huggingface.co/Helsinki-NLP/opus-mt-mk-fi, https://github.com/Helsinki-NLP/OPUS-MT-train/blob/master/models/mk-fi/README.md",opus-mt-mk-fi NMT model.,False
opus-mt-mk-fr,Helsinki-NLP/opus-mt-mk-fr,mk,fr,,,"https://huggingface.co/Helsinki-NLP/opus-mt-mk-fr, https://github.com/Helsinki-NLP/OPUS-MT-train/blob/master/models/mk-fr/README.md",opus-mt-mk-fr NMT model.,False
opus-mt-mkh-en,Helsinki-NLP/opus-mt-mkh-en,kha khm khm_Latn mnw vie vie_Hani,eng,,,"https://huggingface.co/Helsinki-NLP/opus-mt-mkh-en, https://github.com/Helsinki-NLP/Tatoeba-Challenge/tree/master/models/mkh-eng/README.md","mkh-eng, source group: Mon-Khmer languages, target group: English NMT model.",False
opus-mt-ml-en,Helsinki-NLP/opus-mt-ml-en,ml,en,,,"https://huggingface.co/Helsinki-NLP/opus-mt-ml-en, https://github.com/Helsinki-NLP/OPUS-MT-train/blob/master/models/ml-en/README.md",opus-mt-ml-en NMT model.,False
opus-mt-mos-en,Helsinki-NLP/opus-mt-mos-en,mos,en,,,"https://huggingface.co/Helsinki-NLP/opus-mt-mos-en, https://github.com/Helsinki-NLP/OPUS-MT-train/blob/master/models/mos-en/README.md",opus-mt-mos-en NMT model.,False
opus-mt-mr-en,Helsinki-NLP/opus-mt-mr-en,mr,en,,,"https://huggingface.co/Helsinki-NLP/opus-mt-mr-en, https://github.com/Helsinki-NLP/OPUS-MT-train/blob/master/models/mr-en/README.md",opus-mt-mr-en NMT model.,False
opus-mt-ms-de,Helsinki-NLP/opus-mt-ms-de,ind zsm_Latn,deu,,,"https://huggingface.co/Helsinki-NLP/opus-mt-ms-de, https://github.com/Helsinki-NLP/Tatoeba-Challenge/tree/master/models/msa-deu/README.md","msa-deu, source group: Malay (macrolanguage), target group: German NMT model.",False
opus-mt-ms-fr,Helsinki-NLP/opus-mt-ms-fr,ind zsm_Latn,fra,,,"https://huggingface.co/Helsinki-NLP/opus-mt-ms-fr, https://github.com/Helsinki-NLP/Tatoeba-Challenge/tree/master/models/msa-fra/README.md","msa-fra, source group: Malay (macrolanguage), target group: French NMT model.",False
opus-mt-ms-it,Helsinki-NLP/opus-mt-ms-it,ind zsm_Latn,ita,,,"https://huggingface.co/Helsinki-NLP/opus-mt-ms-it, https://github.com/Helsinki-NLP/Tatoeba-Challenge/tree/master/models/msa-ita/README.md","msa-ita, source group: Malay (macrolanguage), target group: Italian NMT model.",False
opus-mt-ms-ms,Helsinki-NLP/opus-mt-ms-ms,ind max_Latn min zlm_Latn zsm_Latn,ind max_Latn min zlm_Latn zsm_Latn,,,"https://huggingface.co/Helsinki-NLP/opus-mt-ms-ms, https://github.com/Helsinki-NLP/Tatoeba-Challenge/tree/master/models/msa-msa/README.md","msa-msa, source group: Malay (macrolanguage), target group: Malay (macrolanguage) NMT model.",True
opus-mt-mt-en,Helsinki-NLP/opus-mt-mt-en,mt,en,,,"https://huggingface.co/Helsinki-NLP/opus-mt-mt-en, https://github.com/Helsinki-NLP/OPUS-MT-train/blob/master/models/mt-en/README.md",opus-mt-mt-en NMT model.,False
opus-mt-mt-es,Helsinki-NLP/opus-mt-mt-es,mt,es,,,"https://huggingface.co/Helsinki-NLP/opus-mt-mt-es, https://github.com/Helsinki-NLP/OPUS-MT-train/blob/master/models/mt-es/README.md",opus-mt-mt-es NMT model.,False
opus-mt-mt-fi,Helsinki-NLP/opus-mt-mt-fi,mt,fi,,,"https://huggingface.co/Helsinki-NLP/opus-mt-mt-fi, https://github.com/Helsinki-NLP/OPUS-MT-train/blob/master/models/mt-fi/README.md",opus-mt-mt-fi NMT model.,False
opus-mt-mt-fr,Helsinki-NLP/opus-mt-mt-fr,mt,fr,,,"https://huggingface.co/Helsinki-NLP/opus-mt-mt-fr, https://github.com/Helsinki-NLP/OPUS-MT-train/blob/master/models/mt-fr/README.md",opus-mt-mt-fr NMT model.,False
opus-mt-mt-sv,Helsinki-NLP/opus-mt-mt-sv,mt,sv,,,"https://huggingface.co/Helsinki-NLP/opus-mt-mt-sv, https://github.com/Helsinki-NLP/OPUS-MT-train/blob/master/models/mt-sv/README.md",opus-mt-mt-sv NMT model.,False
opus-mt-mul-en,Helsinki-NLP/opus-mt-mul-en,abk acm ady afb afh_Latn afr akl_Latn aln amh ang_Latn apc ara arg arq ary arz asm ast avk_Latn awa aze_Latn bak bam_Latn bel bel_Latn ben bho bod bos_Latn bre brx brx_Latn bul bul_Latn cat ceb ces cha che chr chv cjy_Hans cjy_Hant cmn cmn_Hans cmn_Hant cor cos crh crh_Latn csb_Latn cym dan deu dsb dtp dws_Latn egl ell enm_Latn epo est eus ewe ext fao fij fin fkv_Latn fra frm_Latn frr fry fuc fuv gan gcf_Latn gil gla gle glg glv gom gos got_Goth grc_Grek grn gsw guj hat hau_Latn haw heb hif_Latn hil hin hnj_Latn hoc hoc_Latn hrv hsb hun hye iba ibo ido ido_Latn ike_Latn ile_Latn ilo ina_Latn ind isl ita izh jav jav_Java jbo jbo_Cyrl jbo_Latn jdt_Cyrl jpn kab kal kan kat kaz_Cyrl kaz_Latn kek_Latn kha khm khm_Latn kin kir_Cyrl kjh kpv krl ksh kum kur_Arab kur_Latn lad lad_Latn lao lat_Latn lav ldn_Latn lfn_Cyrl lfn_Latn lij lin lit liv_Latn lkt lld_Latn lmo ltg ltz lug lzh lzh_Hans mad mah mai mal mar max_Latn mdf mfe mhr mic min mkd mlg mlt mnw moh mon mri mwl mww mya myv nan nau nav nds niu nld nno nob nob_Hebr nog non_Latn nov_Latn npi nya oci ori orv_Cyrl oss ota_Arab ota_Latn pag pan_Guru pap pau pdc pes pes_Latn pes_Thaa pms pnb pol por ppl_Latn prg_Latn pus quc qya qya_Latn rap rif_Latn roh rom ron rue run rus sag sah san_Deva scn sco sgs shs_Latn shy_Latn sin sjn_Latn slv sma sme smo sna snd_Arab som spa sqi srp_Cyrl srp_Latn stq sun swe swg swh tah tam tat tat_Arab tat_Latn tel tet tgk_Cyrl tha tir tlh_Latn tly_Latn tmw_Latn toi_Latn ton tpw_Latn tso tuk tuk_Latn tur tvl tyv tzl tzl_Latn udm uig_Arab uig_Cyrl ukr umb urd uzb_Cyrl uzb_Latn vec vie vie_Hani vol_Latn vro war wln wol wuu xal xho yid yor yue yue_Hans yue_Hant zho zho_Hans zho_Hant zlm_Latn zsm_Latn zul zza,eng,,,"https://huggingface.co/Helsinki-NLP/opus-mt-mul-en, https://github.com/Helsinki-NLP/Tatoeba-Challenge/tree/master/models/mul-eng/README.md","mul-eng, source group: Multiple languages, target group: English NMT model.",False
opus-mt-ng-en,Helsinki-NLP/opus-mt-ng-en,ng,en,,,"https://huggingface.co/Helsinki-NLP/opus-mt-ng-en, https://github.com/Helsinki-NLP/OPUS-MT-train/blob/master/models/ng-en/README.md",opus-mt-ng-en NMT model.,False
opus-mt-nic-en,Helsinki-NLP/opus-mt-nic-en,bam_Latn ewe fuc fuv ibo kin lin lug nya run sag sna swh toi_Latn tso umb wol xho yor zul,eng,,,"https://huggingface.co/Helsinki-NLP/opus-mt-nic-en, https://github.com/Helsinki-NLP/Tatoeba-Challenge/tree/master/models/nic-eng/README.md","nic-eng, source group: Niger-Kordofanian languages, target group: English NMT model.",False
opus-mt-niu-de,Helsinki-NLP/opus-mt-niu-de,niu,de,,,"https://huggingface.co/Helsinki-NLP/opus-mt-niu-de, https://github.com/Helsinki-NLP/OPUS-MT-train/blob/master/models/niu-de/README.md",opus-mt-niu-de NMT model.,False
opus-mt-niu-en,Helsinki-NLP/opus-mt-niu-en,niu,en,,,"https://huggingface.co/Helsinki-NLP/opus-mt-niu-en, https://github.com/Helsinki-NLP/OPUS-MT-train/blob/master/models/niu-en/README.md",opus-mt-niu-en NMT model.,False
opus-mt-niu-es,Helsinki-NLP/opus-mt-niu-es,niu,es,,,"https://huggingface.co/Helsinki-NLP/opus-mt-niu-es, https://github.com/Helsinki-NLP/OPUS-MT-train/blob/master/models/niu-es/README.md",opus-mt-niu-es NMT model.,False
opus-mt-niu-fi,Helsinki-NLP/opus-mt-niu-fi,niu,fi,,,"https://huggingface.co/Helsinki-NLP/opus-mt-niu-fi, https://github.com/Helsinki-NLP/OPUS-MT-train/blob/master/models/niu-fi/README.md",opus-mt-niu-fi NMT model.,False
opus-mt-niu-fr,Helsinki-NLP/opus-mt-niu-fr,niu,fr,,,"https://huggingface.co/Helsinki-NLP/opus-mt-niu-fr, https://github.com/Helsinki-NLP/OPUS-MT-train/blob/master/models/niu-fr/README.md",opus-mt-niu-fr NMT model.,False
opus-mt-niu-sv,Helsinki-NLP/opus-mt-niu-sv,niu,sv,,,"https://huggingface.co/Helsinki-NLP/opus-mt-niu-sv, https://github.com/Helsinki-NLP/OPUS-MT-train/blob/master/models/niu-sv/README.md",opus-mt-niu-sv NMT model.,False
opus-mt-nl-af,Helsinki-NLP/opus-mt-nl-af,nld,afr,,,"https://huggingface.co/Helsinki-NLP/opus-mt-nl-af, https://github.com/Helsinki-NLP/Tatoeba-Challenge/tree/master/models/nld-afr/README.md","nld-afr, source group: Dutch, target group: Afrikaans NMT model.",False
opus-mt-nl-ca,Helsinki-NLP/opus-mt-nl-ca,nld,cat,,,"https://huggingface.co/Helsinki-NLP/opus-mt-nl-ca, https://github.com/Helsinki-NLP/Tatoeba-Challenge/tree/master/models/nld-cat/README.md","nld-cat, source group: Dutch, target group: Catalan NMT model.",False
opus-mt-nl-en,Helsinki-NLP/opus-mt-nl-en,nl,en,,,"https://huggingface.co/Helsinki-NLP/opus-mt-nl-en, https://github.com/Helsinki-NLP/OPUS-MT-train/blob/master/models/nl-en/README.md",opus-mt-nl-en NMT model.,False
opus-mt-nl-eo,Helsinki-NLP/opus-mt-nl-eo,nld,epo,,,"https://huggingface.co/Helsinki-NLP/opus-mt-nl-eo, https://github.com/Helsinki-NLP/Tatoeba-Challenge/tree/master/models/nld-epo/README.md","nld-epo, source group: Dutch, target group: Esperanto NMT model.",False
opus-mt-nl-es,Helsinki-NLP/opus-mt-nl-es,nl,es,,,"https://huggingface.co/Helsinki-NLP/opus-mt-nl-es, https://github.com/Helsinki-NLP/OPUS-MT-train/blob/master/models/nl-es/README.md",opus-mt-nl-es NMT model.,False
opus-mt-nl-fi,Helsinki-NLP/opus-mt-nl-fi,nl,fi,,,"https://huggingface.co/Helsinki-NLP/opus-mt-nl-fi, https://github.com/Helsinki-NLP/OPUS-MT-train/blob/master/models/nl-fi/README.md",opus-mt-nl-fi NMT model.,False
opus-mt-nl-fr,Helsinki-NLP/opus-mt-nl-fr,nl,fr,,,"https://huggingface.co/Helsinki-NLP/opus-mt-nl-fr, https://github.com/Helsinki-NLP/OPUS-MT-train/blob/master/models/nl-fr/README.md",opus-mt-nl-fr NMT model.,False
opus-mt-nl-no,Helsinki-NLP/opus-mt-nl-no,nld,nob,,,"https://huggingface.co/Helsinki-NLP/opus-mt-nl-no, https://github.com/Helsinki-NLP/Tatoeba-Challenge/tree/master/models/nld-nor/README.md","nld-nor, source group: Dutch, target group: Norwegian NMT model.",False
opus-mt-nl-sv,Helsinki-NLP/opus-mt-nl-sv,nl,sv,,,"https://huggingface.co/Helsinki-NLP/opus-mt-nl-sv, https://github.com/Helsinki-NLP/OPUS-MT-train/blob/master/models/nl-sv/README.md",opus-mt-nl-sv NMT model.,False
opus-mt-nl-uk,Helsinki-NLP/opus-mt-nl-uk,nld,ukr,,,"https://huggingface.co/Helsinki-NLP/opus-mt-nl-uk, https://github.com/Helsinki-NLP/Tatoeba-Challenge/tree/master/models/nld-ukr/README.md","nld-ukr, source group: Dutch, target group: Ukrainian NMT model.",False
opus-mt-no-da,Helsinki-NLP/opus-mt-no-da,nno nob,dan,,,"https://huggingface.co/Helsinki-NLP/opus-mt-no-da, https://github.com/Helsinki-NLP/Tatoeba-Challenge/tree/master/models/nor-dan/README.md","nor-dan, source group: Norwegian, target group: Danish NMT model.",False
opus-mt-no-de,Helsinki-NLP/opus-mt-no-de,nno nob,deu,,,"https://huggingface.co/Helsinki-NLP/opus-mt-no-de, https://github.com/Helsinki-NLP/Tatoeba-Challenge/tree/master/models/nor-deu/README.md","nor-deu, source group: Norwegian, target group: German NMT model.",False
opus-mt-no-es,Helsinki-NLP/opus-mt-no-es,nno nob,spa,,,"https://huggingface.co/Helsinki-NLP/opus-mt-no-es, https://github.com/Helsinki-NLP/Tatoeba-Challenge/tree/master/models/nor-spa/README.md","nor-spa, source group: Norwegian, target group: Spanish NMT model.",False
opus-mt-no-fi,Helsinki-NLP/opus-mt-no-fi,nno nob,fin,,,"https://huggingface.co/Helsinki-NLP/opus-mt-no-fi, https://github.com/Helsinki-NLP/Tatoeba-Challenge/tree/master/models/nor-fin/README.md","nor-fin, source group: Norwegian, target group: Finnish NMT model.",False
opus-mt-no-fr,Helsinki-NLP/opus-mt-no-fr,nno nob,fra,,,"https://huggingface.co/Helsinki-NLP/opus-mt-no-fr, https://github.com/Helsinki-NLP/Tatoeba-Challenge/tree/master/models/nor-fra/README.md","nor-fra, source group: Norwegian, target group: French NMT model.",False
opus-mt-no-nl,Helsinki-NLP/opus-mt-no-nl,nob,nld,,,"https://huggingface.co/Helsinki-NLP/opus-mt-no-nl, https://github.com/Helsinki-NLP/Tatoeba-Challenge/tree/master/models/nor-nld/README.md","nor-nld, source group: Norwegian, target group: Dutch NMT model.",False
opus-mt-no-no,Helsinki-NLP/opus-mt-no-no,nno nob,nno nob,,,"https://huggingface.co/Helsinki-NLP/opus-mt-no-no, https://github.com/Helsinki-NLP/Tatoeba-Challenge/tree/master/models/nor-nor/README.md","nor-nor, source group: Norwegian, target group: Norwegian NMT model.",True
opus-mt-no-pl,Helsinki-NLP/opus-mt-no-pl,nob,pol,,,"https://huggingface.co/Helsinki-NLP/opus-mt-no-pl, https://github.com/Helsinki-NLP/Tatoeba-Challenge/tree/master/models/nor-pol/README.md","nor-pol, source group: Norwegian, target group: Polish NMT model.",False
opus-mt-no-ru,Helsinki-NLP/opus-mt-no-ru,nno nob,rus,,,"https://huggingface.co/Helsinki-NLP/opus-mt-no-ru, https://github.com/Helsinki-NLP/Tatoeba-Challenge/tree/master/models/nor-rus/README.md","nor-rus, source group: Norwegian, target group: Russian NMT model.",False
opus-mt-no-sv,Helsinki-NLP/opus-mt-no-sv,nno nob,swe,,,"https://huggingface.co/Helsinki-NLP/opus-mt-no-sv, https://github.com/Helsinki-NLP/Tatoeba-Challenge/tree/master/models/nor-swe/README.md","nor-swe, source group: Norwegian, target group: Swedish NMT model.",False
opus-mt-no-uk,Helsinki-NLP/opus-mt-no-uk,nob,ukr,,,"https://huggingface.co/Helsinki-NLP/opus-mt-no-uk, https://github.com/Helsinki-NLP/Tatoeba-Challenge/tree/master/models/nor-ukr/README.md","nor-ukr, source group: Norwegian, target group: Ukrainian NMT model.",False
opus-mt-nso-de,Helsinki-NLP/opus-mt-nso-de,nso,de,,,"https://huggingface.co/Helsinki-NLP/opus-mt-nso-de, https://github.com/Helsinki-NLP/OPUS-MT-train/blob/master/models/nso-de/README.md",opus-mt-nso-de NMT model.,False
opus-mt-nso-en,Helsinki-NLP/opus-mt-nso-en,nso,en,,,"https://huggingface.co/Helsinki-NLP/opus-mt-nso-en, https://github.com/Helsinki-NLP/OPUS-MT-train/blob/master/models/nso-en/README.md",opus-mt-nso-en NMT model.,False
opus-mt-nso-es,Helsinki-NLP/opus-mt-nso-es,nso,es,,,"https://huggingface.co/Helsinki-NLP/opus-mt-nso-es, https://github.com/Helsinki-NLP/OPUS-MT-train/blob/master/models/nso-es/README.md",opus-mt-nso-es NMT model.,False
opus-mt-nso-fi,Helsinki-NLP/opus-mt-nso-fi,nso,fi,,,"https://huggingface.co/Helsinki-NLP/opus-mt-nso-fi, https://github.com/Helsinki-NLP/OPUS-MT-train/blob/master/models/nso-fi/README.md",opus-mt-nso-fi NMT model.,False
opus-mt-nso-fr,Helsinki-NLP/opus-mt-nso-fr,nso,fr,,,"https://huggingface.co/Helsinki-NLP/opus-mt-nso-fr, https://github.com/Helsinki-NLP/OPUS-MT-train/blob/master/models/nso-fr/README.md",opus-mt-nso-fr NMT model.,False
opus-mt-nso-sv,Helsinki-NLP/opus-mt-nso-sv,nso,sv,,,"https://huggingface.co/Helsinki-NLP/opus-mt-nso-sv, https://github.com/Helsinki-NLP/OPUS-MT-train/blob/master/models/nso-sv/README.md",opus-mt-nso-sv NMT model.,False
opus-mt-ny-de,Helsinki-NLP/opus-mt-ny-de,ny,de,,,"https://huggingface.co/Helsinki-NLP/opus-mt-ny-de, https://github.com/Helsinki-NLP/OPUS-MT-train/blob/master/models/ny-de/README.md",opus-mt-ny-de NMT model.,False
opus-mt-ny-en,Helsinki-NLP/opus-mt-ny-en,ny,en,,,"https://huggingface.co/Helsinki-NLP/opus-mt-ny-en, https://github.com/Helsinki-NLP/OPUS-MT-train/blob/master/models/ny-en/README.md",opus-mt-ny-en NMT model.,False
opus-mt-ny-es,Helsinki-NLP/opus-mt-ny-es,ny,es,,,"https://huggingface.co/Helsinki-NLP/opus-mt-ny-es, https://github.com/Helsinki-NLP/OPUS-MT-train/blob/master/models/ny-es/README.md",opus-mt-ny-es NMT model.,False
opus-mt-nyk-en,Helsinki-NLP/opus-mt-nyk-en,nyk,en,,,"https://huggingface.co/Helsinki-NLP/opus-mt-nyk-en, https://github.com/Helsinki-NLP/OPUS-MT-train/blob/master/models/nyk-en/README.md",opus-mt-nyk-en NMT model.,False
opus-mt-om-en,Helsinki-NLP/opus-mt-om-en,om,en,,,"https://huggingface.co/Helsinki-NLP/opus-mt-om-en, https://github.com/Helsinki-NLP/OPUS-MT-train/blob/master/models/om-en/README.md",opus-mt-om-en NMT model.,False
opus-mt-pa-en,Helsinki-NLP/opus-mt-pa-en,pa,en,,,"https://huggingface.co/Helsinki-NLP/opus-mt-pa-en, https://github.com/Helsinki-NLP/OPUS-MT-train/blob/master/models/pa-en/README.md",opus-mt-pa-en NMT model.,False
opus-mt-pag-de,Helsinki-NLP/opus-mt-pag-de,pag,de,,,"https://huggingface.co/Helsinki-NLP/opus-mt-pag-de, https://github.com/Helsinki-NLP/OPUS-MT-train/blob/master/models/pag-de/README.md",opus-mt-pag-de NMT model.,False
opus-mt-pag-en,Helsinki-NLP/opus-mt-pag-en,pag,en,,,"https://huggingface.co/Helsinki-NLP/opus-mt-pag-en, https://github.com/Helsinki-NLP/OPUS-MT-train/blob/master/models/pag-en/README.md",opus-mt-pag-en NMT model.,False
opus-mt-pag-es,Helsinki-NLP/opus-mt-pag-es,pag,es,,,"https://huggingface.co/Helsinki-NLP/opus-mt-pag-es, https://github.com/Helsinki-NLP/OPUS-MT-train/blob/master/models/pag-es/README.md",opus-mt-pag-es NMT model.,False
opus-mt-pag-fi,Helsinki-NLP/opus-mt-pag-fi,pag,fi,,,"https://huggingface.co/Helsinki-NLP/opus-mt-pag-fi, https://github.com/Helsinki-NLP/OPUS-MT-train/blob/master/models/pag-fi/README.md",opus-mt-pag-fi NMT model.,False
opus-mt-pag-sv,Helsinki-NLP/opus-mt-pag-sv,pag,sv,,,"https://huggingface.co/Helsinki-NLP/opus-mt-pag-sv, https://github.com/Helsinki-NLP/OPUS-MT-train/blob/master/models/pag-sv/README.md",opus-mt-pag-sv NMT model.,False
opus-mt-pap-de,Helsinki-NLP/opus-mt-pap-de,pap,de,,,"https://huggingface.co/Helsinki-NLP/opus-mt-pap-de, https://github.com/Helsinki-NLP/OPUS-MT-train/blob/master/models/pap-de/README.md",opus-mt-pap-de NMT model.,False
opus-mt-pap-en,Helsinki-NLP/opus-mt-pap-en,pap,en,,,"https://huggingface.co/Helsinki-NLP/opus-mt-pap-en, https://github.com/Helsinki-NLP/OPUS-MT-train/blob/master/models/pap-en/README.md",opus-mt-pap-en NMT model.,False
opus-mt-pap-es,Helsinki-NLP/opus-mt-pap-es,pap,es,,,"https://huggingface.co/Helsinki-NLP/opus-mt-pap-es, https://github.com/Helsinki-NLP/OPUS-MT-train/blob/master/models/pap-es/README.md",opus-mt-pap-es NMT model.,False
opus-mt-pap-fi,Helsinki-NLP/opus-mt-pap-fi,pap,fi,,,"https://huggingface.co/Helsinki-NLP/opus-mt-pap-fi, https://github.com/Helsinki-NLP/OPUS-MT-train/blob/master/models/pap-fi/README.md",opus-mt-pap-fi NMT model.,False
opus-mt-pap-fr,Helsinki-NLP/opus-mt-pap-fr,pap,fr,,,"https://huggingface.co/Helsinki-NLP/opus-mt-pap-fr, https://github.com/Helsinki-NLP/OPUS-MT-train/blob/master/models/pap-fr/README.md",opus-mt-pap-fr NMT model.,False
opus-mt-phi-en,Helsinki-NLP/opus-mt-phi-en,akl_Latn ceb hil ilo pag war,eng,,,"https://huggingface.co/Helsinki-NLP/opus-mt-phi-en, https://github.com/Helsinki-NLP/Tatoeba-Challenge/tree/master/models/phi-eng/README.md","phi-eng, source group: Philippine languages, target group: English NMT model.",False
opus-mt-pis-en,Helsinki-NLP/opus-mt-pis-en,pis,en,,,"https://huggingface.co/Helsinki-NLP/opus-mt-pis-en, https://github.com/Helsinki-NLP/OPUS-MT-train/blob/master/models/pis-en/README.md",opus-mt-pis-en NMT model.,False
opus-mt-pis-es,Helsinki-NLP/opus-mt-pis-es,pis,es,,,"https://huggingface.co/Helsinki-NLP/opus-mt-pis-es, https://github.com/Helsinki-NLP/OPUS-MT-train/blob/master/models/pis-es/README.md",opus-mt-pis-es NMT model.,False
opus-mt-pis-fi,Helsinki-NLP/opus-mt-pis-fi,pis,fi,,,"https://huggingface.co/Helsinki-NLP/opus-mt-pis-fi, https://github.com/Helsinki-NLP/OPUS-MT-train/blob/master/models/pis-fi/README.md",opus-mt-pis-fi NMT model.,False
opus-mt-pis-fr,Helsinki-NLP/opus-mt-pis-fr,pis,fr,,,"https://huggingface.co/Helsinki-NLP/opus-mt-pis-fr, https://github.com/Helsinki-NLP/OPUS-MT-train/blob/master/models/pis-fr/README.md",opus-mt-pis-fr NMT model.,False
opus-mt-pis-sv,Helsinki-NLP/opus-mt-pis-sv,pis,sv,,,"https://huggingface.co/Helsinki-NLP/opus-mt-pis-sv, https://github.com/Helsinki-NLP/OPUS-MT-train/blob/master/models/pis-sv/README.md",opus-mt-pis-sv NMT model.,False
opus-mt-pl-ar,Helsinki-NLP/opus-mt-pl-ar,pol,ara arz,,,"https://huggingface.co/Helsinki-NLP/opus-mt-pl-ar, https://github.com/Helsinki-NLP/Tatoeba-Challenge/tree/master/models/pol-ara/README.md","pol-ara, source group: Polish, target group: Arabic NMT model.",True
opus-mt-pl-de,Helsinki-NLP/opus-mt-pl-de,pl,de,,,"https://huggingface.co/Helsinki-NLP/opus-mt-pl-de, https://github.com/Helsinki-NLP/OPUS-MT-train/blob/master/models/pl-de/README.md",opus-mt-pl-de NMT model.,False
opus-mt-pl-en,Helsinki-NLP/opus-mt-pl-en,pl,en,,,"https://huggingface.co/Helsinki-NLP/opus-mt-pl-en, https://github.com/Helsinki-NLP/OPUS-MT-train/blob/master/models/pl-en/README.md",opus-mt-pl-en NMT model.,False
opus-mt-pl-eo,Helsinki-NLP/opus-mt-pl-eo,pol,epo,,,"https://huggingface.co/Helsinki-NLP/opus-mt-pl-eo, https://github.com/Helsinki-NLP/Tatoeba-Challenge/tree/master/models/pol-epo/README.md","pol-epo, source group: Polish, target group: Esperanto NMT model.",False
opus-mt-pl-es,Helsinki-NLP/opus-mt-pl-es,pl,es,,,"https://huggingface.co/Helsinki-NLP/opus-mt-pl-es, https://github.com/Helsinki-NLP/OPUS-MT-train/blob/master/models/pl-es/README.md",opus-mt-pl-es NMT model.,False
opus-mt-pl-fr,Helsinki-NLP/opus-mt-pl-fr,pl,fr,,,"https://huggingface.co/Helsinki-NLP/opus-mt-pl-fr, https://github.com/Helsinki-NLP/OPUS-MT-train/blob/master/models/pl-fr/README.md",opus-mt-pl-fr NMT model.,False
opus-mt-pl-lt,Helsinki-NLP/opus-mt-pl-lt,pol,lit,,,"https://huggingface.co/Helsinki-NLP/opus-mt-pl-lt, https://github.com/Helsinki-NLP/Tatoeba-Challenge/tree/master/models/pol-lit/README.md","pol-lit, source group: Polish, target group: Lithuanian NMT model.",False
opus-mt-pl-no,Helsinki-NLP/opus-mt-pl-no,pol,nob,,,"https://huggingface.co/Helsinki-NLP/opus-mt-pl-no, https://github.com/Helsinki-NLP/Tatoeba-Challenge/tree/master/models/pol-nor/README.md","pol-nor, source group: Polish, target group: Norwegian NMT model.",False
opus-mt-pl-sv,Helsinki-NLP/opus-mt-pl-sv,pl,sv,,,"https://huggingface.co/Helsinki-NLP/opus-mt-pl-sv, https://github.com/Helsinki-NLP/OPUS-MT-train/blob/master/models/pl-sv/README.md",opus-mt-pl-sv NMT model.,False
opus-mt-pl-uk,Helsinki-NLP/opus-mt-pl-uk,pol,ukr,,,"https://huggingface.co/Helsinki-NLP/opus-mt-pl-uk, https://github.com/Helsinki-NLP/Tatoeba-Challenge/tree/master/models/pol-ukr/README.md","pol-ukr, source group: Polish, target group: Ukrainian NMT model.",False
opus-mt-pon-en,Helsinki-NLP/opus-mt-pon-en,pon,en,,,"https://huggingface.co/Helsinki-NLP/opus-mt-pon-en, https://github.com/Helsinki-NLP/OPUS-MT-train/blob/master/models/pon-en/README.md",opus-mt-pon-en NMT model.,False
opus-mt-pon-es,Helsinki-NLP/opus-mt-pon-es,pon,es,,,"https://huggingface.co/Helsinki-NLP/opus-mt-pon-es, https://github.com/Helsinki-NLP/OPUS-MT-train/blob/master/models/pon-es/README.md",opus-mt-pon-es NMT model.,False
opus-mt-pon-fi,Helsinki-NLP/opus-mt-pon-fi,pon,fi,,,"https://huggingface.co/Helsinki-NLP/opus-mt-pon-fi, https://github.com/Helsinki-NLP/OPUS-MT-train/blob/master/models/pon-fi/README.md",opus-mt-pon-fi NMT model.,False
opus-mt-pon-fr,Helsinki-NLP/opus-mt-pon-fr,pon,fr,,,"https://huggingface.co/Helsinki-NLP/opus-mt-pon-fr, https://github.com/Helsinki-NLP/OPUS-MT-train/blob/master/models/pon-fr/README.md",opus-mt-pon-fr NMT model.,False
opus-mt-pon-sv,Helsinki-NLP/opus-mt-pon-sv,pon,sv,,,"https://huggingface.co/Helsinki-NLP/opus-mt-pon-sv, https://github.com/Helsinki-NLP/OPUS-MT-train/blob/master/models/pon-sv/README.md",opus-mt-pon-sv NMT model.,False
opus-mt-pqe-en,Helsinki-NLP/opus-mt-pqe-en,fij gil haw mah mri nau niu rap smo tah ton tvl,eng,,,"https://huggingface.co/Helsinki-NLP/opus-mt-pqe-en, https://github.com/Helsinki-NLP/Tatoeba-Challenge/tree/master/models/pqe-eng/README.md","pqe-eng, source group: Eastern Malayo-Polynesian languages, target group: English NMT model.",False
opus-mt-prl-es,Helsinki-NLP/opus-mt-prl-es,prl,es,,,"https://huggingface.co/Helsinki-NLP/opus-mt-prl-es, https://github.com/Helsinki-NLP/OPUS-MT-train/blob/master/models/prl-es/README.md",opus-mt-prl-es NMT model.,False
opus-mt-pt-ca,Helsinki-NLP/opus-mt-pt-ca,por,cat,,,"https://huggingface.co/Helsinki-NLP/opus-mt-pt-ca, https://github.com/Helsinki-NLP/Tatoeba-Challenge/tree/master/models/por-cat/README.md","por-cat, source group: Portuguese, target group: Catalan NMT model.",False
opus-mt-pt-eo,Helsinki-NLP/opus-mt-pt-eo,por,epo,,,"https://huggingface.co/Helsinki-NLP/opus-mt-pt-eo, https://github.com/Helsinki-NLP/Tatoeba-Challenge/tree/master/models/por-epo/README.md","por-epo, source group: Portuguese, target group: Esperanto NMT model.",False
opus-mt-pt-gl,Helsinki-NLP/opus-mt-pt-gl,por,glg,,,"https://huggingface.co/Helsinki-NLP/opus-mt-pt-gl, https://github.com/Helsinki-NLP/Tatoeba-Challenge/tree/master/models/por-glg/README.md","por-glg, source group: Portuguese, target group: Galician NMT model.",False
opus-mt-pt-tl,Helsinki-NLP/opus-mt-pt-tl,por,tgl_Latn,,,"https://huggingface.co/Helsinki-NLP/opus-mt-pt-tl, https://github.com/Helsinki-NLP/Tatoeba-Challenge/tree/master/models/por-tgl/README.md","por-tgl, source group: Portuguese, target group: Tagalog NMT model.",False
opus-mt-pt-uk,Helsinki-NLP/opus-mt-pt-uk,por,ukr,,,"https://huggingface.co/Helsinki-NLP/opus-mt-pt-uk, https://github.com/Helsinki-NLP/Tatoeba-Challenge/tree/master/models/por-ukr/README.md","por-ukr, source group: Portuguese, target group: Ukrainian NMT model.",False
opus-mt-rn-de,Helsinki-NLP/opus-mt-rn-de,run,deu,,,"https://huggingface.co/Helsinki-NLP/opus-mt-rn-de, https://github.com/Helsinki-NLP/Tatoeba-Challenge/tree/master/models/run-deu/README.md","run-deu, source group: Rundi, target group: German NMT model.",False
opus-mt-rn-en,Helsinki-NLP/opus-mt-rn-en,run,eng,,,"https://huggingface.co/Helsinki-NLP/opus-mt-rn-en, https://github.com/Helsinki-NLP/Tatoeba-Challenge/tree/master/models/run-eng/README.md","run-eng, source group: Rundi, target group: English NMT model.",False
opus-mt-rn-es,Helsinki-NLP/opus-mt-rn-es,run,spa,,,"https://huggingface.co/Helsinki-NLP/opus-mt-rn-es, https://github.com/Helsinki-NLP/Tatoeba-Challenge/tree/master/models/run-spa/README.md","run-spa, source group: Rundi, target group: Spanish NMT model.",False
opus-mt-rn-fr,Helsinki-NLP/opus-mt-rn-fr,run,fra,,,"https://huggingface.co/Helsinki-NLP/opus-mt-rn-fr, https://github.com/Helsinki-NLP/Tatoeba-Challenge/tree/master/models/run-fra/README.md","run-fra, source group: Rundi, target group: French NMT model.",False
opus-mt-rn-ru,Helsinki-NLP/opus-mt-rn-ru,run,rus,,,"https://huggingface.co/Helsinki-NLP/opus-mt-rn-ru, https://github.com/Helsinki-NLP/Tatoeba-Challenge/tree/master/models/run-rus/README.md","run-rus, source group: Rundi, target group: Russian NMT model.",False
opus-mt-rnd-en,Helsinki-NLP/opus-mt-rnd-en,rnd,en,,,"https://huggingface.co/Helsinki-NLP/opus-mt-rnd-en, https://github.com/Helsinki-NLP/OPUS-MT-train/blob/master/models/rnd-en/README.md",opus-mt-rnd-en NMT model.,False
opus-mt-rnd-fr,Helsinki-NLP/opus-mt-rnd-fr,rnd,fr,,,"https://huggingface.co/Helsinki-NLP/opus-mt-rnd-fr, https://github.com/Helsinki-NLP/OPUS-MT-train/blob/master/models/rnd-fr/README.md",opus-mt-rnd-fr NMT model.,False
opus-mt-rnd-sv,Helsinki-NLP/opus-mt-rnd-sv,rnd,sv,,,"https://huggingface.co/Helsinki-NLP/opus-mt-rnd-sv, https://github.com/Helsinki-NLP/OPUS-MT-train/blob/master/models/rnd-sv/README.md",opus-mt-rnd-sv NMT model.,False
opus-mt-ro-eo,Helsinki-NLP/opus-mt-ro-eo,ron,epo,,,"https://huggingface.co/Helsinki-NLP/opus-mt-ro-eo, https://github.com/Helsinki-NLP/Tatoeba-Challenge/tree/master/models/ron-epo/README.md","ron-epo, source group: Romanian, target group: Esperanto NMT model.",False
opus-mt-ro-fi,Helsinki-NLP/opus-mt-ro-fi,ro,fi,,,"https://huggingface.co/Helsinki-NLP/opus-mt-ro-fi, https://github.com/Helsinki-NLP/OPUS-MT-train/blob/master/models/ro-fi/README.md",opus-mt-ro-fi NMT model.,False
opus-mt-ro-fr,Helsinki-NLP/opus-mt-ro-fr,ro,fr,,,"https://huggingface.co/Helsinki-NLP/opus-mt-ro-fr, https://github.com/Helsinki-NLP/OPUS-MT-train/blob/master/models/ro-fr/README.md",opus-mt-ro-fr NMT model.,False
opus-mt-ro-sv,Helsinki-NLP/opus-mt-ro-sv,ro,sv,,,"https://huggingface.co/Helsinki-NLP/opus-mt-ro-sv, https://github.com/Helsinki-NLP/OPUS-MT-train/blob/master/models/ro-sv/README.md",opus-mt-ro-sv NMT model.,False
opus-mt-roa-en,Helsinki-NLP/opus-mt-roa-en,arg ast cat cos egl ext fra frm_Latn gcf_Latn glg hat ind ita lad lad_Latn lij lld_Latn lmo max_Latn mfe min mwl oci pap pms por roh ron scn spa tmw_Latn vec wln zlm_Latn zsm_Latn,eng,,,"https://huggingface.co/Helsinki-NLP/opus-mt-roa-en, https://github.com/Helsinki-NLP/Tatoeba-Challenge/tree/master/models/roa-eng/README.md","roa-eng, source group: Romance languages, target group: English NMT model.",False
opus-mt-ru-af,Helsinki-NLP/opus-mt-ru-af,rus,afr,,,"https://huggingface.co/Helsinki-NLP/opus-mt-ru-af, https://github.com/Helsinki-NLP/Tatoeba-Challenge/tree/master/models/rus-afr/README.md","rus-afr, source group: Russian, target group: Afrikaans NMT model.",False
opus-mt-ru-ar,Helsinki-NLP/opus-mt-ru-ar,rus,apc ara arz,,,"https://huggingface.co/Helsinki-NLP/opus-mt-ru-ar, https://github.com/Helsinki-NLP/Tatoeba-Challenge/tree/master/models/rus-ara/README.md","rus-ara, source group: Russian, target group: Arabic NMT model.",True
opus-mt-ru-bg,Helsinki-NLP/opus-mt-ru-bg,rus,bul bul_Latn,,,"https://huggingface.co/Helsinki-NLP/opus-mt-ru-bg, https://github.com/Helsinki-NLP/Tatoeba-Challenge/tree/master/models/rus-bul/README.md","rus-bul, source group: Russian, target group: Bulgarian NMT model.",True
opus-mt-ru-da,Helsinki-NLP/opus-mt-ru-da,rus,dan,,,"https://huggingface.co/Helsinki-NLP/opus-mt-ru-da, https://github.com/Helsinki-NLP/Tatoeba-Challenge/tree/master/models/rus-dan/README.md","rus-dan, source group: Russian, target group: Danish NMT model.",False
opus-mt-ru-en,Helsinki-NLP/opus-mt-ru-en,Russian,English,,,"https://huggingface.co/Helsinki-NLP/opus-mt-ru-en, https://github.com/Helsinki-NLP/OPUS-MT-train/blob/master/models/ru-en/README.md",This model can be used for translation and text-to-text generation.,False
opus-mt-ru-eo,Helsinki-NLP/opus-mt-ru-eo,rus,epo,,,"https://huggingface.co/Helsinki-NLP/opus-mt-ru-eo, https://github.com/Helsinki-NLP/Tatoeba-Challenge/tree/master/models/rus-epo/README.md","rus-epo, source group: Russian, target group: Esperanto NMT model.",False
opus-mt-ru-es,Helsinki-NLP/opus-mt-ru-es,ru,es,,,"https://huggingface.co/Helsinki-NLP/opus-mt-ru-es, https://github.com/Helsinki-NLP/OPUS-MT-train/blob/master/models/ru-es/README.md",opus-mt-ru-es NMT model.,False
opus-mt-ru-et,Helsinki-NLP/opus-mt-ru-et,rus,est,,,"https://huggingface.co/Helsinki-NLP/opus-mt-ru-et, https://github.com/Helsinki-NLP/Tatoeba-Challenge/tree/master/models/rus-est/README.md","rus-est, source group: Russian, target group: Estonian NMT model.",False
opus-mt-ru-eu,Helsinki-NLP/opus-mt-ru-eu,rus,eus,,,"https://huggingface.co/Helsinki-NLP/opus-mt-ru-eu, https://github.com/Helsinki-NLP/Tatoeba-Challenge/tree/master/models/rus-eus/README.md","rus-eus, source group: Russian, target group: Basque NMT model.",False
opus-mt-ru-fi,Helsinki-NLP/opus-mt-ru-fi,ru,fi,,,"https://huggingface.co/Helsinki-NLP/opus-mt-ru-fi, https://github.com/Helsinki-NLP/OPUS-MT-train/blob/master/models/ru-fi/README.md",opus-mt-ru-fi NMT model.,False
opus-mt-ru-fr,Helsinki-NLP/opus-mt-ru-fr,ru,fr,,,"https://huggingface.co/Helsinki-NLP/opus-mt-ru-fr, https://github.com/Helsinki-NLP/OPUS-MT-train/blob/master/models/ru-fr/README.md",opus-mt-ru-fr NMT model.,False
opus-mt-ru-he,Helsinki-NLP/opus-mt-ru-he,rus,heb,,,"https://huggingface.co/Helsinki-NLP/opus-mt-ru-he, https://github.com/Helsinki-NLP/Tatoeba-Challenge/tree/master/models/rus-heb/README.md","ru-he, source group: Russian, target group: Hebrew NMT model.",False
opus-mt-ru-hy,Helsinki-NLP/opus-mt-ru-hy,rus,hye hye_Latn,,,"https://huggingface.co/Helsinki-NLP/opus-mt-ru-hy, https://github.com/Helsinki-NLP/Tatoeba-Challenge/tree/master/models/rus-hye/README.md","rus-hye, source group: Russian, target group: Armenian NMT model.",True
opus-mt-ru-lt,Helsinki-NLP/opus-mt-ru-lt,rus,lit,,,"https://huggingface.co/Helsinki-NLP/opus-mt-ru-lt, https://github.com/Helsinki-NLP/Tatoeba-Challenge/tree/master/models/rus-lit/README.md","rus-lit, source group: Russian, target group: Lithuanian NMT model.",False
opus-mt-ru-lv,Helsinki-NLP/opus-mt-ru-lv,rus,lav,,,"https://huggingface.co/Helsinki-NLP/opus-mt-ru-lv, https://github.com/Helsinki-NLP/Tatoeba-Challenge/tree/master/models/rus-lav/README.md","rus-lav, source group: Russian, target group: Latvian NMT model.",False
opus-mt-ru-no,Helsinki-NLP/opus-mt-ru-no,rus,nno nob,,,"https://huggingface.co/Helsinki-NLP/opus-mt-ru-no, https://github.com/Helsinki-NLP/Tatoeba-Challenge/tree/master/models/rus-nor/README.md","rus-nor, source group: Russian, target group: Norwegian NMT model.",True
opus-mt-ru-sl,Helsinki-NLP/opus-mt-ru-sl,rus,slv,,,"https://huggingface.co/Helsinki-NLP/opus-mt-ru-sl, https://github.com/Helsinki-NLP/Tatoeba-Challenge/tree/master/models/rus-slv/README.md","rus-slv, source group: Russian, target group: Slovenian NMT model.",False
opus-mt-ru-sv,Helsinki-NLP/opus-mt-ru-sv,rus,swe,,,"https://huggingface.co/Helsinki-NLP/opus-mt-ru-sv, https://github.com/Helsinki-NLP/Tatoeba-Challenge/tree/master/models/rus-swe/README.md","rus-swe, source group: Russian, target group: Swedish NMT model.",False
opus-mt-ru-uk,Helsinki-NLP/opus-mt-ru-uk,rus,ukr,,,"https://huggingface.co/Helsinki-NLP/opus-mt-ru-uk, https://github.com/Helsinki-NLP/Tatoeba-Challenge/tree/master/models/rus-ukr/README.md","rus-ukr, source group: Russian, target group: Ukrainian NMT model.",False
opus-mt-ru-vi,Helsinki-NLP/opus-mt-ru-vi,rus,vie,,,"https://huggingface.co/Helsinki-NLP/opus-mt-ru-vi, https://github.com/Helsinki-NLP/Tatoeba-Challenge/tree/master/models/rus-vie/README.md","rus-vie, source group: Russian, target group: Vietnamese NMT model.",False
opus-mt-run-en,Helsinki-NLP/opus-mt-run-en,run,en,,,"https://huggingface.co/Helsinki-NLP/opus-mt-run-en, https://github.com/Helsinki-NLP/OPUS-MT-train/blob/master/models/run-en/README.md",opus-mt-run-en NMT model.,False
opus-mt-run-es,Helsinki-NLP/opus-mt-run-es,run,es,,,"https://huggingface.co/Helsinki-NLP/opus-mt-run-es, https://github.com/Helsinki-NLP/OPUS-MT-train/blob/master/models/run-es/README.md",opus-mt-run-es NMT model.,False
opus-mt-run-sv,Helsinki-NLP/opus-mt-run-sv,run,sv,,,"https://huggingface.co/Helsinki-NLP/opus-mt-run-sv, https://github.com/Helsinki-NLP/OPUS-MT-train/blob/master/models/run-sv/README.md",opus-mt-run-sv NMT model.,False
opus-mt-rw-en,Helsinki-NLP/opus-mt-rw-en,rw,en,,,"https://huggingface.co/Helsinki-NLP/opus-mt-rw-en, https://github.com/Helsinki-NLP/OPUS-MT-train/blob/master/models/rw-en/README.md",opus-mt-rw-en NMT model.,False
opus-mt-rw-es,Helsinki-NLP/opus-mt-rw-es,rw,es,,,"https://huggingface.co/Helsinki-NLP/opus-mt-rw-es, https://github.com/Helsinki-NLP/OPUS-MT-train/blob/master/models/rw-es/README.md",opus-mt-rw-es NMT model.,False
opus-mt-rw-fr,Helsinki-NLP/opus-mt-rw-fr,rw,fr,,,"https://huggingface.co/Helsinki-NLP/opus-mt-rw-fr, https://github.com/Helsinki-NLP/OPUS-MT-train/blob/master/models/rw-fr/README.md",opus-mt-rw-fr NMT model.,False
opus-mt-rw-sv,Helsinki-NLP/opus-mt-rw-sv,rw,sv,,,"https://huggingface.co/Helsinki-NLP/opus-mt-rw-sv, https://github.com/Helsinki-NLP/OPUS-MT-train/blob/master/models/rw-sv/README.md",opus-mt-rw-sv NMT model.,False
opus-mt-sal-en,Helsinki-NLP/opus-mt-sal-en,shs_Latn,eng,,,"https://huggingface.co/Helsinki-NLP/opus-mt-sal-en, https://github.com/Helsinki-NLP/Tatoeba-Challenge/tree/master/models/sal-eng/README.md","sal-eng, source group: Salishan languages, target group: English NMT model.",False
opus-mt-sem-en,Helsinki-NLP/opus-mt-sem-en,acm afb amh apc ara arq ary arz heb mlt tir,eng,,,"https://huggingface.co/Helsinki-NLP/opus-mt-sem-en, https://github.com/Helsinki-NLP/Tatoeba-Challenge/tree/master/models/sem-eng/README.md","sem-eng, source group: Semitic languages, target group: English NMT model.",False
opus-mt-sem-sem,Helsinki-NLP/opus-mt-sem-sem,apc ara arq arz heb mlt,apc ara arq arz heb mlt,,,"https://huggingface.co/Helsinki-NLP/opus-mt-sem-sem, https://github.com/Helsinki-NLP/Tatoeba-Challenge/tree/master/models/sem-sem/README.md","sem-sem, source group: Semitic languages, target group: Semitic languages NMT model.",True
opus-mt-sg-en,Helsinki-NLP/opus-mt-sg-en,sg,en,,,"https://huggingface.co/Helsinki-NLP/opus-mt-sg-en, https://github.com/Helsinki-NLP/OPUS-MT-train/blob/master/models/sg-en/README.md",opus-mt-sg-en NMT model.,False
opus-mt-sg-es,Helsinki-NLP/opus-mt-sg-es,sg,es,,,"https://huggingface.co/Helsinki-NLP/opus-mt-sg-es, https://github.com/Helsinki-NLP/OPUS-MT-train/blob/master/models/sg-es/README.md",opus-mt-sg-es NMT model.,False
opus-mt-sg-fi,Helsinki-NLP/opus-mt-sg-fi,sg,fi,,,"https://huggingface.co/Helsinki-NLP/opus-mt-sg-fi, https://github.com/Helsinki-NLP/OPUS-MT-train/blob/master/models/sg-fi/README.md",opus-mt-sg-fi NMT model.,False
opus-mt-sg-fr,Helsinki-NLP/opus-mt-sg-fr,sg,fr,,,"https://huggingface.co/Helsinki-NLP/opus-mt-sg-fr, https://github.com/Helsinki-NLP/OPUS-MT-train/blob/master/models/sg-fr/README.md",opus-mt-sg-fr NMT model.,False
opus-mt-sg-sv,Helsinki-NLP/opus-mt-sg-sv,sg,sv,,,"https://huggingface.co/Helsinki-NLP/opus-mt-sg-sv, https://github.com/Helsinki-NLP/OPUS-MT-train/blob/master/models/sg-sv/README.md",opus-mt-sg-sv NMT model.,False
opus-mt-sh-eo,Helsinki-NLP/opus-mt-sh-eo,bos_Latn hrv srp_Cyrl srp_Latn,epo,,,"https://huggingface.co/Helsinki-NLP/opus-mt-sh-eo, https://github.com/Helsinki-NLP/Tatoeba-Challenge/tree/master/models/hbs-epo/README.md","hbs-epo, source group: Serbo-Croatian, target group: Esperanto NMT model.",False
opus-mt-sh-uk,Helsinki-NLP/opus-mt-sh-uk,hrv srp_Cyrl srp_Latn,ukr,,,"https://huggingface.co/Helsinki-NLP/opus-mt-sh-uk, https://github.com/Helsinki-NLP/Tatoeba-Challenge/tree/master/models/hbs-ukr/README.md","hbs-ukr, source group: Serbo-Croatian, target group: Ukrainian NMT model.",False
opus-mt-sk-en,Helsinki-NLP/opus-mt-sk-en,sk,en,,,"https://huggingface.co/Helsinki-NLP/opus-mt-sk-en, https://github.com/Helsinki-NLP/OPUS-MT-train/blob/master/models/sk-en/README.md",opus-mt-sk-en NMT model.,False
opus-mt-sk-es,Helsinki-NLP/opus-mt-sk-es,sk,es,,,"https://huggingface.co/Helsinki-NLP/opus-mt-sk-es, https://github.com/Helsinki-NLP/OPUS-MT-train/blob/master/models/sk-es/README.md",opus-mt-sk-es NMT model.,False
opus-mt-sk-fi,Helsinki-NLP/opus-mt-sk-fi,sk,fi,,,"https://huggingface.co/Helsinki-NLP/opus-mt-sk-fi, https://github.com/Helsinki-NLP/OPUS-MT-train/blob/master/models/sk-fi/README.md",opus-mt-sk-fi NMT model.,False
opus-mt-sk-fr,Helsinki-NLP/opus-mt-sk-fr,sk,fr,,,"https://huggingface.co/Helsinki-NLP/opus-mt-sk-fr, https://github.com/Helsinki-NLP/OPUS-MT-train/blob/master/models/sk-fr/README.md",opus-mt-sk-fr NMT model.,False
opus-mt-sk-sv,Helsinki-NLP/opus-mt-sk-sv,sk,sv,,,"https://huggingface.co/Helsinki-NLP/opus-mt-sk-sv, https://github.com/Helsinki-NLP/OPUS-MT-train/blob/master/models/sk-sv/README.md",opus-mt-sk-sv NMT model.,False
opus-mt-sl-es,Helsinki-NLP/opus-mt-sl-es,sl,es,,,"https://huggingface.co/Helsinki-NLP/opus-mt-sl-es, https://github.com/Helsinki-NLP/OPUS-MT-train/blob/master/models/sl-es/README.md",opus-mt-sl-es NMT model.,False
opus-mt-sl-fi,Helsinki-NLP/opus-mt-sl-fi,sl,fi,,,"https://huggingface.co/Helsinki-NLP/opus-mt-sl-fi, https://github.com/Helsinki-NLP/OPUS-MT-train/blob/master/models/sl-fi/README.md",opus-mt-sl-fi NMT model.,False
opus-mt-sl-fr,Helsinki-NLP/opus-mt-sl-fr,sl,fr,,,"https://huggingface.co/Helsinki-NLP/opus-mt-sl-fr, https://github.com/Helsinki-NLP/OPUS-MT-train/blob/master/models/sl-fr/README.md",opus-mt-sl-fr NMT model.,False
opus-mt-sl-ru,Helsinki-NLP/opus-mt-sl-ru,slv,rus,,,"https://huggingface.co/Helsinki-NLP/opus-mt-sl-ru, https://github.com/Helsinki-NLP/Tatoeba-Challenge/tree/master/models/slv-rus/README.md","slv-rus, source group: Slovenian, target group: Russian NMT model.",False
opus-mt-sl-sv,Helsinki-NLP/opus-mt-sl-sv,sl,sv,,,"https://huggingface.co/Helsinki-NLP/opus-mt-sl-sv, https://github.com/Helsinki-NLP/OPUS-MT-train/blob/master/models/sl-sv/README.md",opus-mt-sl-sv NMT model.,False
opus-mt-sl-uk,Helsinki-NLP/opus-mt-sl-uk,slv,ukr,,,"https://huggingface.co/Helsinki-NLP/opus-mt-sl-uk, https://github.com/Helsinki-NLP/Tatoeba-Challenge/tree/master/models/slv-ukr/README.md","slv-ukr, source group: Slovenian, target group: Ukrainian NMT model.",False
opus-mt-sla-en,Helsinki-NLP/opus-mt-sla-en,bel bel_Latn bos_Latn bul bul_Latn ces csb_Latn dsb hrv hsb mkd orv_Cyrl pol rue rus slv srp_Cyrl srp_Latn ukr,eng,,,"https://huggingface.co/Helsinki-NLP/opus-mt-sla-en, https://github.com/Helsinki-NLP/Tatoeba-Challenge/tree/master/models/sla-eng/README.md","sla-eng, source group: Slavic languages, target group: English NMT model.",False
opus-mt-sla-sla,Helsinki-NLP/opus-mt-sla-sla,bel bel_Latn bos_Latn bul bul_Latn ces dsb hrv hsb mkd orv_Cyrl pol rus slv srp_Cyrl srp_Latn ukr,bel bel_Latn bos_Latn bul bul_Latn ces dsb hrv hsb mkd orv_Cyrl pol rus slv srp_Cyrl srp_Latn ukr,,,"https://huggingface.co/Helsinki-NLP/opus-mt-sla-sla, https://github.com/Helsinki-NLP/Tatoeba-Challenge/tree/master/models/sla-sla/README.md","sla-sla, source group: Slavic languages, target group: Slavic languages NMT model.",True
opus-mt-sm-en,Helsinki-NLP/opus-mt-sm-en,sm,en,,,"https://huggingface.co/Helsinki-NLP/opus-mt-sm-en, https://github.com/Helsinki-NLP/OPUS-MT-train/blob/master/models/sm-en/README.md",opus-mt-sm-en NMT model.,False
opus-mt-sm-es,Helsinki-NLP/opus-mt-sm-es,sm,es,,,"https://huggingface.co/Helsinki-NLP/opus-mt-sm-es, https://github.com/Helsinki-NLP/OPUS-MT-train/blob/master/models/sm-es/README.md",opus-mt-sm-es NMT model.,False
opus-mt-sm-fr,Helsinki-NLP/opus-mt-sm-fr,sm,fr,,,"https://huggingface.co/Helsinki-NLP/opus-mt-sm-fr, https://github.com/Helsinki-NLP/OPUS-MT-train/blob/master/models/sm-fr/README.md",opus-mt-sm-fr NMT model.,False
opus-mt-sn-en,Helsinki-NLP/opus-mt-sn-en,sn,en,,,"https://huggingface.co/Helsinki-NLP/opus-mt-sn-en, https://github.com/Helsinki-NLP/OPUS-MT-train/blob/master/models/sn-en/README.md",opus-mt-sn-en NMT model.,False
opus-mt-sn-es,Helsinki-NLP/opus-mt-sn-es,sn,es,,,"https://huggingface.co/Helsinki-NLP/opus-mt-sn-es, https://github.com/Helsinki-NLP/OPUS-MT-train/blob/master/models/sn-es/README.md",opus-mt-sn-es NMT model.,False
opus-mt-sn-fr,Helsinki-NLP/opus-mt-sn-fr,sn,fr,,,"https://huggingface.co/Helsinki-NLP/opus-mt-sn-fr, https://github.com/Helsinki-NLP/OPUS-MT-train/blob/master/models/sn-fr/README.md",opus-mt-sn-fr NMT model.,False
opus-mt-sn-sv,Helsinki-NLP/opus-mt-sn-sv,sn,sv,,,"https://huggingface.co/Helsinki-NLP/opus-mt-sn-sv, https://github.com/Helsinki-NLP/OPUS-MT-train/blob/master/models/sn-sv/README.md",opus-mt-sn-sv NMT model.,False
opus-mt-sq-en,Helsinki-NLP/opus-mt-sq-en,sq,en,,,"https://huggingface.co/Helsinki-NLP/opus-mt-sq-en, https://github.com/Helsinki-NLP/OPUS-MT-train/blob/master/models/sq-en/README.md",opus-mt-sq-en NMT model.,False
opus-mt-sq-es,Helsinki-NLP/opus-mt-sq-es,sq,es,,,"https://huggingface.co/Helsinki-NLP/opus-mt-sq-es, https://github.com/Helsinki-NLP/OPUS-MT-train/blob/master/models/sq-es/README.md",opus-mt-sq-es NMT model.,False
opus-mt-sq-sv,Helsinki-NLP/opus-mt-sq-sv,sq,sv,,,"https://huggingface.co/Helsinki-NLP/opus-mt-sq-sv, https://github.com/Helsinki-NLP/OPUS-MT-train/blob/master/models/sq-sv/README.md",opus-mt-sq-sv NMT model.,False
opus-mt-srn-en,Helsinki-NLP/opus-mt-srn-en,srn,en,,,"https://huggingface.co/Helsinki-NLP/opus-mt-srn-en, https://github.com/Helsinki-NLP/OPUS-MT-train/blob/master/models/srn-en/README.md",opus-mt-srn-en NMT model.,False
opus-mt-srn-es,Helsinki-NLP/opus-mt-srn-es,srn,es,,,"https://huggingface.co/Helsinki-NLP/opus-mt-srn-es, https://github.com/Helsinki-NLP/OPUS-MT-train/blob/master/models/srn-es/README.md",opus-mt-srn-es NMT model.,False
opus-mt-srn-fr,Helsinki-NLP/opus-mt-srn-fr,srn,fr,,,"https://huggingface.co/Helsinki-NLP/opus-mt-srn-fr, https://github.com/Helsinki-NLP/OPUS-MT-train/blob/master/models/srn-fr/README.md",opus-mt-srn-fr NMT model.,False
opus-mt-srn-sv,Helsinki-NLP/opus-mt-srn-sv,srn,sv,,,"https://huggingface.co/Helsinki-NLP/opus-mt-srn-sv, https://github.com/Helsinki-NLP/OPUS-MT-train/blob/master/models/srn-sv/README.md",opus-mt-srn-sv NMT model.,False
opus-mt-ss-en,Helsinki-NLP/opus-mt-ss-en,ss,en,,,"https://huggingface.co/Helsinki-NLP/opus-mt-ss-en, https://github.com/Helsinki-NLP/OPUS-MT-train/blob/master/models/ss-en/README.md",opus-mt-ss-en NMT model.,False
opus-mt-ssp-es,Helsinki-NLP/opus-mt-ssp-es,ssp,es,,,"https://huggingface.co/Helsinki-NLP/opus-mt-ssp-es, https://github.com/Helsinki-NLP/OPUS-MT-train/blob/master/models/ssp-es/README.md",opus-mt-ssp-es NMT model.,False
opus-mt-st-en,Helsinki-NLP/opus-mt-st-en,st,en,,,"https://huggingface.co/Helsinki-NLP/opus-mt-st-en, https://github.com/Helsinki-NLP/OPUS-MT-train/blob/master/models/st-en/README.md",opus-mt-st-en NMT model.,False
opus-mt-st-es,Helsinki-NLP/opus-mt-st-es,st,es,,,"https://huggingface.co/Helsinki-NLP/opus-mt-st-es, https://github.com/Helsinki-NLP/OPUS-MT-train/blob/master/models/st-es/README.md",opus-mt-st-es NMT model.,False
opus-mt-st-fi,Helsinki-NLP/opus-mt-st-fi,st,fi,,,"https://huggingface.co/Helsinki-NLP/opus-mt-st-fi, https://github.com/Helsinki-NLP/OPUS-MT-train/blob/master/models/st-fi/README.md",opus-mt-st-fi NMT model.,False
opus-mt-st-fr,Helsinki-NLP/opus-mt-st-fr,st,fr,,,"https://huggingface.co/Helsinki-NLP/opus-mt-st-fr, https://github.com/Helsinki-NLP/OPUS-MT-train/blob/master/models/st-fr/README.md",opus-mt-st-fr NMT model.,False
opus-mt-st-sv,Helsinki-NLP/opus-mt-st-sv,st,sv,,,"https://huggingface.co/Helsinki-NLP/opus-mt-st-sv, https://github.com/Helsinki-NLP/OPUS-MT-train/blob/master/models/st-sv/README.md",opus-mt-st-sv NMT model.,False
opus-mt-sv-NORWAY,Helsinki-NLP/opus-mt-sv-NORWAY,sv,nb_NO nb nn_NO nn nog no_nb no,,,"https://huggingface.co/Helsinki-NLP/opus-mt-sv-NORWAY, https://github.com/Helsinki-NLP/OPUS-MT-train/blob/master/models/sv-nb_NO+nb+nn_NO+nn+nog+no_nb+no/README.md",opus-mt-sv-NORWAY NMT model.,True
opus-mt-sv-ZH,Helsinki-NLP/opus-mt-sv-ZH,sv,cmn cn yue ze_zh zh_cn zh_CN zh_HK zh_tw zh_TW zh_yue zhs zht zh,,,"https://huggingface.co/Helsinki-NLP/opus-mt-sv-ZH, https://github.com/Helsinki-NLP/OPUS-MT-train/blob/master/models/sv-cmn+cn+yue+ze_zh+zh_cn+zh_CN+zh_HK+zh_tw+zh_TW+zh_yue+zhs+zht+zh/README.md",opus-mt-sv-ZH NMT model.,True
opus-mt-sv-af,Helsinki-NLP/opus-mt-sv-af,sv,af,,,"https://huggingface.co/Helsinki-NLP/opus-mt-sv-af, https://github.com/Helsinki-NLP/OPUS-MT-train/blob/master/models/sv-af/README.md",opus-mt-sv-af NMT model.,False
opus-mt-sv-ase,Helsinki-NLP/opus-mt-sv-ase,sv,ase,,,"https://huggingface.co/Helsinki-NLP/opus-mt-sv-ase, https://github.com/Helsinki-NLP/OPUS-MT-train/blob/master/models/sv-ase/README.md",opus-mt-sv-ase NMT model.,False
opus-mt-sv-bcl,Helsinki-NLP/opus-mt-sv-bcl,sv,bcl,,,"https://huggingface.co/Helsinki-NLP/opus-mt-sv-bcl, https://github.com/Helsinki-NLP/OPUS-MT-train/blob/master/models/sv-bcl/README.md",opus-mt-sv-bcl NMT model.,False
opus-mt-sv-bem,Helsinki-NLP/opus-mt-sv-bem,sv,bem,,,"https://huggingface.co/Helsinki-NLP/opus-mt-sv-bem, https://github.com/Helsinki-NLP/OPUS-MT-train/blob/master/models/sv-bem/README.md",opus-mt-sv-bem NMT model.,False
opus-mt-sv-bg,Helsinki-NLP/opus-mt-sv-bg,sv,bg,,,"https://huggingface.co/Helsinki-NLP/opus-mt-sv-bg, https://github.com/Helsinki-NLP/OPUS-MT-train/blob/master/models/sv-bg/README.md",opus-mt-sv-bg NMT model.,False
opus-mt-sv-bi,Helsinki-NLP/opus-mt-sv-bi,sv,bi,,,"https://huggingface.co/Helsinki-NLP/opus-mt-sv-bi, https://github.com/Helsinki-NLP/OPUS-MT-train/blob/master/models/sv-bi/README.md",opus-mt-sv-bi NMT model.,False
opus-mt-sv-bzs,Helsinki-NLP/opus-mt-sv-bzs,sv,bzs,,,"https://huggingface.co/Helsinki-NLP/opus-mt-sv-bzs, https://github.com/Helsinki-NLP/OPUS-MT-train/blob/master/models/sv-bzs/README.md",opus-mt-sv-bzs NMT model.,False
opus-mt-sv-ceb,Helsinki-NLP/opus-mt-sv-ceb,sv,ceb,,,"https://huggingface.co/Helsinki-NLP/opus-mt-sv-ceb, https://github.com/Helsinki-NLP/OPUS-MT-train/blob/master/models/sv-ceb/README.md",opus-mt-sv-ceb NMT model.,False
opus-mt-sv-chk,Helsinki-NLP/opus-mt-sv-chk,sv,chk,,,"https://huggingface.co/Helsinki-NLP/opus-mt-sv-chk, https://github.com/Helsinki-NLP/OPUS-MT-train/blob/master/models/sv-chk/README.md",opus-mt-sv-chk NMT model.,False
opus-mt-sv-crs,Helsinki-NLP/opus-mt-sv-crs,sv,crs,,,"https://huggingface.co/Helsinki-NLP/opus-mt-sv-crs, https://github.com/Helsinki-NLP/OPUS-MT-train/blob/master/models/sv-crs/README.md",opus-mt-sv-crs NMT model.,False
opus-mt-sv-cs,Helsinki-NLP/opus-mt-sv-cs,sv,cs,,,"https://huggingface.co/Helsinki-NLP/opus-mt-sv-cs, https://github.com/Helsinki-NLP/OPUS-MT-train/blob/master/models/sv-cs/README.md",opus-mt-sv-cs NMT model.,False
opus-mt-sv-ee,Helsinki-NLP/opus-mt-sv-ee,sv,ee,,,"https://huggingface.co/Helsinki-NLP/opus-mt-sv-ee, https://github.com/Helsinki-NLP/OPUS-MT-train/blob/master/models/sv-ee/README.md",opus-mt-sv-ee NMT model.,False
opus-mt-sv-efi,Helsinki-NLP/opus-mt-sv-efi,sv,efi,,,"https://huggingface.co/Helsinki-NLP/opus-mt-sv-efi, https://github.com/Helsinki-NLP/OPUS-MT-train/blob/master/models/sv-efi/README.md",opus-mt-sv-efi NMT model.,False
opus-mt-sv-el,Helsinki-NLP/opus-mt-sv-el,sv,el,,,"https://huggingface.co/Helsinki-NLP/opus-mt-sv-el, https://github.com/Helsinki-NLP/OPUS-MT-train/blob/master/models/sv-el/README.md",opus-mt-sv-el NMT model.,False
opus-mt-sv-en,Helsinki-NLP/opus-mt-sv-en,sv,en,,,"https://huggingface.co/Helsinki-NLP/opus-mt-sv-en, https://github.com/Helsinki-NLP/OPUS-MT-train/blob/master/models/sv-en/README.md",opus-mt-sv-en NMT model.,False
opus-mt-sv-eo,Helsinki-NLP/opus-mt-sv-eo,swe,epo,,,"https://huggingface.co/Helsinki-NLP/opus-mt-sv-eo, https://github.com/Helsinki-NLP/Tatoeba-Challenge/tree/master/models/swe-epo/README.md","swe-epo, source group: Swedish, target group: Esperanto NMT model.",False
opus-mt-sv-es,Helsinki-NLP/opus-mt-sv-es,sv,es,,,"https://huggingface.co/Helsinki-NLP/opus-mt-sv-es, https://github.com/Helsinki-NLP/OPUS-MT-train/blob/master/models/sv-es/README.md",opus-mt-sv-es NMT model.,False
opus-mt-sv-et,Helsinki-NLP/opus-mt-sv-et,sv,et,,,"https://huggingface.co/Helsinki-NLP/opus-mt-sv-et, https://github.com/Helsinki-NLP/OPUS-MT-train/blob/master/models/sv-et/README.md",opus-mt-sv-et NMT model.,False
opus-mt-sv-fi,Helsinki-NLP/opus-mt-sv-fi,sv,fi,,,"https://huggingface.co/Helsinki-NLP/opus-mt-sv-fi, https://github.com/Helsinki-NLP/OPUS-MT-train/blob/master/models/sv-fi/README.md",opus-mt-sv-fi NMT model.,False
opus-mt-sv-fj,Helsinki-NLP/opus-mt-sv-fj,sv,fj,,,"https://huggingface.co/Helsinki-NLP/opus-mt-sv-fj, https://github.com/Helsinki-NLP/OPUS-MT-train/blob/master/models/sv-fj/README.md",opus-mt-sv-fj NMT model.,False
opus-mt-sv-fr,Helsinki-NLP/opus-mt-sv-fr,sv,fr,,,"https://huggingface.co/Helsinki-NLP/opus-mt-sv-fr, https://github.com/Helsinki-NLP/OPUS-MT-train/blob/master/models/sv-fr/README.md",opus-mt-sv-fr NMT model.,False
opus-mt-sv-gaa,Helsinki-NLP/opus-mt-sv-gaa,sv,gaa,,,"https://huggingface.co/Helsinki-NLP/opus-mt-sv-gaa, https://github.com/Helsinki-NLP/OPUS-MT-train/blob/master/models/sv-gaa/README.md",opus-mt-sv-gaa NMT model.,False
opus-mt-sv-gil,Helsinki-NLP/opus-mt-sv-gil,sv,gil,,,"https://huggingface.co/Helsinki-NLP/opus-mt-sv-gil, https://github.com/Helsinki-NLP/OPUS-MT-train/blob/master/models/sv-gil/README.md",opus-mt-sv-gil NMT model.,False
opus-mt-sv-guw,Helsinki-NLP/opus-mt-sv-guw,sv,guw,,,"https://huggingface.co/Helsinki-NLP/opus-mt-sv-guw, https://github.com/Helsinki-NLP/OPUS-MT-train/blob/master/models/sv-guw/README.md",opus-mt-sv-guw NMT model.,False
opus-mt-sv-ha,Helsinki-NLP/opus-mt-sv-ha,sv,ha,,,"https://huggingface.co/Helsinki-NLP/opus-mt-sv-ha, https://github.com/Helsinki-NLP/OPUS-MT-train/blob/master/models/sv-ha/README.md",opus-mt-sv-ha NMT model.,False
opus-mt-sv-he,Helsinki-NLP/opus-mt-sv-he,sv,he,,,"https://huggingface.co/Helsinki-NLP/opus-mt-sv-he, https://github.com/Helsinki-NLP/OPUS-MT-train/blob/master/models/sv-he/README.md",opus-mt-sv-he NMT model.,False
opus-mt-sv-hil,Helsinki-NLP/opus-mt-sv-hil,sv,hil,,,"https://huggingface.co/Helsinki-NLP/opus-mt-sv-hil, https://github.com/Helsinki-NLP/OPUS-MT-train/blob/master/models/sv-hil/README.md",opus-mt-sv-hil NMT model.,False
opus-mt-sv-ho,Helsinki-NLP/opus-mt-sv-ho,sv,ho,,,"https://huggingface.co/Helsinki-NLP/opus-mt-sv-ho, https://github.com/Helsinki-NLP/OPUS-MT-train/blob/master/models/sv-ho/README.md",opus-mt-sv-ho NMT model.,False
opus-mt-sv-hr,Helsinki-NLP/opus-mt-sv-hr,sv,hr,,,"https://huggingface.co/Helsinki-NLP/opus-mt-sv-hr, https://github.com/Helsinki-NLP/OPUS-MT-train/blob/master/models/sv-hr/README.md",opus-mt-sv-hr NMT model.,False
opus-mt-sv-ht,Helsinki-NLP/opus-mt-sv-ht,sv,ht,,,"https://huggingface.co/Helsinki-NLP/opus-mt-sv-ht, https://github.com/Helsinki-NLP/OPUS-MT-train/blob/master/models/sv-ht/README.md",opus-mt-sv-ht NMT model.,False
opus-mt-sv-hu,Helsinki-NLP/opus-mt-sv-hu,sv,hu,,,"https://huggingface.co/Helsinki-NLP/opus-mt-sv-hu, https://github.com/Helsinki-NLP/OPUS-MT-train/blob/master/models/sv-hu/README.md",opus-mt-sv-hu NMT model.,False
opus-mt-sv-id,Helsinki-NLP/opus-mt-sv-id,sv,id,,,"https://huggingface.co/Helsinki-NLP/opus-mt-sv-id, https://github.com/Helsinki-NLP/OPUS-MT-train/blob/master/models/sv-id/README.md",opus-mt-sv-id NMT model.,False
opus-mt-sv-ig,Helsinki-NLP/opus-mt-sv-ig,sv,ig,,,"https://huggingface.co/Helsinki-NLP/opus-mt-sv-ig, https://github.com/Helsinki-NLP/OPUS-MT-train/blob/master/models/sv-ig/README.md",opus-mt-sv-ig NMT model.,False
opus-mt-sv-ilo,Helsinki-NLP/opus-mt-sv-ilo,sv,ilo,,,"https://huggingface.co/Helsinki-NLP/opus-mt-sv-ilo, https://github.com/Helsinki-NLP/OPUS-MT-train/blob/master/models/sv-ilo/README.md",opus-mt-sv-ilo NMT model.,False
opus-mt-sv-is,Helsinki-NLP/opus-mt-sv-is,sv,is,,,"https://huggingface.co/Helsinki-NLP/opus-mt-sv-is, https://github.com/Helsinki-NLP/OPUS-MT-train/blob/master/models/sv-is/README.md",opus-mt-sv-is NMT model.,False
opus-mt-sv-iso,Helsinki-NLP/opus-mt-sv-iso,sv,iso,,,"https://huggingface.co/Helsinki-NLP/opus-mt-sv-iso, https://github.com/Helsinki-NLP/OPUS-MT-train/blob/master/models/sv-iso/README.md",opus-mt-sv-iso NMT model.,False
opus-mt-sv-kg,Helsinki-NLP/opus-mt-sv-kg,sv,kg,,,"https://huggingface.co/Helsinki-NLP/opus-mt-sv-kg, https://github.com/Helsinki-NLP/OPUS-MT-train/blob/master/models/sv-kg/README.md",opus-mt-sv-kg NMT model.,False
opus-mt-sv-kqn,Helsinki-NLP/opus-mt-sv-kqn,sv,kqn,,,"https://huggingface.co/Helsinki-NLP/opus-mt-sv-kqn, https://github.com/Helsinki-NLP/OPUS-MT-train/blob/master/models/sv-kqn/README.md",opus-mt-sv-kqn NMT model.,False
opus-mt-sv-kwy,Helsinki-NLP/opus-mt-sv-kwy,sv,kwy,,,"https://huggingface.co/Helsinki-NLP/opus-mt-sv-kwy, https://github.com/Helsinki-NLP/OPUS-MT-train/blob/master/models/sv-kwy/README.md",opus-mt-sv-kwy NMT model.,False
opus-mt-sv-lg,Helsinki-NLP/opus-mt-sv-lg,sv,lg,,,"https://huggingface.co/Helsinki-NLP/opus-mt-sv-lg, https://github.com/Helsinki-NLP/OPUS-MT-train/blob/master/models/sv-lg/README.md",opus-mt-sv-lg NMT model.,False
opus-mt-sv-ln,Helsinki-NLP/opus-mt-sv-ln,sv,ln,,,"https://huggingface.co/Helsinki-NLP/opus-mt-sv-ln, https://github.com/Helsinki-NLP/OPUS-MT-train/blob/master/models/sv-ln/README.md",opus-mt-sv-ln NMT model.,False
opus-mt-sv-lu,Helsinki-NLP/opus-mt-sv-lu,sv,lu,,,"https://huggingface.co/Helsinki-NLP/opus-mt-sv-lu, https://github.com/Helsinki-NLP/OPUS-MT-train/blob/master/models/sv-lu/README.md",opus-mt-sv-lu NMT model.,False
opus-mt-sv-lua,Helsinki-NLP/opus-mt-sv-lua,sv,lua,,,"https://huggingface.co/Helsinki-NLP/opus-mt-sv-lua, https://github.com/Helsinki-NLP/OPUS-MT-train/blob/master/models/sv-lua/README.md",opus-mt-sv-lua NMT model.,False
opus-mt-sv-lue,Helsinki-NLP/opus-mt-sv-lue,sv,lue,,,"https://huggingface.co/Helsinki-NLP/opus-mt-sv-lue, https://github.com/Helsinki-NLP/OPUS-MT-train/blob/master/models/sv-lue/README.md",opus-mt-sv-lue NMT model.,False
opus-mt-sv-lus,Helsinki-NLP/opus-mt-sv-lus,sv,lus,,,"https://huggingface.co/Helsinki-NLP/opus-mt-sv-lus, https://github.com/Helsinki-NLP/OPUS-MT-train/blob/master/models/sv-lus/README.md",opus-mt-sv-lus NMT model.,False
opus-mt-sv-lv,Helsinki-NLP/opus-mt-sv-lv,sv,lv,,,"https://huggingface.co/Helsinki-NLP/opus-mt-sv-lv, https://github.com/Helsinki-NLP/OPUS-MT-train/blob/master/models/sv-lv/README.md",opus-mt-sv-lv NMT model.,False
opus-mt-sv-mfe,Helsinki-NLP/opus-mt-sv-mfe,sv,mfe,,,"https://huggingface.co/Helsinki-NLP/opus-mt-sv-mfe, https://github.com/Helsinki-NLP/OPUS-MT-train/blob/master/models/sv-mfe/README.md",opus-mt-sv-mfe NMT model.,False
opus-mt-sv-mh,Helsinki-NLP/opus-mt-sv-mh,sv,mh,,,"https://huggingface.co/Helsinki-NLP/opus-mt-sv-mh, https://github.com/Helsinki-NLP/OPUS-MT-train/blob/master/models/sv-mh/README.md",opus-mt-sv-mh NMT model.,False
opus-mt-sv-mos,Helsinki-NLP/opus-mt-sv-mos,sv,mos,,,"https://huggingface.co/Helsinki-NLP/opus-mt-sv-mos, https://github.com/Helsinki-NLP/OPUS-MT-train/blob/master/models/sv-mos/README.md",opus-mt-sv-mos NMT model.,False
opus-mt-sv-mt,Helsinki-NLP/opus-mt-sv-mt,sv,mt,,,"https://huggingface.co/Helsinki-NLP/opus-mt-sv-mt, https://github.com/Helsinki-NLP/OPUS-MT-train/blob/master/models/sv-mt/README.md",opus-mt-sv-mt NMT model.,False
opus-mt-sv-niu,Helsinki-NLP/opus-mt-sv-niu,sv,niu,,,"https://huggingface.co/Helsinki-NLP/opus-mt-sv-niu, https://github.com/Helsinki-NLP/OPUS-MT-train/blob/master/models/sv-niu/README.md",opus-mt-sv-niu NMT model.,False
opus-mt-sv-nl,Helsinki-NLP/opus-mt-sv-nl,sv,nl,,,"https://huggingface.co/Helsinki-NLP/opus-mt-sv-nl, https://github.com/Helsinki-NLP/OPUS-MT-train/blob/master/models/sv-nl/README.md",opus-mt-sv-nl NMT model.,False
opus-mt-sv-no,Helsinki-NLP/opus-mt-sv-no,swe,nno nob,,,"https://huggingface.co/Helsinki-NLP/opus-mt-sv-no, https://github.com/Helsinki-NLP/Tatoeba-Challenge/tree/master/models/swe-nor/README.md","swe-nor, source group: Swedish, target group: Norwegian NMT model.",True
opus-mt-sv-nso,Helsinki-NLP/opus-mt-sv-nso,sv,nso,,,"https://huggingface.co/Helsinki-NLP/opus-mt-sv-nso, https://github.com/Helsinki-NLP/OPUS-MT-train/blob/master/models/sv-nso/README.md",opus-mt-sv-nso NMT model.,False
opus-mt-sv-ny,Helsinki-NLP/opus-mt-sv-ny,sv,ny,,,"https://huggingface.co/Helsinki-NLP/opus-mt-sv-ny, https://github.com/Helsinki-NLP/OPUS-MT-train/blob/master/models/sv-ny/README.md",opus-mt-sv-ny NMT model.,False
opus-mt-sv-pag,Helsinki-NLP/opus-mt-sv-pag,sv,pag,,,"https://huggingface.co/Helsinki-NLP/opus-mt-sv-pag, https://github.com/Helsinki-NLP/OPUS-MT-train/blob/master/models/sv-pag/README.md",opus-mt-sv-pag NMT model.,False
opus-mt-sv-pap,Helsinki-NLP/opus-mt-sv-pap,sv,pap,,,"https://huggingface.co/Helsinki-NLP/opus-mt-sv-pap, https://github.com/Helsinki-NLP/OPUS-MT-train/blob/master/models/sv-pap/README.md",opus-mt-sv-pap NMT model.,False
opus-mt-sv-pis,Helsinki-NLP/opus-mt-sv-pis,sv,pis,,,"https://huggingface.co/Helsinki-NLP/opus-mt-sv-pis, https://github.com/Helsinki-NLP/OPUS-MT-train/blob/master/models/sv-pis/README.md",opus-mt-sv-pis NMT model.,False
opus-mt-sv-pon,Helsinki-NLP/opus-mt-sv-pon,sv,pon,,,"https://huggingface.co/Helsinki-NLP/opus-mt-sv-pon, https://github.com/Helsinki-NLP/OPUS-MT-train/blob/master/models/sv-pon/README.md",opus-mt-sv-pon NMT model.,False
opus-mt-sv-rnd,Helsinki-NLP/opus-mt-sv-rnd,sv,rnd,,,"https://huggingface.co/Helsinki-NLP/opus-mt-sv-rnd, https://github.com/Helsinki-NLP/OPUS-MT-train/blob/master/models/sv-rnd/README.md",opus-mt-sv-rnd NMT model.,False
opus-mt-sv-ro,Helsinki-NLP/opus-mt-sv-ro,sv,ro,,,"https://huggingface.co/Helsinki-NLP/opus-mt-sv-ro, https://github.com/Helsinki-NLP/OPUS-MT-train/blob/master/models/sv-ro/README.md",opus-mt-sv-ro NMT model.,False
opus-mt-sv-ru,Helsinki-NLP/opus-mt-sv-ru,sv,ru,,,"https://huggingface.co/Helsinki-NLP/opus-mt-sv-ru, https://github.com/Helsinki-NLP/OPUS-MT-train/blob/master/models/sv-ru/README.md",opus-mt-sv-ru NMT model.,False
opus-mt-sv-run,Helsinki-NLP/opus-mt-sv-run,sv,run,,,"https://huggingface.co/Helsinki-NLP/opus-mt-sv-run, https://github.com/Helsinki-NLP/OPUS-MT-train/blob/master/models/sv-run/README.md",opus-mt-sv-run NMT model.,False
opus-mt-sv-rw,Helsinki-NLP/opus-mt-sv-rw,sv,rw,,,"https://huggingface.co/Helsinki-NLP/opus-mt-sv-rw, https://github.com/Helsinki-NLP/OPUS-MT-train/blob/master/models/sv-rw/README.md",opus-mt-sv-rw NMT model.,False
opus-mt-sv-sg,Helsinki-NLP/opus-mt-sv-sg,sv,sg,,,"https://huggingface.co/Helsinki-NLP/opus-mt-sv-sg, https://github.com/Helsinki-NLP/OPUS-MT-train/blob/master/models/sv-sg/README.md",opus-mt-sv-sg NMT model.,False
opus-mt-sv-sk,Helsinki-NLP/opus-mt-sv-sk,sv,sk,,,"https://huggingface.co/Helsinki-NLP/opus-mt-sv-sk, https://github.com/Helsinki-NLP/OPUS-MT-train/blob/master/models/sv-sk/README.md",opus-mt-sv-sk NMT model.,False
opus-mt-sv-sl,Helsinki-NLP/opus-mt-sv-sl,sv,sl,,,"https://huggingface.co/Helsinki-NLP/opus-mt-sv-sl, https://github.com/Helsinki-NLP/OPUS-MT-train/blob/master/models/sv-sl/README.md",opus-mt-sv-sl NMT model.,False
opus-mt-sv-sm,Helsinki-NLP/opus-mt-sv-sm,sv,sm,,,"https://huggingface.co/Helsinki-NLP/opus-mt-sv-sm, https://github.com/Helsinki-NLP/OPUS-MT-train/blob/master/models/sv-sm/README.md",opus-mt-sv-sm NMT model.,False
opus-mt-sv-sn,Helsinki-NLP/opus-mt-sv-sn,sv,sn,,,"https://huggingface.co/Helsinki-NLP/opus-mt-sv-sn, https://github.com/Helsinki-NLP/OPUS-MT-train/blob/master/models/sv-sn/README.md",opus-mt-sv-sn NMT model.,False
opus-mt-sv-sq,Helsinki-NLP/opus-mt-sv-sq,sv,sq,,,"https://huggingface.co/Helsinki-NLP/opus-mt-sv-sq, https://github.com/Helsinki-NLP/OPUS-MT-train/blob/master/models/sv-sq/README.md",opus-mt-sv-sq NMT model.,False
opus-mt-sv-srn,Helsinki-NLP/opus-mt-sv-srn,sv,srn,,,"https://huggingface.co/Helsinki-NLP/opus-mt-sv-srn, https://github.com/Helsinki-NLP/OPUS-MT-train/blob/master/models/sv-srn/README.md",opus-mt-sv-srn NMT model.,False
opus-mt-sv-st,Helsinki-NLP/opus-mt-sv-st,sv,st,,,"https://huggingface.co/Helsinki-NLP/opus-mt-sv-st, https://github.com/Helsinki-NLP/OPUS-MT-train/blob/master/models/sv-st/README.md",opus-mt-sv-st NMT model.,False
opus-mt-sv-sv,Helsinki-NLP/opus-mt-sv-sv,sv,sv,,,"https://huggingface.co/Helsinki-NLP/opus-mt-sv-sv, https://github.com/Helsinki-NLP/OPUS-MT-train/blob/master/models/sv-sv/README.md",opus-mt-sv-sv NMT model.,False
opus-mt-sv-swc,Helsinki-NLP/opus-mt-sv-swc,sv,swc,,,"https://huggingface.co/Helsinki-NLP/opus-mt-sv-swc, https://github.com/Helsinki-NLP/OPUS-MT-train/blob/master/models/sv-swc/README.md",opus-mt-sv-swc NMT model.,False
opus-mt-sv-th,Helsinki-NLP/opus-mt-sv-th,sv,th,,,"https://huggingface.co/Helsinki-NLP/opus-mt-sv-th, https://github.com/Helsinki-NLP/OPUS-MT-train/blob/master/models/sv-th/README.md",opus-mt-sv-th NMT model.,False
opus-mt-sv-tiv,Helsinki-NLP/opus-mt-sv-tiv,sv,tiv,,,"https://huggingface.co/Helsinki-NLP/opus-mt-sv-tiv, https://github.com/Helsinki-NLP/OPUS-MT-train/blob/master/models/sv-tiv/README.md",opus-mt-sv-tiv NMT model.,False
opus-mt-sv-tll,Helsinki-NLP/opus-mt-sv-tll,sv,tll,,,"https://huggingface.co/Helsinki-NLP/opus-mt-sv-tll, https://github.com/Helsinki-NLP/OPUS-MT-train/blob/master/models/sv-tll/README.md",opus-mt-sv-tll NMT model.,False
opus-mt-sv-tn,Helsinki-NLP/opus-mt-sv-tn,sv,tn,,,"https://huggingface.co/Helsinki-NLP/opus-mt-sv-tn, https://github.com/Helsinki-NLP/OPUS-MT-train/blob/master/models/sv-tn/README.md",opus-mt-sv-tn NMT model.,False
opus-mt-sv-to,Helsinki-NLP/opus-mt-sv-to,sv,to,,,"https://huggingface.co/Helsinki-NLP/opus-mt-sv-to, https://github.com/Helsinki-NLP/OPUS-MT-train/blob/master/models/sv-to/README.md",opus-mt-sv-to NMT model.,False
opus-mt-sv-toi,Helsinki-NLP/opus-mt-sv-toi,sv,toi,,,"https://huggingface.co/Helsinki-NLP/opus-mt-sv-toi, https://github.com/Helsinki-NLP/OPUS-MT-train/blob/master/models/sv-toi/README.md",opus-mt-sv-toi NMT model.,False
opus-mt-sv-tpi,Helsinki-NLP/opus-mt-sv-tpi,sv,tpi,,,"https://huggingface.co/Helsinki-NLP/opus-mt-sv-tpi, https://github.com/Helsinki-NLP/OPUS-MT-train/blob/master/models/sv-tpi/README.md",opus-mt-sv-tpi NMT model.,False
opus-mt-sv-ts,Helsinki-NLP/opus-mt-sv-ts,sv,ts,,,"https://huggingface.co/Helsinki-NLP/opus-mt-sv-ts, https://github.com/Helsinki-NLP/OPUS-MT-train/blob/master/models/sv-ts/README.md",opus-mt-sv-ts NMT model.,False
opus-mt-sv-tum,Helsinki-NLP/opus-mt-sv-tum,sv,tum,,,"https://huggingface.co/Helsinki-NLP/opus-mt-sv-tum, https://github.com/Helsinki-NLP/OPUS-MT-train/blob/master/models/sv-tum/README.md",opus-mt-sv-tum NMT model.,False
opus-mt-sv-tvl,Helsinki-NLP/opus-mt-sv-tvl,sv,tvl,,,"https://huggingface.co/Helsinki-NLP/opus-mt-sv-tvl, https://github.com/Helsinki-NLP/OPUS-MT-train/blob/master/models/sv-tvl/README.md",opus-mt-sv-tvl NMT model.,False
opus-mt-sv-tw,Helsinki-NLP/opus-mt-sv-tw,sv,tw,,,"https://huggingface.co/Helsinki-NLP/opus-mt-sv-tw, https://github.com/Helsinki-NLP/OPUS-MT-train/blob/master/models/sv-tw/README.md",opus-mt-sv-tw NMT model.,False
opus-mt-sv-ty,Helsinki-NLP/opus-mt-sv-ty,sv,ty,,,"https://huggingface.co/Helsinki-NLP/opus-mt-sv-ty, https://github.com/Helsinki-NLP/OPUS-MT-train/blob/master/models/sv-ty/README.md",opus-mt-sv-ty NMT model.,False
opus-mt-sv-uk,Helsinki-NLP/opus-mt-sv-uk,sv,uk,,,"https://huggingface.co/Helsinki-NLP/opus-mt-sv-uk, https://github.com/Helsinki-NLP/OPUS-MT-train/blob/master/models/sv-uk/README.md",opus-mt-sv-uk NMT model.,False
opus-mt-sv-umb,Helsinki-NLP/opus-mt-sv-umb,sv,umb,,,"https://huggingface.co/Helsinki-NLP/opus-mt-sv-umb, https://github.com/Helsinki-NLP/OPUS-MT-train/blob/master/models/sv-umb/README.md",opus-mt-sv-umb NMT model.,False
opus-mt-sv-ve,Helsinki-NLP/opus-mt-sv-ve,sv,ve,,,"https://huggingface.co/Helsinki-NLP/opus-mt-sv-ve, https://github.com/Helsinki-NLP/OPUS-MT-train/blob/master/models/sv-ve/README.md",opus-mt-sv-ve NMT model.,False
opus-mt-sv-war,Helsinki-NLP/opus-mt-sv-war,sv,war,,,"https://huggingface.co/Helsinki-NLP/opus-mt-sv-war, https://github.com/Helsinki-NLP/OPUS-MT-train/blob/master/models/sv-war/README.md",opus-mt-sv-war NMT model.,False
opus-mt-sv-wls,Helsinki-NLP/opus-mt-sv-wls,sv,wls,,,"https://huggingface.co/Helsinki-NLP/opus-mt-sv-wls, https://github.com/Helsinki-NLP/OPUS-MT-train/blob/master/models/sv-wls/README.md",opus-mt-sv-wls NMT model.,False
opus-mt-sv-xh,Helsinki-NLP/opus-mt-sv-xh,sv,xh,,,"https://huggingface.co/Helsinki-NLP/opus-mt-sv-xh, https://github.com/Helsinki-NLP/OPUS-MT-train/blob/master/models/sv-xh/README.md",opus-mt-sv-xh NMT model.,False
opus-mt-sv-yap,Helsinki-NLP/opus-mt-sv-yap,sv,yap,,,"https://huggingface.co/Helsinki-NLP/opus-mt-sv-yap, https://github.com/Helsinki-NLP/OPUS-MT-train/blob/master/models/sv-yap/README.md",opus-mt-sv-yap NMT model.,False
opus-mt-sv-yo,Helsinki-NLP/opus-mt-sv-yo,sv,yo,,,"https://huggingface.co/Helsinki-NLP/opus-mt-sv-yo, https://github.com/Helsinki-NLP/OPUS-MT-train/blob/master/models/sv-yo/README.md",opus-mt-sv-yo NMT model.,False
opus-mt-sv-zne,Helsinki-NLP/opus-mt-sv-zne,sv,zne,,,"https://huggingface.co/Helsinki-NLP/opus-mt-sv-zne, https://github.com/Helsinki-NLP/OPUS-MT-train/blob/master/models/sv-zne/README.md",opus-mt-sv-zne NMT model.,False
opus-mt-swc-en,Helsinki-NLP/opus-mt-swc-en,swc,en,,,"https://huggingface.co/Helsinki-NLP/opus-mt-swc-en, https://github.com/Helsinki-NLP/OPUS-MT-train/blob/master/models/swc-en/README.md",opus-mt-swc-en NMT model.,False
opus-mt-swc-es,Helsinki-NLP/opus-mt-swc-es,swc,es,,,"https://huggingface.co/Helsinki-NLP/opus-mt-swc-es, https://github.com/Helsinki-NLP/OPUS-MT-train/blob/master/models/swc-es/README.md",opus-mt-swc-es NMT model.,False
opus-mt-swc-fi,Helsinki-NLP/opus-mt-swc-fi,swc,fi,,,"https://huggingface.co/Helsinki-NLP/opus-mt-swc-fi, https://github.com/Helsinki-NLP/OPUS-MT-train/blob/master/models/swc-fi/README.md",opus-mt-swc-fi NMT model.,False
opus-mt-swc-fr,Helsinki-NLP/opus-mt-swc-fr,swc,fr,,,"https://huggingface.co/Helsinki-NLP/opus-mt-swc-fr, https://github.com/Helsinki-NLP/OPUS-MT-train/blob/master/models/swc-fr/README.md",opus-mt-swc-fr NMT model.,False
opus-mt-swc-sv,Helsinki-NLP/opus-mt-swc-sv,swc,sv,,,"https://huggingface.co/Helsinki-NLP/opus-mt-swc-sv, https://github.com/Helsinki-NLP/OPUS-MT-train/blob/master/models/swc-sv/README.md",opus-mt-swc-sv NMT model.,False
opus-mt-taw-en,Helsinki-NLP/opus-mt-taw-en,lao tha,eng,,,"https://huggingface.co/Helsinki-NLP/opus-mt-taw-en, https://github.com/Helsinki-NLP/Tatoeba-Challenge/tree/master/models/taw-eng/README.md","taw-eng, source group: Tai, target group: English NMT model.",False
opus-mt-th-en,Helsinki-NLP/opus-mt-th-en,tha,eng,,,"https://huggingface.co/Helsinki-NLP/opus-mt-th-en, https://github.com/Helsinki-NLP/Tatoeba-Challenge/tree/master/models/tha-eng/README.md","tha-eng, source group: Thai, target group: English NMT model.",False
opus-mt-th-fr,Helsinki-NLP/opus-mt-th-fr,th,fr,,,"https://huggingface.co/Helsinki-NLP/opus-mt-th-fr, https://github.com/Helsinki-NLP/OPUS-MT-train/blob/master/models/th-fr/README.md",opus-mt-th-fr NMT model.,False
opus-mt-ti-en,Helsinki-NLP/opus-mt-ti-en,ti,en,,,"https://huggingface.co/Helsinki-NLP/opus-mt-ti-en, https://github.com/Helsinki-NLP/OPUS-MT-train/blob/master/models/ti-en/README.md",opus-mt-ti-en NMT model.,False
opus-mt-tiv-en,Helsinki-NLP/opus-mt-tiv-en,tiv,en,,,"https://huggingface.co/Helsinki-NLP/opus-mt-tiv-en, https://github.com/Helsinki-NLP/OPUS-MT-train/blob/master/models/tiv-en/README.md",opus-mt-tiv-en NMT model.,False
opus-mt-tiv-fr,Helsinki-NLP/opus-mt-tiv-fr,tiv,fr,,,"https://huggingface.co/Helsinki-NLP/opus-mt-tiv-fr, https://github.com/Helsinki-NLP/OPUS-MT-train/blob/master/models/tiv-fr/README.md",opus-mt-tiv-fr NMT model.,False
opus-mt-tiv-sv,Helsinki-NLP/opus-mt-tiv-sv,tiv,sv,,,"https://huggingface.co/Helsinki-NLP/opus-mt-tiv-sv, https://github.com/Helsinki-NLP/OPUS-MT-train/blob/master/models/tiv-sv/README.md",opus-mt-tiv-sv NMT model.,False
opus-mt-tl-de,Helsinki-NLP/opus-mt-tl-de,tgl_Latn,deu,,,"https://huggingface.co/Helsinki-NLP/opus-mt-tl-de, https://github.com/Helsinki-NLP/Tatoeba-Challenge/tree/master/models/tgl-deu/README.md","tgl-deu, source group: Tagalog, target group: German NMT model.",False
opus-mt-tl-en,Helsinki-NLP/opus-mt-tl-en,tgl_Latn,eng,,,"https://huggingface.co/Helsinki-NLP/opus-mt-tl-en, https://github.com/Helsinki-NLP/Tatoeba-Challenge/tree/master/models/tgl-eng/README.md","tgl-eng, source group: Tagalog, target group: English NMT model.",False
opus-mt-tl-es,Helsinki-NLP/opus-mt-tl-es,tgl_Latn,spa,,,"https://huggingface.co/Helsinki-NLP/opus-mt-tl-es, https://github.com/Helsinki-NLP/Tatoeba-Challenge/tree/master/models/tgl-spa/README.md","tgl-spa, source group: Tagalog, target group: Spanish NMT model.",False
opus-mt-tl-pt,Helsinki-NLP/opus-mt-tl-pt,tgl_Latn,por,,,"https://huggingface.co/Helsinki-NLP/opus-mt-tl-pt, https://github.com/Helsinki-NLP/Tatoeba-Challenge/tree/master/models/tgl-por/README.md","tgl-por, source group: Tagalog, target group: Portuguese NMT model.",False
opus-mt-tll-en,Helsinki-NLP/opus-mt-tll-en,tll,en,,,"https://huggingface.co/Helsinki-NLP/opus-mt-tll-en, https://github.com/Helsinki-NLP/OPUS-MT-train/blob/master/models/tll-en/README.md",opus-mt-tll-en NMT model.,False
opus-mt-tll-es,Helsinki-NLP/opus-mt-tll-es,tll,es,,,"https://huggingface.co/Helsinki-NLP/opus-mt-tll-es, https://github.com/Helsinki-NLP/OPUS-MT-train/blob/master/models/tll-es/README.md",opus-mt-tll-es NMT model.,False
opus-mt-tll-fi,Helsinki-NLP/opus-mt-tll-fi,tll,fi,,,"https://huggingface.co/Helsinki-NLP/opus-mt-tll-fi, https://github.com/Helsinki-NLP/OPUS-MT-train/blob/master/models/tll-fi/README.md",opus-mt-tll-fi NMT model.,False
opus-mt-tll-fr,Helsinki-NLP/opus-mt-tll-fr,tll,fr,,,"https://huggingface.co/Helsinki-NLP/opus-mt-tll-fr, https://github.com/Helsinki-NLP/OPUS-MT-train/blob/master/models/tll-fr/README.md",opus-mt-tll-fr NMT model.,False
opus-mt-tll-sv,Helsinki-NLP/opus-mt-tll-sv,tll,sv,,,"https://huggingface.co/Helsinki-NLP/opus-mt-tll-sv, https://github.com/Helsinki-NLP/OPUS-MT-train/blob/master/models/tll-sv/README.md",opus-mt-tll-sv NMT model.,False
opus-mt-tn-en,Helsinki-NLP/opus-mt-tn-en,tn,en,,,"https://huggingface.co/Helsinki-NLP/opus-mt-tn-en, https://github.com/Helsinki-NLP/OPUS-MT-train/blob/master/models/tn-en/README.md",opus-mt-tn-en NMT model.,False
opus-mt-tn-es,Helsinki-NLP/opus-mt-tn-es,tn,es,,,"https://huggingface.co/Helsinki-NLP/opus-mt-tn-es, https://github.com/Helsinki-NLP/OPUS-MT-train/blob/master/models/tn-es/README.md",opus-mt-tn-es NMT model.,False
opus-mt-tn-fr,Helsinki-NLP/opus-mt-tn-fr,tn,fr,,,"https://huggingface.co/Helsinki-NLP/opus-mt-tn-fr, https://github.com/Helsinki-NLP/OPUS-MT-train/blob/master/models/tn-fr/README.md",opus-mt-tn-fr NMT model.,False
opus-mt-tn-sv,Helsinki-NLP/opus-mt-tn-sv,tn,sv,,,"https://huggingface.co/Helsinki-NLP/opus-mt-tn-sv, https://github.com/Helsinki-NLP/OPUS-MT-train/blob/master/models/tn-sv/README.md",opus-mt-tn-sv NMT model.,False
opus-mt-to-en,Helsinki-NLP/opus-mt-to-en,to,en,,,"https://huggingface.co/Helsinki-NLP/opus-mt-to-en, https://github.com/Helsinki-NLP/OPUS-MT-train/blob/master/models/to-en/README.md",opus-mt-to-en NMT model.,False
opus-mt-to-es,Helsinki-NLP/opus-mt-to-es,to,es,,,"https://huggingface.co/Helsinki-NLP/opus-mt-to-es, https://github.com/Helsinki-NLP/OPUS-MT-train/blob/master/models/to-es/README.md",opus-mt-to-es NMT model.,False
opus-mt-to-fr,Helsinki-NLP/opus-mt-to-fr,to,fr,,,"https://huggingface.co/Helsinki-NLP/opus-mt-to-fr, https://github.com/Helsinki-NLP/OPUS-MT-train/blob/master/models/to-fr/README.md",opus-mt-to-fr NMT model.,False
opus-mt-to-sv,Helsinki-NLP/opus-mt-to-sv,to,sv,,,"https://huggingface.co/Helsinki-NLP/opus-mt-to-sv, https://github.com/Helsinki-NLP/OPUS-MT-train/blob/master/models/to-sv/README.md",opus-mt-to-sv NMT model.,False
opus-mt-toi-en,Helsinki-NLP/opus-mt-toi-en,toi,en,,,"https://huggingface.co/Helsinki-NLP/opus-mt-toi-en, https://github.com/Helsinki-NLP/OPUS-MT-train/blob/master/models/toi-en/README.md",opus-mt-toi-en NMT model.,False
opus-mt-toi-es,Helsinki-NLP/opus-mt-toi-es,toi,es,,,"https://huggingface.co/Helsinki-NLP/opus-mt-toi-es, https://github.com/Helsinki-NLP/OPUS-MT-train/blob/master/models/toi-es/README.md",opus-mt-toi-es NMT model.,False
opus-mt-toi-fi,Helsinki-NLP/opus-mt-toi-fi,toi,fi,,,"https://huggingface.co/Helsinki-NLP/opus-mt-toi-fi, https://github.com/Helsinki-NLP/OPUS-MT-train/blob/master/models/toi-fi/README.md",opus-mt-toi-fi NMT model.,False
opus-mt-toi-fr,Helsinki-NLP/opus-mt-toi-fr,toi,fr,,,"https://huggingface.co/Helsinki-NLP/opus-mt-toi-fr, https://github.com/Helsinki-NLP/OPUS-MT-train/blob/master/models/toi-fr/README.md",opus-mt-toi-fr NMT model.,False
opus-mt-toi-sv,Helsinki-NLP/opus-mt-toi-sv,toi,sv,,,"https://huggingface.co/Helsinki-NLP/opus-mt-toi-sv, https://github.com/Helsinki-NLP/OPUS-MT-train/blob/master/models/toi-sv/README.md",opus-mt-toi-sv NMT model.,False
opus-mt-tpi-en,Helsinki-NLP/opus-mt-tpi-en,tpi,en,,,"https://huggingface.co/Helsinki-NLP/opus-mt-tpi-en, https://github.com/Helsinki-NLP/OPUS-MT-train/blob/master/models/tpi-en/README.md",opus-mt-tpi-en NMT model.,False
opus-mt-tpi-sv,Helsinki-NLP/opus-mt-tpi-sv,tpi,sv,,,"https://huggingface.co/Helsinki-NLP/opus-mt-tpi-sv, https://github.com/Helsinki-NLP/OPUS-MT-train/blob/master/models/tpi-sv/README.md",opus-mt-tpi-sv NMT model.,False
opus-mt-tr-ar,Helsinki-NLP/opus-mt-tr-ar,tur,apc_Latn ara ara_Latn arq_Latn,,,"https://huggingface.co/Helsinki-NLP/opus-mt-tr-ar, https://github.com/Helsinki-NLP/Tatoeba-Challenge/tree/master/models/tur-ara/README.md","tur-ara, source group: Turkish, target group: Arabic NMT model.",True
opus-mt-tr-az,Helsinki-NLP/opus-mt-tr-az,tur,aze_Latn,,,"https://huggingface.co/Helsinki-NLP/opus-mt-tr-az, https://github.com/Helsinki-NLP/Tatoeba-Challenge/tree/master/models/tur-aze/README.md","tur-aze, source group: Turkish, target group: Azerbaijani NMT model.",False
opus-mt-tr-en,Helsinki-NLP/opus-mt-tr-en,tr,en,,,"https://huggingface.co/Helsinki-NLP/opus-mt-tr-en, https://github.com/Helsinki-NLP/OPUS-MT-train/blob/master/models/tr-en/README.md",opus-mt-tr-en NMT model.,False
opus-mt-tr-eo,Helsinki-NLP/opus-mt-tr-eo,tur,epo,,,"https://huggingface.co/Helsinki-NLP/opus-mt-tr-eo, https://github.com/Helsinki-NLP/Tatoeba-Challenge/tree/master/models/tur-epo/README.md","tur-epo, source group: Turkish, target group: Esperanto NMT model.",False
opus-mt-tr-es,Helsinki-NLP/opus-mt-tr-es,tr,es,,,"https://huggingface.co/Helsinki-NLP/opus-mt-tr-es, https://github.com/Helsinki-NLP/OPUS-MT-train/blob/master/models/tr-es/README.md",opus-mt-tr-es NMT model.,False
opus-mt-tr-fr,Helsinki-NLP/opus-mt-tr-fr,tr,fr,,,"https://huggingface.co/Helsinki-NLP/opus-mt-tr-fr, https://github.com/Helsinki-NLP/OPUS-MT-train/blob/master/models/tr-fr/README.md",opus-mt-tr-fr NMT model.,False
opus-mt-tr-lt,Helsinki-NLP/opus-mt-tr-lt,tur,lit,,,"https://huggingface.co/Helsinki-NLP/opus-mt-tr-lt, https://github.com/Helsinki-NLP/Tatoeba-Challenge/tree/master/models/tur-lit/README.md","tur-lit, source group: Turkish, target group: Lithuanian NMT model.",False
opus-mt-tr-sv,Helsinki-NLP/opus-mt-tr-sv,tr,sv,,,"https://huggingface.co/Helsinki-NLP/opus-mt-tr-sv, https://github.com/Helsinki-NLP/OPUS-MT-train/blob/master/models/tr-sv/README.md",opus-mt-tr-sv NMT model.,False
opus-mt-tr-uk,Helsinki-NLP/opus-mt-tr-uk,tur,ukr,,,"https://huggingface.co/Helsinki-NLP/opus-mt-tr-uk, https://github.com/Helsinki-NLP/Tatoeba-Challenge/tree/master/models/tur-ukr/README.md","tur-ukr, source group: Turkish, target group: Ukrainian NMT model.",False
opus-mt-trk-en,Helsinki-NLP/opus-mt-trk-en,aze_Latn bak chv crh crh_Latn kaz_Cyrl kaz_Latn kir_Cyrl kjh kum ota_Arab ota_Latn sah tat tat_Arab tat_Latn tuk tuk_Latn tur tyv uig_Arab uig_Cyrl uzb_Cyrl uzb_Latn,eng,,,"https://huggingface.co/Helsinki-NLP/opus-mt-trk-en, https://github.com/Helsinki-NLP/Tatoeba-Challenge/tree/master/models/trk-eng/README.md","trk-eng, source group: Turkic languages, target group: English NMT model.",False
opus-mt-ts-en,Helsinki-NLP/opus-mt-ts-en,ts,en,,,"https://huggingface.co/Helsinki-NLP/opus-mt-ts-en, https://github.com/Helsinki-NLP/OPUS-MT-train/blob/master/models/ts-en/README.md",opus-mt-ts-en NMT model.,False
opus-mt-ts-es,Helsinki-NLP/opus-mt-ts-es,ts,es,,,"https://huggingface.co/Helsinki-NLP/opus-mt-ts-es, https://github.com/Helsinki-NLP/OPUS-MT-train/blob/master/models/ts-es/README.md",opus-mt-ts-es NMT model.,False
opus-mt-ts-fi,Helsinki-NLP/opus-mt-ts-fi,ts,fi,,,"https://huggingface.co/Helsinki-NLP/opus-mt-ts-fi, https://github.com/Helsinki-NLP/OPUS-MT-train/blob/master/models/ts-fi/README.md",opus-mt-ts-fi NMT model.,False
opus-mt-ts-fr,Helsinki-NLP/opus-mt-ts-fr,ts,fr,,,"https://huggingface.co/Helsinki-NLP/opus-mt-ts-fr, https://github.com/Helsinki-NLP/OPUS-MT-train/blob/master/models/ts-fr/README.md",opus-mt-ts-fr NMT model.,False
opus-mt-ts-sv,Helsinki-NLP/opus-mt-ts-sv,ts,sv,,,"https://huggingface.co/Helsinki-NLP/opus-mt-ts-sv, https://github.com/Helsinki-NLP/OPUS-MT-train/blob/master/models/ts-sv/README.md",opus-mt-ts-sv NMT model.,False
opus-mt-tum-en,Helsinki-NLP/opus-mt-tum-en,tum,en,,,"https://huggingface.co/Helsinki-NLP/opus-mt-tum-en, https://github.com/Helsinki-NLP/OPUS-MT-train/blob/master/models/tum-en/README.md",opus-mt-tum-en NMT model.,False
opus-mt-tum-es,Helsinki-NLP/opus-mt-tum-es,tum,es,,,"https://huggingface.co/Helsinki-NLP/opus-mt-tum-es, https://github.com/Helsinki-NLP/OPUS-MT-train/blob/master/models/tum-es/README.md",opus-mt-tum-es NMT model.,False
opus-mt-tum-fr,Helsinki-NLP/opus-mt-tum-fr,tum,fr,,,"https://huggingface.co/Helsinki-NLP/opus-mt-tum-fr, https://github.com/Helsinki-NLP/OPUS-MT-train/blob/master/models/tum-fr/README.md",opus-mt-tum-fr NMT model.,False
opus-mt-tum-sv,Helsinki-NLP/opus-mt-tum-sv,tum,sv,,,"https://huggingface.co/Helsinki-NLP/opus-mt-tum-sv, https://github.com/Helsinki-NLP/OPUS-MT-train/blob/master/models/tum-sv/README.md",opus-mt-tum-sv NMT model.,False
opus-mt-tvl-en,Helsinki-NLP/opus-mt-tvl-en,tvl,en,,,"https://huggingface.co/Helsinki-NLP/opus-mt-tvl-en, https://github.com/Helsinki-NLP/OPUS-MT-train/blob/master/models/tvl-en/README.md",opus-mt-tvl-en NMT model.,False
opus-mt-tvl-es,Helsinki-NLP/opus-mt-tvl-es,tvl,es,,,"https://huggingface.co/Helsinki-NLP/opus-mt-tvl-es, https://github.com/Helsinki-NLP/OPUS-MT-train/blob/master/models/tvl-es/README.md",opus-mt-tvl-es NMT model.,False
opus-mt-tvl-fi,Helsinki-NLP/opus-mt-tvl-fi,tvl,fi,,,"https://huggingface.co/Helsinki-NLP/opus-mt-tvl-fi, https://github.com/Helsinki-NLP/OPUS-MT-train/blob/master/models/tvl-fi/README.md",opus-mt-tvl-fi NMT model.,False
opus-mt-tvl-fr,Helsinki-NLP/opus-mt-tvl-fr,tvl,fr,,,"https://huggingface.co/Helsinki-NLP/opus-mt-tvl-fr, https://github.com/Helsinki-NLP/OPUS-MT-train/blob/master/models/tvl-fr/README.md",opus-mt-tvl-fr NMT model.,False
opus-mt-tvl-sv,Helsinki-NLP/opus-mt-tvl-sv,tvl,sv,,,"https://huggingface.co/Helsinki-NLP/opus-mt-tvl-sv, https://github.com/Helsinki-NLP/OPUS-MT-train/blob/master/models/tvl-sv/README.md",opus-mt-tvl-sv NMT model.,False
opus-mt-tw-es,Helsinki-NLP/opus-mt-tw-es,tw,es,,,"https://huggingface.co/Helsinki-NLP/opus-mt-tw-es, https://github.com/Helsinki-NLP/OPUS-MT-train/blob/master/models/tw-es/README.md",opus-mt-tw-es NMT model.,False
opus-mt-tw-fi,Helsinki-NLP/opus-mt-tw-fi,tw,fi,,,"https://huggingface.co/Helsinki-NLP/opus-mt-tw-fi, https://github.com/Helsinki-NLP/OPUS-MT-train/blob/master/models/tw-fi/README.md",opus-mt-tw-fi NMT model.,False
opus-mt-tw-fr,Helsinki-NLP/opus-mt-tw-fr,tw,fr,,,"https://huggingface.co/Helsinki-NLP/opus-mt-tw-fr, https://github.com/Helsinki-NLP/OPUS-MT-train/blob/master/models/tw-fr/README.md",opus-mt-tw-fr NMT model.,False
opus-mt-tw-sv,Helsinki-NLP/opus-mt-tw-sv,tw,sv,,,"https://huggingface.co/Helsinki-NLP/opus-mt-tw-sv, https://github.com/Helsinki-NLP/OPUS-MT-train/blob/master/models/tw-sv/README.md",opus-mt-tw-sv NMT model.,False
opus-mt-ty-es,Helsinki-NLP/opus-mt-ty-es,ty,es,,,"https://huggingface.co/Helsinki-NLP/opus-mt-ty-es, https://github.com/Helsinki-NLP/OPUS-MT-train/blob/master/models/ty-es/README.md",opus-mt-ty-es NMT model.,False
opus-mt-ty-fi,Helsinki-NLP/opus-mt-ty-fi,ty,fi,,,"https://huggingface.co/Helsinki-NLP/opus-mt-ty-fi, https://github.com/Helsinki-NLP/OPUS-MT-train/blob/master/models/ty-fi/README.md",opus-mt-ty-fi NMT model.,False
opus-mt-ty-fr,Helsinki-NLP/opus-mt-ty-fr,ty,fr,,,"https://huggingface.co/Helsinki-NLP/opus-mt-ty-fr, https://github.com/Helsinki-NLP/OPUS-MT-train/blob/master/models/ty-fr/README.md",opus-mt-ty-fr NMT model.,False
opus-mt-ty-sv,Helsinki-NLP/opus-mt-ty-sv,ty,sv,,,"https://huggingface.co/Helsinki-NLP/opus-mt-ty-sv, https://github.com/Helsinki-NLP/OPUS-MT-train/blob/master/models/ty-sv/README.md",opus-mt-ty-sv NMT model.,False
opus-mt-tzo-es,Helsinki-NLP/opus-mt-tzo-es,tzo,es,,,"https://huggingface.co/Helsinki-NLP/opus-mt-tzo-es, https://github.com/Helsinki-NLP/OPUS-MT-train/blob/master/models/tzo-es/README.md",opus-mt-tzo-es NMT model.,False
opus-mt-uk-bg,Helsinki-NLP/opus-mt-uk-bg,ukr,bul,,,"https://huggingface.co/Helsinki-NLP/opus-mt-uk-bg, https://github.com/Helsinki-NLP/Tatoeba-Challenge/tree/master/models/ukr-bul/README.md","ukr-bul, source group: Ukrainian, target group: Bulgarian NMT model.",False
opus-mt-uk-ca,Helsinki-NLP/opus-mt-uk-ca,ukr,cat,,,"https://huggingface.co/Helsinki-NLP/opus-mt-uk-ca, https://github.com/Helsinki-NLP/Tatoeba-Challenge/tree/master/models/ukr-cat/README.md","ukr-cat, source group: Ukrainian, target group: Catalan NMT model.",False
opus-mt-uk-cs,Helsinki-NLP/opus-mt-uk-cs,ukr,ces,,,"https://huggingface.co/Helsinki-NLP/opus-mt-uk-cs, https://github.com/Helsinki-NLP/Tatoeba-Challenge/tree/master/models/ukr-ces/README.md","ukr-ces, source group: Ukrainian, target group: Czech NMT model.",False
opus-mt-uk-de,Helsinki-NLP/opus-mt-uk-de,ukr,deu,,,"https://huggingface.co/Helsinki-NLP/opus-mt-uk-de, https://github.com/Helsinki-NLP/Tatoeba-Challenge/tree/master/models/ukr-deu/README.md","ukr-deu, source group: Ukrainian, target group: German NMT model.",False
opus-mt-uk-en,Helsinki-NLP/opus-mt-uk-en,uk,en,,,"https://huggingface.co/Helsinki-NLP/opus-mt-uk-en, https://github.com/Helsinki-NLP/OPUS-MT-train/blob/master/models/uk-en/README.md",opus-mt-uk-en NMT model.,False
opus-mt-uk-es,Helsinki-NLP/opus-mt-uk-es,uk,es,,,"https://huggingface.co/Helsinki-NLP/opus-mt-uk-es, https://github.com/Helsinki-NLP/OPUS-MT-train/blob/master/models/uk-es/README.md",opus-mt-uk-es NMT model.,False
opus-mt-uk-fi,Helsinki-NLP/opus-mt-uk-fi,uk,fi,,,"https://huggingface.co/Helsinki-NLP/opus-mt-uk-fi, https://github.com/Helsinki-NLP/OPUS-MT-train/blob/master/models/uk-fi/README.md",opus-mt-uk-fi NMT model.,False
opus-mt-uk-fr,Helsinki-NLP/opus-mt-uk-fr,uk,fr,,,"https://huggingface.co/Helsinki-NLP/opus-mt-uk-fr, https://github.com/Helsinki-NLP/OPUS-MT-train/blob/master/models/uk-fr/README.md",opus-mt-uk-fr NMT model.,False
opus-mt-uk-he,Helsinki-NLP/opus-mt-uk-he,ukr,heb,,,"https://huggingface.co/Helsinki-NLP/opus-mt-uk-he, https://github.com/Helsinki-NLP/Tatoeba-Challenge/tree/master/models/ukr-heb/README.md","ukr-heb, source group: Ukrainian, target group: Hebrew NMT model.",False
opus-mt-uk-hu,Helsinki-NLP/opus-mt-uk-hu,ukr,hun,,,"https://huggingface.co/Helsinki-NLP/opus-mt-uk-hu, https://github.com/Helsinki-NLP/Tatoeba-Challenge/tree/master/models/ukr-hun/README.md","ukr-hun, source group: Ukrainian, target group: Hungarian NMT model.",False
opus-mt-uk-it,Helsinki-NLP/opus-mt-uk-it,ukr,ita,,,"https://huggingface.co/Helsinki-NLP/opus-mt-uk-it, https://github.com/Helsinki-NLP/Tatoeba-Challenge/tree/master/models/ukr-ita/README.md","ukr-ita, source group: Ukrainian, target group: Italian NMT model.",False
opus-mt-uk-nl,Helsinki-NLP/opus-mt-uk-nl,ukr,nld,,,"https://huggingface.co/Helsinki-NLP/opus-mt-uk-nl, https://github.com/Helsinki-NLP/Tatoeba-Challenge/tree/master/models/ukr-nld/README.md","ukr-nld, source group: Ukrainian, target group: Dutch NMT model.",False
opus-mt-uk-no,Helsinki-NLP/opus-mt-uk-no,ukr,nob,,,"https://huggingface.co/Helsinki-NLP/opus-mt-uk-no, https://github.com/Helsinki-NLP/Tatoeba-Challenge/tree/master/models/ukr-nor/README.md","ukr-nor, source group: Ukrainian, target group: Norwegian NMT model.",False
opus-mt-uk-pl,Helsinki-NLP/opus-mt-uk-pl,ukr,pol,,,"https://huggingface.co/Helsinki-NLP/opus-mt-uk-pl, https://github.com/Helsinki-NLP/Tatoeba-Challenge/tree/master/models/ukr-pol/README.md","ukr-pol, source group: Ukrainian, target group: Polish NMT model.",False
opus-mt-uk-pt,Helsinki-NLP/opus-mt-uk-pt,ukr,por,,,"https://huggingface.co/Helsinki-NLP/opus-mt-uk-pt, https://github.com/Helsinki-NLP/Tatoeba-Challenge/tree/master/models/ukr-por/README.md","ukr-por, source group: Ukrainian, target group: Portuguese NMT model.",False
opus-mt-uk-ru,Helsinki-NLP/opus-mt-uk-ru,ukr,rus,,,"https://huggingface.co/Helsinki-NLP/opus-mt-uk-ru, https://github.com/Helsinki-NLP/Tatoeba-Challenge/tree/master/models/ukr-rus/README.md","ukr-rus, source group: Ukrainian, target group: Russian NMT model.",False
opus-mt-uk-sh,Helsinki-NLP/opus-mt-uk-sh,ukr,hrv srp_Cyrl srp_Latn,,,"https://huggingface.co/Helsinki-NLP/opus-mt-uk-sh, https://github.com/Helsinki-NLP/Tatoeba-Challenge/tree/master/models/ukr-hbs/README.md","ukr-hbs, source group: Ukrainian, target group: Serbo-Croatian NMT model.",True
opus-mt-uk-sl,Helsinki-NLP/opus-mt-uk-sl,ukr,slv,,,"https://huggingface.co/Helsinki-NLP/opus-mt-uk-sl, https://github.com/Helsinki-NLP/Tatoeba-Challenge/tree/master/models/ukr-slv/README.md","ukr-slv, source group: Ukrainian, target group: Slovenian NMT model.",False
opus-mt-uk-sv,Helsinki-NLP/opus-mt-uk-sv,uk,sv,,,"https://huggingface.co/Helsinki-NLP/opus-mt-uk-sv, https://github.com/Helsinki-NLP/OPUS-MT-train/blob/master/models/uk-sv/README.md",opus-mt-uk-sv NMT model.,False
opus-mt-uk-tr,Helsinki-NLP/opus-mt-uk-tr,ukr,tur,,,"https://huggingface.co/Helsinki-NLP/opus-mt-uk-tr, https://github.com/Helsinki-NLP/Tatoeba-Challenge/tree/master/models/ukr-tur/README.md","ukr-tur, source group: Ukrainian, target group: Turkish NMT model.",False
opus-mt-umb-en,Helsinki-NLP/opus-mt-umb-en,umb,en,,,"https://huggingface.co/Helsinki-NLP/opus-mt-umb-en, https://github.com/Helsinki-NLP/OPUS-MT-train/blob/master/models/umb-en/README.md",opus-mt-umb-en NMT model.,False
opus-mt-ur-en,Helsinki-NLP/opus-mt-ur-en,urd,eng,,,"https://huggingface.co/Helsinki-NLP/opus-mt-ur-en, https://github.com/Helsinki-NLP/Tatoeba-Challenge/tree/master/models/urd-eng/README.md","urd-eng, source group: Urdu, target group: English NMT model.",False
opus-mt-urj-en,Helsinki-NLP/opus-mt-urj-en,est fin fkv_Latn hun izh kpv krl liv_Latn mdf mhr myv sma sme udm vro,eng,,,"https://huggingface.co/Helsinki-NLP/opus-mt-urj-en, https://github.com/Helsinki-NLP/Tatoeba-Challenge/tree/master/models/urj-eng/README.md","urj-eng, source group: Uralic languages, target group: English NMT model.",False
opus-mt-urj-urj,Helsinki-NLP/opus-mt-urj-urj,est fin fkv_Latn hun izh krl liv_Latn vep vro,est fin fkv_Latn hun izh krl liv_Latn vep vro,,,"https://huggingface.co/Helsinki-NLP/opus-mt-urj-urj, https://github.com/Helsinki-NLP/Tatoeba-Challenge/tree/master/models/urj-urj/README.md","urj-urj, source group: Uralic languages, target group: Uralic languages NMT model.",True
opus-mt-ve-en,Helsinki-NLP/opus-mt-ve-en,ve,en,,,"https://huggingface.co/Helsinki-NLP/opus-mt-ve-en, https://github.com/Helsinki-NLP/OPUS-MT-train/blob/master/models/ve-en/README.md",opus-mt-ve-en NMT model.,False
opus-mt-ve-es,Helsinki-NLP/opus-mt-ve-es,ve,es,,,"https://huggingface.co/Helsinki-NLP/opus-mt-ve-es, https://github.com/Helsinki-NLP/OPUS-MT-train/blob/master/models/ve-es/README.md",opus-mt-ve-es NMT model.,False
opus-mt-vi-de,Helsinki-NLP/opus-mt-vi-de,vie,deu,,,"https://huggingface.co/Helsinki-NLP/opus-mt-vi-de, https://github.com/Helsinki-NLP/Tatoeba-Challenge/tree/master/models/vie-deu/README.md","vie-deu, source group: Vietnamese, target group: German NMT model.",False
opus-mt-vi-en,Helsinki-NLP/opus-mt-vi-en,vie vie_Hani,eng,,,"https://huggingface.co/Helsinki-NLP/opus-mt-vi-en, https://github.com/Helsinki-NLP/Tatoeba-Challenge/tree/master/models/vie-eng/README.md","vie-eng, source group: Vietnamese, target group: English NMT model.",False
opus-mt-vi-eo,Helsinki-NLP/opus-mt-vi-eo,vie,epo,,,"https://huggingface.co/Helsinki-NLP/opus-mt-vi-eo, https://github.com/Helsinki-NLP/Tatoeba-Challenge/tree/master/models/vie-epo/README.md","vie-epo, source group: Vietnamese, target group: Esperanto NMT model.",False
opus-mt-vi-es,Helsinki-NLP/opus-mt-vi-es,vie,spa,,,"https://huggingface.co/Helsinki-NLP/opus-mt-vi-es, https://github.com/Helsinki-NLP/Tatoeba-Challenge/tree/master/models/vie-spa/README.md","vie-spa, source group: Vietnamese, target group: Spanish NMT model.",False
opus-mt-vi-fr,Helsinki-NLP/opus-mt-vi-fr,vie,fra,,,"https://huggingface.co/Helsinki-NLP/opus-mt-vi-fr, https://github.com/Helsinki-NLP/Tatoeba-Challenge/tree/master/models/vie-fra/README.md","vie-fra, source group: Vietnamese, target group: French NMT model.",False
opus-mt-vi-it,Helsinki-NLP/opus-mt-vi-it,vie,ita,,,"https://huggingface.co/Helsinki-NLP/opus-mt-vi-it, https://github.com/Helsinki-NLP/Tatoeba-Challenge/tree/master/models/vie-ita/README.md","vie-ita, source group: Vietnamese, target group: Italian NMT model.",False
opus-mt-vi-ru,Helsinki-NLP/opus-mt-vi-ru,vie,rus,,,"https://huggingface.co/Helsinki-NLP/opus-mt-vi-ru, https://github.com/Helsinki-NLP/Tatoeba-Challenge/tree/master/models/vie-rus/README.md","vie-rus, source group: Vietnamese, target group: Russian NMT model.",False
opus-mt-vsl-es,Helsinki-NLP/opus-mt-vsl-es,vsl,es,,,"https://huggingface.co/Helsinki-NLP/opus-mt-vsl-es, https://github.com/Helsinki-NLP/OPUS-MT-train/blob/master/models/vsl-es/README.md",opus-mt-vsl-es NMT model.,False
opus-mt-wa-en,Helsinki-NLP/opus-mt-wa-en,wa,en,,,"https://huggingface.co/Helsinki-NLP/opus-mt-wa-en, https://github.com/Helsinki-NLP/OPUS-MT-train/blob/master/models/wa-en/README.md",opus-mt-wa-en NMT model.,False
opus-mt-wal-en,Helsinki-NLP/opus-mt-wal-en,wal,en,,,"https://huggingface.co/Helsinki-NLP/opus-mt-wal-en, https://github.com/Helsinki-NLP/OPUS-MT-train/blob/master/models/wal-en/README.md",opus-mt-wal-en NMT model.,False
opus-mt-war-en,Helsinki-NLP/opus-mt-war-en,war,eng,,,"https://huggingface.co/Helsinki-NLP/opus-mt-war-en, https://github.com/Helsinki-NLP/Tatoeba-Challenge/tree/master/models/war-eng/README.md","war-eng, source group: Waray (Philippines), target group: English NMT model.",False
opus-mt-war-es,Helsinki-NLP/opus-mt-war-es,war,es,,,"https://huggingface.co/Helsinki-NLP/opus-mt-war-es, https://github.com/Helsinki-NLP/OPUS-MT-train/blob/master/models/war-es/README.md",opus-mt-war-es NMT model.,False
opus-mt-war-fi,Helsinki-NLP/opus-mt-war-fi,war,fi,,,"https://huggingface.co/Helsinki-NLP/opus-mt-war-fi, https://github.com/Helsinki-NLP/OPUS-MT-train/blob/master/models/war-fi/README.md",opus-mt-war-fi NMT model.,False
opus-mt-war-fr,Helsinki-NLP/opus-mt-war-fr,war,fr,,,"https://huggingface.co/Helsinki-NLP/opus-mt-war-fr, https://github.com/Helsinki-NLP/OPUS-MT-train/blob/master/models/war-fr/README.md",opus-mt-war-fr NMT model.,False
opus-mt-war-sv,Helsinki-NLP/opus-mt-war-sv,war,sv,,,"https://huggingface.co/Helsinki-NLP/opus-mt-war-sv, https://github.com/Helsinki-NLP/OPUS-MT-train/blob/master/models/war-sv/README.md",opus-mt-war-sv NMT model.,False
opus-mt-wls-en,Helsinki-NLP/opus-mt-wls-en,wls,en,,,"https://huggingface.co/Helsinki-NLP/opus-mt-wls-en, https://github.com/Helsinki-NLP/OPUS-MT-train/blob/master/models/wls-en/README.md",opus-mt-wls-en NMT model.,False
opus-mt-wls-fr,Helsinki-NLP/opus-mt-wls-fr,wls,fr,,,"https://huggingface.co/Helsinki-NLP/opus-mt-wls-fr, https://github.com/Helsinki-NLP/OPUS-MT-train/blob/master/models/wls-fr/README.md",opus-mt-wls-fr NMT model.,False
opus-mt-wls-sv,Helsinki-NLP/opus-mt-wls-sv,wls,sv,,,"https://huggingface.co/Helsinki-NLP/opus-mt-wls-sv, https://github.com/Helsinki-NLP/OPUS-MT-train/blob/master/models/wls-sv/README.md",opus-mt-wls-sv NMT model.,False
opus-mt-xh-en,Helsinki-NLP/opus-mt-xh-en,xh,en,,,"https://huggingface.co/Helsinki-NLP/opus-mt-xh-en, https://github.com/Helsinki-NLP/OPUS-MT-train/blob/master/models/xh-en/README.md",opus-mt-xh-en NMT model.,False
opus-mt-xh-es,Helsinki-NLP/opus-mt-xh-es,xh,es,,,"https://huggingface.co/Helsinki-NLP/opus-mt-xh-es, https://github.com/Helsinki-NLP/OPUS-MT-train/blob/master/models/xh-es/README.md",opus-mt-xh-es NMT model.,False
opus-mt-xh-fr,Helsinki-NLP/opus-mt-xh-fr,xh,fr,,,"https://huggingface.co/Helsinki-NLP/opus-mt-xh-fr, https://github.com/Helsinki-NLP/OPUS-MT-train/blob/master/models/xh-fr/README.md",opus-mt-xh-fr NMT model.,False
opus-mt-xh-sv,Helsinki-NLP/opus-mt-xh-sv,xh,sv,,,"https://huggingface.co/Helsinki-NLP/opus-mt-xh-sv, https://github.com/Helsinki-NLP/OPUS-MT-train/blob/master/models/xh-sv/README.md",opus-mt-xh-sv NMT model.,False
opus-mt-yap-en,Helsinki-NLP/opus-mt-yap-en,yap,en,,,"https://huggingface.co/Helsinki-NLP/opus-mt-yap-en, https://github.com/Helsinki-NLP/OPUS-MT-train/blob/master/models/yap-en/README.md",opus-mt-yap-en NMT model.,False
opus-mt-yap-fr,Helsinki-NLP/opus-mt-yap-fr,yap,fr,,,"https://huggingface.co/Helsinki-NLP/opus-mt-yap-fr, https://github.com/Helsinki-NLP/OPUS-MT-train/blob/master/models/yap-fr/README.md",opus-mt-yap-fr NMT model.,False
opus-mt-yap-sv,Helsinki-NLP/opus-mt-yap-sv,yap,sv,,,"https://huggingface.co/Helsinki-NLP/opus-mt-yap-sv, https://github.com/Helsinki-NLP/OPUS-MT-train/blob/master/models/yap-sv/README.md",opus-mt-yap-sv NMT model.,False
opus-mt-yo-en,Helsinki-NLP/opus-mt-yo-en,yo,en,,,"https://huggingface.co/Helsinki-NLP/opus-mt-yo-en, https://github.com/Helsinki-NLP/OPUS-MT-train/blob/master/models/yo-en/README.md",opus-mt-yo-en NMT model.,False
opus-mt-yo-es,Helsinki-NLP/opus-mt-yo-es,yo,es,,,"https://huggingface.co/Helsinki-NLP/opus-mt-yo-es, https://github.com/Helsinki-NLP/OPUS-MT-train/blob/master/models/yo-es/README.md",opus-mt-yo-es NMT model.,False
opus-mt-yo-fi,Helsinki-NLP/opus-mt-yo-fi,yo,fi,,,"https://huggingface.co/Helsinki-NLP/opus-mt-yo-fi, https://github.com/Helsinki-NLP/OPUS-MT-train/blob/master/models/yo-fi/README.md",opus-mt-yo-fi NMT model.,False
opus-mt-yo-fr,Helsinki-NLP/opus-mt-yo-fr,yo,fr,,,"https://huggingface.co/Helsinki-NLP/opus-mt-yo-fr, https://github.com/Helsinki-NLP/OPUS-MT-train/blob/master/models/yo-fr/README.md",opus-mt-yo-fr NMT model.,False
opus-mt-yo-sv,Helsinki-NLP/opus-mt-yo-sv,yo,sv,,,"https://huggingface.co/Helsinki-NLP/opus-mt-yo-sv, https://github.com/Helsinki-NLP/OPUS-MT-train/blob/master/models/yo-sv/README.md",opus-mt-yo-sv NMT model.,False
opus-mt-zai-es,Helsinki-NLP/opus-mt-zai-es,zai,es,,,"https://huggingface.co/Helsinki-NLP/opus-mt-zai-es, https://github.com/Helsinki-NLP/OPUS-MT-train/blob/master/models/zai-es/README.md",opus-mt-zai-es NMT model.,False
opus-mt-zh-bg,Helsinki-NLP/opus-mt-zh-bg,cmn cmn_Hans cmn_Hant zho zho_Hans zho_Hant,bul,,,"https://huggingface.co/Helsinki-NLP/opus-mt-zh-bg, https://github.com/Helsinki-NLP/Tatoeba-Challenge/tree/master/models/zho-bul/README.md","zho-bul, source group: Chinese, target group: Bulgarian NMT model.",False
opus-mt-zh-de,Helsinki-NLP/opus-mt-zh-de,cmn cmn_Bopo cmn_Hang cmn_Hani cmn_Hira cmn_Kana cmn_Latn lzh_Hani wuu_Hani yue_Hani,deu,,,"https://huggingface.co/Helsinki-NLP/opus-mt-zh-de, https://github.com/Helsinki-NLP/Tatoeba-Challenge/tree/master/models/zho-deu/README.md","zho-deu, source group: Chinese, target group: German NMT model.",False
opus-mt-zh-en,Helsinki-NLP/opus-mt-zh-en,cjy_Hans cjy_Hant cmn cmn_Hans cmn_Hant gan lzh lzh_Hans nan wuu yue yue_Hans yue_Hant,eng,,,"https://huggingface.co/Helsinki-NLP/opus-mt-zh-en, https://github.com/Helsinki-NLP/Tatoeba-Challenge/tree/master/models/zho-eng/README.md",This model can be used for translation and text-to-text generation.,False
opus-mt-zh-fi,Helsinki-NLP/opus-mt-zh-fi,cmn_Bopo cmn_Hani cmn_Latn nan_Hani yue yue_Hani,fin,,,"https://huggingface.co/Helsinki-NLP/opus-mt-zh-fi, https://github.com/Helsinki-NLP/Tatoeba-Challenge/tree/master/models/zho-fin/README.md","zho-fin, source group: Chinese, target group: Finnish NMT model.",False
opus-mt-zh-he,Helsinki-NLP/opus-mt-zh-he,cmn cmn_Bopo cmn_Hang cmn_Hani cmn_Hira cmn_Kana cmn_Latn cmn_Yiii lzh lzh_Bopo lzh_Hang lzh_Hani lzh_Hira lzh_Kana lzh_Yiii,heb,,,"https://huggingface.co/Helsinki-NLP/opus-mt-zh-he, https://github.com/Helsinki-NLP/Tatoeba-Challenge/tree/master/models/zho-heb/README.md","zho-heb, source group: Chinese, target group: Hebrew NMT model.",False
opus-mt-zh-it,Helsinki-NLP/opus-mt-zh-it,cmn cmn_Bopo cmn_Hang cmn_Hani cmn_Hira cmn_Kana cmn_Latn lzh lzh_Hang lzh_Hani lzh_Hira lzh_Yiii wuu_Bopo wuu_Hani wuu_Latn yue_Hani,ita,,,"https://huggingface.co/Helsinki-NLP/opus-mt-zh-it, https://github.com/Helsinki-NLP/Tatoeba-Challenge/tree/master/models/zho-ita/README.md","zho-ita, source group: Chinese, target group: Italian NMT model.",False
opus-mt-zh-ms,Helsinki-NLP/opus-mt-zh-ms,cmn_Bopo cmn_Hani cmn_Latn hak_Hani yue_Bopo yue_Hani,ind zsm_Latn,,,"https://huggingface.co/Helsinki-NLP/opus-mt-zh-ms, https://github.com/Helsinki-NLP/Tatoeba-Challenge/tree/master/models/zho-msa/README.md","zho-msa, source group: Chinese, target group: Malay (macrolanguage) NMT model.",True
opus-mt-zh-nl,Helsinki-NLP/opus-mt-zh-nl,cmn cmn_Bopo cmn_Hani cmn_Hira cmn_Kana cmn_Latn,nld,,,"https://huggingface.co/Helsinki-NLP/opus-mt-zh-nl, https://github.com/Helsinki-NLP/Tatoeba-Challenge/tree/master/models/zho-nld/README.md","zho-nld, source group: Chinese, target group: Dutch NMT model.",False
opus-mt-zh-sv,Helsinki-NLP/opus-mt-zh-sv,cmn cmn_Bopo cmn_Hani cmn_Latn,swe,,,"https://huggingface.co/Helsinki-NLP/opus-mt-zh-sv, https://github.com/Helsinki-NLP/Tatoeba-Challenge/tree/master/models/zho-swe/README.md","zho-swe, source group: Chinese, target group: Swedish NMT model.",False
opus-mt-zh-uk,Helsinki-NLP/opus-mt-zh-uk,cmn cmn_Bopo cmn_Hang cmn_Hani cmn_Kana cmn_Latn cmn_Yiii yue_Bopo yue_Hang yue_Hani yue_Hira yue_Kana,ukr,,,"https://huggingface.co/Helsinki-NLP/opus-mt-zh-uk, https://github.com/Helsinki-NLP/Tatoeba-Challenge/tree/master/models/zho-ukr/README.md","zho-ukr, source group: Chinese, target group: Ukrainian NMT model.",False
opus-mt-zh-vi,Helsinki-NLP/opus-mt-zh-vi,cmn_Hani cmn_Latn,vie,,,"https://huggingface.co/Helsinki-NLP/opus-mt-zh-vi, https://github.com/Helsinki-NLP/Tatoeba-Challenge/tree/master/models/zho-vie/README.md","zho-vie, source group: Chinese, target group: Vietnamese NMT model.",False
opus-mt-zle-en,Helsinki-NLP/opus-mt-zle-en,bel bel_Latn orv_Cyrl rue rus ukr,eng,,,"https://huggingface.co/Helsinki-NLP/opus-mt-zle-en, https://github.com/Helsinki-NLP/Tatoeba-Challenge/tree/master/models/zle-eng/README.md","zle-eng, source group: East Slavic languages, target group: English NMT model.",False
opus-mt-zle-zle,Helsinki-NLP/opus-mt-zle-zle,bel bel_Latn orv_Cyrl rus ukr,bel bel_Latn orv_Cyrl rus ukr,,,"https://huggingface.co/Helsinki-NLP/opus-mt-zle-zle, https://github.com/Helsinki-NLP/Tatoeba-Challenge/tree/master/models/zle-zle/README.md","zle-zle, source group: East Slavic languages, target group: East Slavic languages NMT model.",True
opus-mt-zls-en,Helsinki-NLP/opus-mt-zls-en,bos_Latn bul bul_Latn hrv mkd slv srp_Cyrl srp_Latn,eng,,,"https://huggingface.co/Helsinki-NLP/opus-mt-zls-en, https://github.com/Helsinki-NLP/Tatoeba-Challenge/tree/master/models/zls-eng/README.md","zls-eng, source group: South Slavic languages, target group: English NMT model.",False
opus-mt-zls-zls,Helsinki-NLP/opus-mt-zls-zls,bul mkd srp_Cyrl,bul mkd srp_Cyrl,,,"https://huggingface.co/Helsinki-NLP/opus-mt-zls-zls, https://github.com/Helsinki-NLP/Tatoeba-Challenge/tree/master/models/zls-zls/README.md","zls-zls, source group: South Slavic languages, target group: South Slavic languages NMT model.",True
opus-mt-zlw-en,Helsinki-NLP/opus-mt-zlw-en,ces csb_Latn dsb hsb pol,eng,,,"https://huggingface.co/Helsinki-NLP/opus-mt-zlw-en, https://github.com/Helsinki-NLP/Tatoeba-Challenge/tree/master/models/zlw-eng/README.md","zlw-eng, source group: West Slavic languages, target group: English NMT model.",False
opus-mt-zlw-fiu,Helsinki-NLP/opus-mt-zlw-fiu,dsb  cs  csb_Latn  hsb  pl  zlw,hu  vro  fi  liv_Latn  mdf  krl  fkv_Latn  mhr  et  sma  udm  vep  myv  kpv  se  izh  fiu,,,"https://huggingface.co/Helsinki-NLP/opus-mt-zlw-fiu, https://object.pouta.csc.fi/Tatoeba-MT-models/zlw-fiu/README.md","zlw-fiu, source language name: West Slavic languages, target language name: Finno-Ugrian languages NMT model.",True
opus-mt-zlw-zlw,Helsinki-NLP/opus-mt-zlw-zlw,ces dsb hsb pol,ces dsb hsb pol,,,"https://huggingface.co/Helsinki-NLP/opus-mt-zlw-zlw, https://github.com/Helsinki-NLP/Tatoeba-Challenge/tree/master/models/zlw-zlw/README.md","zlw-zlw, source group: West Slavic languages, target group: West Slavic languages NMT model.",True
opus-mt-zne-es,Helsinki-NLP/opus-mt-zne-es,zne,es,,,"https://huggingface.co/Helsinki-NLP/opus-mt-zne-es, https://github.com/Helsinki-NLP/OPUS-MT-train/blob/master/models/zne-es/README.md",opus-mt-zne-es NMT model.,False
opus-mt-zne-fi,Helsinki-NLP/opus-mt-zne-fi,zne,fi,,,"https://huggingface.co/Helsinki-NLP/opus-mt-zne-fi, https://github.com/Helsinki-NLP/OPUS-MT-train/blob/master/models/zne-fi/README.md",opus-mt-zne-fi NMT model.,False
opus-mt-zne-fr,Helsinki-NLP/opus-mt-zne-fr,zne,fr,,,"https://huggingface.co/Helsinki-NLP/opus-mt-zne-fr, https://github.com/Helsinki-NLP/OPUS-MT-train/blob/master/models/zne-fr/README.md",opus-mt-zne-fr NMT model.,False
opus-mt-zne-sv,Helsinki-NLP/opus-mt-zne-sv,zne,sv,,,"https://huggingface.co/Helsinki-NLP/opus-mt-zne-sv, https://github.com/Helsinki-NLP/OPUS-MT-train/blob/master/models/zne-sv/README.md",opus-mt-zne-sv NMT model.,False
